Category,Product Name,Price
price-drops,FOUR SEASONS French Fries,£1.25
price-drops,EMPORIUM Grated Mozzarella,£1.89
price-drops,THE DELI Green Sliced Jalapeños,£0.69
price-drops,FOUR SEASONS Homestyle Straight Cut Chips,£1.29
price-drops,CARLOS Garlic & Cheese Pizza Bread,£1.09
price-drops,FOUR SEASONS Alphabet Potato Letters,£0.79
price-drops,OAKHURST Breakfast Hash Browns 10 Pack,£1.49
price-drops,ASHFIELDS 100% British Ribeye Steak 30 Day Matured,£6.19
price-drops,ASHFIELDS 100% British Fillet Steak 28 Day Matured,£6.79
price-drops,ASHFIELDS Chicken Wings,£2.05
price-drops,BELMONT Milk Chocolate Seal Biscuit Bars 8 Pack,£0.99
price-drops,SPECIALLY SELECTED Pork Sausages 6 Pack,£2.29
price-drops,ASHFIELDS King of Steaks 12oz Thick Cut Sirloin Steak 30 Day Matured,£8.49
price-drops,SPECIALLY SELECTED Gluten Free Meringue Nests 8 Pack,£0.99
price-drops,ASHFIELDS British Pork Shoulder Steaks,£3.99
price-drops,ASHFIELDS British Extra Lean Turkey Mince 2% Fat,£3.99
price-drops,OAKHURST Slow Cooked BBQ Pulled Pork,£3.49
price-drops,THE JUICE COMPANY Apple Juice,£1.69
price-drops,SPECIALLY SELECTED Spicy Italian Salami & 'Nduja Wood Fired Sourdough Pizza,£3.49
price-drops,"SPECIALLY SELECTED Italian Ham, Portobello Mushroom & Mascapone Wood Fired Pizza",£3.49
price-drops,THE DELI Corned Beef 10 Slices,£2.35
price-drops,CARLOS Takeaway Mini Cheese & Garlic Pizza Bread,£0.99
price-drops,SPECIALLY SELECTED Mozzarella & Semi-Dried Cherry Tomato Wood Fired Pizza,£3.49
price-drops,ASHFIELDS Chicken Thigh Fillets,£4.39
price-drops,COWBELLE Fresh British Double Cream,£1.29
price-drops,COWBELLE UHT Semi Skimmed Milk,£0.95
price-drops,COWBELLE UHT Red Skimmed Milk,£0.95
price-drops,EMPORIUM Grated Mature Cheddar,£1.89
price-drops,COWBELLE Filtered British Semi Skimmed Milk,£1.69
price-drops,COWBELLE Filtered British Whole Milk,£1.69
price-drops,EMPORIUM Dewlay Cheesemakers Crumbly Lancashire Cheese,£1.75
price-drops,EMPORIUM Belton Farm Crumbly Cheshire Cheese,£1.75
price-drops,SPECIALLY SELECTED Pork Sausages 10 Pack,£3.49
price-drops,BELMONT Chocolate Chunk Cookies,£0.95
price-drops,SPECIALLY SELECTED 100% British Beef Wagyu Rump Steak,£7.49
price-drops,DOMINION Flix & Mix,£1.35
price-drops,TAURUS Dark Fruits 4 Pack,£2.99
price-drops,EVERYDAY ESSENTIALS Skimmed UHT Milk,£0.65
price-drops,EVERYDAY ESSENTIALS Semi Skimmed UHT Milk,£0.65
price-drops,BARON AMARILLO Spanish Rioja Blanco,£5.99
price-drops,GIANNI'S Mini Whirls Lollies 8 Pack,£1.99
price-drops,EMPORIUM Greek Feta,£1.49
price-drops,SPECIALLY SELECTED Barrel Aged Feta Cheese,£2.59
price-drops,ESTEVEZ Chilean Chardonnay,£4.69
price-drops,ASHFIELDS Large Whole Chicken,£4.69
price-drops,ASHFIELDS Medium Whole Chicken,£4.15
price-drops,ASHFIELDS Extra Large Whole Chicken,£5.39
price-drops,ASHFIELDS Thick Cut Big Daddy Rump Steak 30 Day Matured,£7.49
price-drops,GIANNI'S Tropico Exotic Fruit Lollies 3 Pack,£1.19
price-drops,PIERRE JAURANT Viognier,£5.49
price-drops,GIANNI'S Almond Mono Lolly,£1.79
price-drops,COSTELLORE Primitivo Rosato Puglia Rosé,£5.29
price-drops,GIANNI'S Milk Choc Ices 8 Pack,£1.49
price-drops,MAMIA Baby Pants Size 8,£2.79
price-drops,MAMIA Baby Pants Size 5,£3.09
price-drops,MAMIA Nappies Size 5 Jumbo,£4.89
price-drops,MAMIA Nappies Size 5+,£4.89
price-drops,MAMIA Nappies Size 4 Jumbo,£4.89
price-drops,SPECIALLY SELECTED Burrata 150g,£2.39
price-drops,BRAMWELLS Squeezy Salad Cream,£0.89
price-drops,BRAMWELLS Light Squeezy Salad Cream,£0.89
price-drops,EVERYDAY ESSENTIALS Classic Mozzarella,£0.65
price-drops,EVERYDAY ESSENTIALS Light Mozzarella,£0.65
price-drops,CHOCEUR White Chocolate Mini Tablets 5 Pack,£2.69
price-drops,CHOCEUR Smooth Praline Milk Chocolate Mini Tablets 5 Pack,£2.69
price-drops,CHOCEUR Milk Chocolate Mini Tablets 5 Pack,£2.69
price-drops,CHOCEUR Dark Chocolate Mini Tablets 5 Pack,£2.69
price-drops,GIANNI'S Strawberry & Vanilla Ice Cream Cones 4 Pack,£1.19
price-drops,GIANNI'S Chocolate & Hazelnuts Ice Cream Cones 4 Pack,£1.19
price-drops,SPECIALLY SELECTED 2 Step Madras Curry Sauce,£1.49
price-drops,SPECIALLY SELECTED 2 Step Jalfrezi Curry Sauce,£1.49
price-drops,SPECIALLY SELECTED 2 Step Balti Curry Sauce,£1.49
price-drops,SPECIALLY SELECTED 2 Step Rogan Josh Curry Sauce,£1.49
price-drops,SPECIALLY SELECTED Rich & Fragrant Earl Grey Speciality Tea Bags 50 Pack,£0.99
price-drops,SPECIALLY SELECTED Rich & Smooth English Breakfast Fine Tea 50 Pack,£0.99
price-drops,SPECIALLY SELECTED Strong & Satisfying Assam Fine Tea 50 Pack,£0.99
price-drops,SPECIALLY SELECTED Pesto Alla Genovese,£1.49
price-drops,SPECIALLY SELECTED Pesto Rosso,£1.49
price-drops,CARLOS Chicken & Mango Stonebaked Flatbread,£1.99
price-drops,CARLOS Mozzarella & Basil Stonebaked Flatbread,£1.99
price-drops,CARLOS Calabrese Salami Stonebaked Flatbread,£1.99
price-drops,ROOSTERS Chicken Goujons in Breadcrumbs,£1.49
price-drops,ROOSTERS Chicken Goujons in Southern Fried Breadcrumbs,£1.49
price-drops,ROOSTERS Battered Chicken Goujons,£1.49
price-drops,ROOSTERS Southern Fried Poppin' Chicken,£0.89
price-drops,ROOSTERS Battered Poppin' Chicken,£0.89
price-drops,SAVOUR BAKES Multigrain Crackers,£0.85
price-drops,SAVOUR BAKES Wheat Multigrain Crackers,£0.85
price-drops,SPECIALLY SELECTED Bramley Apple Pork Sausages 6 Pack,£2.29
price-drops,SPECIALLY SELECTED Caramelised Onion Pork Sausages 6 Pack,£2.29
price-drops,OAKHURST Smoked Bacon Lardons,£1.69
price-drops,OAKHURST Unsmoked Bacon Lardons,£1.69
price-drops,BELMONT Triple Chocolate Cookies,£0.95
price-drops,BELMONT White Chocolate Cookies,£0.95
price-drops,SPECIALLY SELECTED Lincolnshire Pork Sausages 6 Pack,£2.29
price-drops,SPECIALLY SELECTED Cumberland Pork Sausages 6 Pack,£2.29
price-drops,EVERYDAY ESSENTIALS White Chocolate 100g,£0.59
price-drops,EVERYDAY ESSENTIALS Milk Chocolate 100g,£0.59
price-drops,EAT & GO Smoked Salmon Sushi Snack,£0.99
price-drops,EAT & GO Vegetable Sushi Snack,£0.99
price-drops,THE DELI Sour Cream & Chive Dip,£0.95
price-drops,THE DELI Chunky Salsa Dip,£0.95
price-drops,THE DELI Chunky Guacamole Dip,£0.95
price-drops,THE DELI Reduced Fat Sour Cream & Chive Dip,£0.95
price-drops,SPECIALLY SELECTED Cheese & Caramelised Onion Rolls 4 Pack,£2.29
price-drops,SPECIALLY SELECTED Premium Pork Sausage Rolls 2 Pack,£2.29
price-drops,ASHFIELDS Ready To Eat Roast Chicken Thighs,£2.49
price-drops,THE DELI Red Pepper Houmous,£0.95
price-drops,THE DELI Moroccan Inspired Houmous,£0.95
price-drops,THE DELI Caramelised Onion Houmous,£0.95
price-drops,THE DELI Sweet Chilli Houmous,£0.95
price-drops,THE DELI Jalapeño Houmous,£0.95
price-drops,THE DELI Peri Peri Mayonnaise Dip,£0.95
price-drops,THE DELI Creamy Tzatziki Dip,£0.95
price-drops,THE DELI Cheese & Chive Dip,£0.95
price-drops,THE DELI Onion & Garlic Dip,£0.95
price-drops,THE DELI Garlic Aioli Dip,£0.95
price-drops,DOMINION Complimints Sugar Free Peppermint Mints,£0.89
price-drops,DOMINION Complimints Sugar Free Strong Mints,£0.89
price-drops,DOMINION Complimints Sugar Free Spearmint Mints,£0.89
price-drops,DOMINION Complimints Sugar Free Strawberry & Peach Flavour,£0.89
price-drops,DOMINION Sugar Free Creamy Butterscotch Sweets,£0.89
price-drops,DOMINION Sugar Free Rhubarb & Custard Sweets,£0.89
price-drops,DOMINION Sugar Free Creamy Strawberry Sweets,£0.89
price-drops,DOMINION Sugar Free Creamy Cappuccino Sweets,£0.89
price-drops,DOMINION Sugar Free Clear Fruits,£0.89
price-drops,DOMINION Sugar Free Clear Mints,£0.89
price-drops,THE DELI Roast Peppered Pork Loin Slices,£1.29
price-drops,THE DELI German Roast Pork Loin 5 Slices,£1.29
price-drops,DAIRYFINE Milk Chocolate Bubbly Bar,£0.99
price-drops,DAIRYFINE Mint Chocolate Bubbly Bar,£0.99
price-drops,DAIRYFINE Orange Chocolate Bubbly Bar,£0.99
price-drops,DAIRYFINE Caramel Chocolate Bubbly Bar,£0.99
price-drops,DOMINION Sugar Free Soft Foams,£0.99
price-drops,DOMINION Sugar Free Mini Gums,£0.99
price-drops,DOMINION Sugar Free Sweet Liquorice,£0.99
price-drops,DOMINION Sugar Free Jelly Bears,£0.99
price-drops,BROOKLEA Active Cherry Yogurt 4 Pack,£1.49
price-drops,BROOKLEA Active Rhubarb Yogurt 4 Pack,£1.49
price-drops,BROOKLEA Active Strawberry Yogurt 4 Pack,£1.49
price-drops,EMPORIUM Reduced Fat Soft Cheese Garlic & Herbs,£0.89
price-drops,EMPORIUM Reduced Fat Soft Cheese Lighter,£0.89
price-drops,EMPORIUM Grated Lighter Cheddar Cheese,£1.89
price-drops,EMPORIUM Grated Half Fat Cheddar Cheese,£1.89
price-drops,BROOKLEA Protein Strawberry Yogurt Pouch,£0.89
price-drops,BROOKLEA Protein Raspberry Yogurt Pouch,£0.89
price-drops,BROOKLEA Protein Peach & Passion Fruit Yogurt Pouch,£0.89
price-drops,EMPORIUM Dutch Emmental Cheese 16 Slices,£2.69
price-drops,EMPORIUM Dutch Maasdam Cheese 16 Slices,£2.69
price-drops,SPECIALLY SELECTED Chocolate Cake,£2.99
price-drops,SPECIALLY SELECTED Rigatoni Pasta Di Gragnano P.G.I.,£1.29
price-drops,SPECIALLY SELECTED Bucatini Pasta Di Gragnano P.G.I.,£1.29
price-drops,THE JUICE COMPANY Apple & Raspberry Vitamin Drink,£0.69
price-drops,THE JUICE COMPANY Apple & Elderflower Vitamin Drink,£0.69
price-drops,THE JUICE COMPANY Orange Mango & Passionfruit Vitamin Drink,£0.69
price-drops,EAT & GO Roast Chicken Snackers Mini Pack,£1.79
price-drops,EAT & GO Southern Fried Chicken Snackers Mini Pack,£1.79
price-drops,SNACKRITE Sour Cream & Onion Stackz,£1.19
price-drops,SNACKRITE Salt & Vinegar Stackz,£1.19
price-drops,ROOSTERS Peri Peri Chicken King Kebab,£5.29
price-drops,"ROOSTERS Chicken King Kebab, Greek",£5.29
price-drops,MAMIA Organic Strawberry & Banana Melty Stix,£0.79
price-drops,MAMIA Organic Sweetcorn & Carrot Melty Stix,£0.79
price-drops,SNACKRITE BBQ Beef Flavour Potato Hoops 6 Pack,£1.09
price-drops,SNACKRITE Salt & Vinegar Flavour Potato Hoops 6 Pack,£1.09
price-drops,SPECIALLY SELECTED Pork Chipolata Sausages 12 Pack,£2.29
price-drops,SPECIALLY SELECTED British Cumberland Pork Chipolatas 12 Pack,£2.29
price-drops,"CRESTWOOD Sausage, Bean & Cheese Bakes 2 Pack",£1.15
price-drops,CRESTWOOD Cheese & Onion Bakes 2 Pack,£1.15
price-drops,CRESTWOOD Katsu Bakes 2 Pack,£1.15
price-drops,ROOSTERS Breaded Chicken Steaks 6 Pack,£3.99
price-drops,ROOSTERS Southern Fried Chicken Steaks 6 Pack,£3.99
price-drops,HARVEST MORN Choco Rice Cereal Bars 6 Pack,£0.99
price-drops,HARVEST MORN Crisp Rice Cereal Bars 6 Pack,£0.99
price-drops,HARVEST MORN Cornflakes Cereal Bars 6 Pack,£0.99
price-drops,THE FISHMONGER Raw Jumbo King Prawns,£2.49
price-drops,THE FISHMONGER Cooked & Peeled Jumbo King Prawns,£2.49
price-drops,SPECIALLY SELECTED 100% British Beef Salt Dry Aged Aberdeen Angus 8oz Ribeye Steak,£6.79
price-drops,SPECIALLY SELECTED 100% Scotch Beef Salt Dry Aged Aberdeen Angus 8oz Ribeye Steak,£6.79
price-drops,ROOSTERS BBQ Cooked Chicken Wings,£2.79
price-drops,ROOSTERS Hot & Spicy Cooked Chicken Wings,£2.79
price-drops,GIANNI'S Classic Ice Creams,£1.79
price-drops,GIANNI'S White Chocolate Ice Creams,£1.79
price-drops,FOUR SEASONS Tinned Black Beans,£0.45
price-drops,FOUR SEASONS Tinned Lentils,£0.45
price-drops,GREYSON'S Cherry Gin,£12.99
price-drops,GREYSON'S Lemon Gin,£12.99
price-drops,SPECIALLY SELECTED Raspberry Conserve,£1.39
price-drops,SPECIALLY SELECTED Apricot Conserve,£1.39
price-drops,SPECIALLY SELECTED Blackcurrant Conserve,£1.39
price-drops,CHOCEUR Vanilla Freeze Me Bites,£1.99
price-drops,CHOCEUR Double Chocolate Freeze Me Bites,£1.99
price-drops,CHOCEUR Strawberry Freeze Me Bites,£1.99
price-drops,GIANNI'S Watermelon Tower 4 Pack,£1.79
price-drops,GIANNI'S Fruit Tower 4 Pack,£1.79
price-drops,THE FISHMONGER Salmon in Teriyaki Sauce,£3.99
price-drops,"THE FISHMONGER Salmon in Soy, Ginger & Lime Sauce",£3.99
price-drops,ASHFIELDS Chicken Wings BBQ & Buffalo,£2.79
price-drops,ASHFIELDS Lemon Herb & Peri Peri Chicken Wings,£2.79
price-drops,SOLESTA Olive Oil,£5.29
price-drops,EVERYDAY ESSENTIALS Dark Chocolate 100g,£0.59
price-drops,BROOKLEA Chocolate Flavour Protein Mousse,£1.15
price-drops,BROOKLEA Salted Caramel Flavour Protein Mousse,£1.15
price-drops,THE CHEESE EMPORIUM Full Fat Soft Cheese,£0.89
price-drops,BREWDOG Ald IPA 4 Pack,£4.49
price-drops,APERINI Aperini Spritz,£5.49
price-drops,TETLEY Original Tea Bags 240 Pack,£4.75
price-drops,TETLEY Decaf Tea Bags 160 Pack,£4.75
price-drops,SANA Incontinence Pants,£3.75
price-drops,ASHFIELD Ready To Eat Roast Chicken Drumsticks,£2.49
price-drops,"READY, SET…COOK! Tikka Masala Curry Paste",£1.39
price-drops,"READY, SET…COOK! Korma Curry Paste",£1.39
price-drops,WRIGLEY'S Extra Spearmint Sugarfree Chewing Gum,£1.99
price-drops,WRIGLEY'S Extra Peppermint Sugarfree Chewing Gum,£1.99
price-drops,WRIGLEY'S Extra White Bubblemint Chewing Gum,£1.99
price-drops,MCVITIE'S Gold Bars 7 Pack,£1.39
price-drops,"MCVITIE'S MCVITIE'S, McVities Club Orange/Go, Club Bar Orange",£1.39
price-drops,GRAHAM'S THE FAMILY DAIRY Strawberry Fruit Layered Cottage Cheese,£1.49
price-drops,GRAHAM'S THE FAMILY DAIRY Peach Fruit Layered Cottage Cheese,£1.49
fresh-food,TASTE OF AMERICA Deli Diner Thin Cut Steak Sandwich Kit,£5.99
fresh-food,ASHFIELDS XXL Sirloins,£14.99
fresh-food,ASHFIELDS Chicken Drum Fillets,£2.99
fresh-food,SPECIALLY SELECTED Cumberland Pork Sausages,£3.69
fresh-food,ASHFIELDS XXL Sirloin Steaks,£15.99
fresh-food,ASHFIELDS Hot Honey Pork Belly Slices,£5.99
fresh-food,SPECIALLY SELECTED XXL Caramelised Onion Sausages,£3.69
fresh-food,OAKHURST XXL Back Bacon Smoked,£3.29
fresh-food,OAKHURST XXL Back Bacon Unsmoked,£3.29
fresh-food,NATURE'S PICK Kiwis,£1.19
fresh-food,NATURE'S PICK Ripe & Ready Hass Avocados,£1.39
fresh-food,NATURE'S PICK Large Mango,£0.88
fresh-food,NATURE'S PICK Ripe & Ready Mangoes,£1.65
fresh-food,NATURE'S PICK Galia Melon,£1.39
fresh-food,NATURE'S PICK Watermelon,£1.99
fresh-food,NATURE'S PICK Red Grapefruit,£0.44
fresh-food,NATURE'S PICK Ginger,£0.99
fresh-food,NATURE'S PICK White Seedless Grapes,£1.89
fresh-food,NATURE'S PICK Seedless Red Grapes,£1.89
fresh-food,NATURE'S PICK Black Seedless Grapes,£1.89
fresh-food,SPECIALLY SELECTED Seedless Sable Grapes,£1.99
fresh-food,NATURE'S PICK Mixed Seedless Grapes,£1.89
fresh-food,EVERYDAY ESSENTIALS Wonky Easy Peelers,£1.19
fresh-food,NATURE'S PICK Oranges,£1.39
fresh-food,NATURE'S PICK Large Oranges,£1.89
fresh-food,NATURE'S PICK Bananas,£0.78
fresh-food,NATURE'S PICK Banana,£0.16
fresh-food,NATURE'S PICK Mini Bananas,£0.88
fresh-food,EVERYDAY ESSENTIALS Wonky Lemons,£0.89
fresh-food,NATURE'S PICK XL Ripe & Ready Avocado,£1.29
fresh-food,NATURE'S PICK Pink Lady Apples,£1.99
fresh-food,NATURE'S PICK Mini Easy Peelers,£0.95
fresh-food,SPECIALLY SELECTED Easy Peelers,£1.59
fresh-food,NATURE'S PICK Sweet Potatoes,£1.19
fresh-food,NATURE'S PICK Sweet Potato,£0.69
fresh-food,NATURE'S PICK Ripe & Ready Conference Pears,£1.85
fresh-food,NATURE'S PICK Cucumber,£0.99
fresh-food,ORGANIC Cucumber,£1.05
fresh-food,NATURE'S PICK Baby Cucumbers,£0.95
fresh-food,NATURE'S PICK Garlic,£0.87
fresh-food,NATURE'S PICK Red Pepper,£0.49
fresh-food,EVERYDAY ESSENTIALS Baby Plum Tomatoes,£0.75
fresh-food,EVERYDAY ESSENTIALS Wonky Mixed Peppers,£1.69
fresh-food,NATURE'S PICK Mixed Peppers,£1.79
fresh-food,NATURE'S PICK Sweet Peppers,£1.89
fresh-food,NATURE'S PICK Cherry Tomatoes,£0.89
fresh-food,NATURE'S PICK Vine Ripened Tomatoes,£0.95
fresh-food,NATURE'S PICK Salad Tomatoes,£0.99
fresh-food,NATURE'S PICK Blueberries,£1.59
fresh-food,EVERYDAY ESSENTIALS Wonky Blueberries,£1.19
fresh-food,NATURE'S PICK Cherries,£1.39
fresh-food,NATURE'S PICK Nectarines,£1.39
fresh-food,NATURE'S PICK Limes,£1.18
fresh-food,NATURE'S PICK Ripen at Home Plums,£1.09
fresh-food,NATURE'S PICK Asparagus Tips,£1.40
fresh-food,NATURE'S PICK Ripen at Home Mini Pears 5 Pack,£0.99
fresh-food,NATURE'S PICK Golden Delicious Apples,£1.59
fresh-food,NATURE'S PICK Granny Smith Apples,£1.59
fresh-food,NATURE'S PICK Jazz Apples,£2.19
fresh-food,THE FISHMONGER Smoked Salmon Slices,£4.49
fresh-food,NATURE'S PICK Plums,£1.99
fresh-food,NATURE'S PICK British Cauliflower,£1.19
fresh-food,NATURE'S PICK British Baby Potatoes,£1.05
fresh-food,NATURE'S PICK Baby Spinach,£1.09
fresh-food,NATURE'S PICK Baby Corn,£1.15
fresh-food,NATURE'S PICK Rocket & Baby Leaf Salad,£0.89
fresh-food,NATURE'S PICK Baking Potato,£0.24
fresh-food,NATURE'S PICK British Baking Potatoes,£1.99
fresh-food,NATURE'S PICK British Baking Potatoes,£0.79
fresh-food,NATURE'S PICK Cooked Beetroot,£0.75
fresh-food,NATURE'S PICK Bistro Salad,£0.89
fresh-food,NATURE'S PICK British Blackberries,£0.99
fresh-food,NATURE'S PICK Bramley Apple Each,£0.59
fresh-food,NATURE'S PICK Best of British Apples,£1.39
fresh-food,NATURE'S PICK British Broccoli,£0.79
fresh-food,NATURE'S PICK Brown Onions,£0.99
fresh-food,NATURE'S PICK Butternut Squash Each,£1.09
fresh-food,NATURE'S PICK British Baby Button Mushrooms,£0.95
fresh-food,NATURE'S PICK Washed & Ready to Cook Carrot Batons,£0.79
fresh-food,NATURE'S PICK Carrots,£0.69
fresh-food,NATURE'S PICK British Carrots,£0.44
fresh-food,NATURE'S PICK British Broccoli & Cauliflower Florets,£1.29
fresh-food,NATURE'S PICK Celery,£0.49
fresh-food,NATURE'S PICK Celery Sticks,£1.19
fresh-food,NATURE'S PICK British Chestnut Mushrooms,£0.99
fresh-food,NATURE'S PICK Chopped Iceberg Lettuce,£0.64
fresh-food,"NATURE'S PICK Apple, Pineapple & Grape",£0.99
fresh-food,NATURE'S PICK Courgettes,£1.39
fresh-food,NATURE'S PICK Crispy Leaf Salad,£0.85
fresh-food,EVERYDAY ESSENTIALS British Wonky Carrots,£0.79
fresh-food,EVERYDAY ESSENTIALS British Wonky Mushrooms,£1.69
fresh-food,EVERYDAY ESSENTIALS Scottish Wonky Potatoes,£1.49
fresh-food,EVERYDAY ESSENTIALS Wonky Strawberries,£1.19
fresh-food,NATURE'S PICK Extra Large Mild Onions,£1.49
fresh-food,NATURE'S PICK Green Beans,£0.85
fresh-food,NATURE'S PICK Iceberg Lettuce,£0.89
fresh-food,NATURE'S PICK Italian Style Salad,£0.79
fresh-food,NATURE'S PICK Jumbo Spring Onions,£0.89
fresh-food,NATURE'S PICK Large Brown Onions,£0.95
fresh-food,NATURE'S PICK British Large Flat Mushrooms,£0.89
fresh-food,NATURE'S PICK Large Red Onions,£0.95
fresh-food,NATURE'S PICK British Leeks,£1.37
fresh-food,NATURE'S PICK British Little Gem Lettuce 2 Pack,£0.49
fresh-food,NATURE'S PICK Maris Piper Potatoes,£2.25
fresh-food,NATURE'S PICK Ready to Roast Mediterranean Style Vegetables,£1.69
fresh-food,NATURE'S PICK British Mini Apples,£0.99
fresh-food,NATURE'S PICK British Miniature Potatoes,£0.75
fresh-food,ORGANIC Broccoli,£1.25
fresh-food,NATURE'S PICK British Parsnips,£0.74
fresh-food,NATURE'S PICK British Purple Sprouting Broccoli,£1.49
fresh-food,NATURE'S PICK British Radish,£0.56
fresh-food,NATURE'S PICK British Raspberries,£1.89
fresh-food,NATURE'S PICK Red Onions,£0.95
fresh-food,NATURE'S PICK British Red Potatoes,£1.95
fresh-food,ROOSTERS Red Rooster Potatoes,£1.99
fresh-food,NATURE'S PICK British Romaine Lettuce,£1.15
fresh-food,NATURE'S PICK British Royal Gala Apples,£1.59
fresh-food,SPECIALLY SELECTED Jersey Royal New Potatoes,£1.15
fresh-food,SPECIALLY SELECTED Piccolato Tomatoes,£1.49
fresh-food,SPECIALLY SELECTED British Grown Raspberries,£2.39
fresh-food,SPECIALLY SELECTED Regal Vine Tomatoes,£1.69
fresh-food,SPECIALLY SELECTED Mini San Marzano Tomatoes,£1.49
fresh-food,SPECIALLY SELECTED Strawberries,£2.85
fresh-food,NATURE'S PICK British Salad Potatoes,£1.19
fresh-food,NATURE'S PICK Savoy Cabbage,£0.79
fresh-food,NATURE'S PICK Scottish Shredded Kale,£0.89
fresh-food,NATURE'S PICK British Shredded Spring Greens,£1.49
fresh-food,NATURE'S PICK Sliced Mushrooms,£0.95
fresh-food,NATURE'S PICK Spring Onions,£0.49
fresh-food,NATURE'S PICK Strawberries,£0.99
fresh-food,NATURE'S PICK Strawberries,£1.99
fresh-food,NATURE'S PICK British Sugar Snap Peas,£1.19
fresh-food,NATURE'S PICK Swede,£0.62
fresh-food,NATURE'S PICK British Sweet Gem Lettuce,£0.95
fresh-food,NATURE'S PICK Sweet Leaf Salad,£0.75
fresh-food,NATURE'S PICK British Sweetcorn,£1.29
fresh-food,NATURE'S PICK Sweetheart Cabbage,£0.75
fresh-food,NATURE'S PICK British Tenderstem Broccoli,£1.45
fresh-food,NATURE'S PICK British Trimmed Brussel Sprouts,£1.19
fresh-food,NATURE'S PICK Washed & Ready to Cook Vegetable Medley,£1.69
fresh-food,NATURE'S PICK British Closed Cup Mushrooms,£1.29
fresh-food,NATURE'S PICK British White Potatoes,£1.65
fresh-food,NATURE'S PICK Wild Rocket,£0.69
fresh-food,NATURE'S PICK Watercress Spinach & Rocket Salad,£0.75
fresh-food,NATURE'S PICK British Baby Spinach,£1.59
fresh-food,ASHFIELDS British Skinny Beef Meatballs 5% Fat,£3.29
fresh-food,THE FISHMONGER Boneless Salmon Fillets 2 Pack,£3.59
fresh-food,THE FISHMONGER Boneless Cod Fillets 2 Pack,£4.99
fresh-food,ASHFIELDS British Sirloin Steak 21 Day Matured,£4.49
fresh-food,ASHFIELDS British Ribeye Steak 21 Day Matured,£4.59
fresh-food,ASHFIELDS British Rump Steak 21 Day Matured,£3.99
fresh-food,ASHFIELDS 100% British Sirloin Steak 30 Day Matured,£5.99
fresh-food,ASHFIELDS 100% British Ribeye Steak 30 Day Matured,£6.19
fresh-food,ASHFIELDS 100% British Fillet Steak 28 Day Matured,£6.79
fresh-food,ASHFIELDS British Beef Roasting Joint 30 Day Matured,£6.50/0.5 kg
fresh-food,ASHFIELDS Chicken Wings,£2.05
fresh-food,ASHFIELDS Chicken Breast Mini Fillets,£3.99
fresh-food,ASHFIELDS Chicken Legs,£2.25
fresh-food,ASHFIELDS Chicken Drumsticks,£2.15
fresh-food,ASHFIELDS Chicken Thighs,£2.99
fresh-food,ASHFIELDS British Pork Loin Steaks,£2.99
fresh-food,ASHFIELDS British Lean Pork Mince 5% Fat,£2.49
fresh-food,THE FISHMONGER Seafood Sticks 16 Pack,£0.99
fresh-food,"ASHFIELDS Roast in the Bag Pork, Sage & Onion Stuffed Whole Chicken",£5.59
fresh-food,ASHFIELDS 100% British Beef Brisket Joint,£6.45/0.5 kg
fresh-food,SPECIALLY SELECTED Free Range Corn Fed Whole Chicken,£2.63/0.5 kg
fresh-food,ASHFIELDS Chicken Breast Fillets,£4.69
fresh-food,ASHFIELDS Chicken Thigh Fillets,£5.39
fresh-food,ASHFIELDS British Lean Pork Loin Medallions,£3.69
fresh-food,THE FISHMONGER Cooked & Peeled Coldwater Prawns,£1.99
fresh-food,ASHFIELDS Diced Chicken Breast,£2.99
fresh-food,ASHFIELDS British Pork Crackling Leg Joint,£2.65/0.5 kg
fresh-food,ASHFIELDS British Beef Roasting Joint 21 Day Matured,£5.25/0.5 kg
fresh-food,EVERYDAY ESSENTIALS British Beef Steak 21 Day Matured,£3.49
fresh-food,ASHFIELDS British Pork Belly Slices,£3.39
fresh-food,ASHFIELDS British Pork Shoulder Joint,£1.90/0.5 kg
fresh-food,ASHFIELDS Chicken Breast Fillets 2 Pack,£2.29
fresh-food,THE FISHMONGER Cooked & Peeled King Prawns,£2.49
fresh-food,ASHFIELDS British Lean Pork Fillet,£3.48/0.5 kg
fresh-food,ASHFIELDS British Turkey Mince 7% Fat,£2.99
fresh-food,ASHFIELDS Chicken Breast Mini Fillets,£2.99
fresh-food,ASHFIELDS Chicken Breast Fillets,£12.29
fresh-food,SPECIALLY SELECTED Free Range Corn Fed Chicken Thigh Fillets,£3.09
fresh-food,SPECIALLY SELECTED Pork Sausages 6 Pack,£2.29
fresh-food,ASHFIELDS King of Steaks 12oz Thick Cut Sirloin Steak 30 Day Matured,£8.49
fresh-food,ASHFIELDS Beef and Pork Mince XXL,£5.69
fresh-food,ASHFIELDS British Pork Chops 4 Pack,£3.99
fresh-food,SPECIALLY SELECTED Skinless & Boneless Cod Loins 2 Pack,£5.49
fresh-food,ASHFIELDS British Pork Shoulder Steaks,£3.99
fresh-food,THE FISHMONGER Boneless Smoked Haddock Fillets 2 Pack,£4.49
fresh-food,ASHFIELDS British Pork Loin Joint,£2.90/0.5 kg
fresh-food,ASHFIELDS British Beef Quarter Pounders 4 Pack,£2.89
fresh-food,ASHFIELDS British Reduced Fat* Beef Quarter Pounders 5% Fat 4 Pack,£3.49
fresh-food,ASHFIELDS British Beef Meatballs 24 Pack,£4.99
fresh-food,SPECIALLY SELECTED The Ultimate Burger,£3.49
fresh-food,SPECIALLY SELECTED Skinny Pork Sausages 6 Pack,£2.29
fresh-food,ASHFIELDS British Turkey Breast Steaks 2% Fat,£3.59
fresh-food,ASHFIELDS British Extra Lean Turkey Mince 2% Fat,£3.99
fresh-food,OAKHURST Slow Cooked BBQ Pulled Pork,£3.49
fresh-food,ASHFIELDS Diced Chicken Breast,£3.99
fresh-food,ASHFIELDS Chicken Breast Fillets,£6.69
fresh-food,THE FISHMONGER Boneless Mediterranean Sea Bass Fillets 2 Pack,£3.79
fresh-food,OAKHURST Smoked Back Bacon 10 Pack,£1.49
fresh-food,OAKHURST Unsmoked Back Bacon 10 Pack,£1.49
fresh-food,OAKHURST Thick Cut Unsmoked Back Bacon 10 Pack,£1.79
fresh-food,OAKHURST Thick Cut Smoked Back Bacon 10 Pack,£1.79
fresh-food,NATURE'S PICK Asparagus Bundles,£2.15
fresh-food,ASHFIELDS Chicken Thigh Fillets,£4.39
fresh-food,EVERYDAY ESSENTIALS Wonky White Grapes,£1.37
fresh-food,EVERYDAY ESSENTIALS Pork Chops,£2.38/0.5 kg
fresh-food,ASHFIELDS 100% British Beef Fillet Steaks 28 Day Matured 2 Pack,£13.49
fresh-food,SPECIALLY SELECTED Free Range Chicken Fillets,£4.59
fresh-food,SPECIALLY SELECTED Pork Sausages 10 Pack,£3.49
fresh-food,NATURE'S PICK Honeydew Melon,£1.65
fresh-food,ASHFIELDS British Beef Meatballs 12 Pack,£2.99
fresh-food,SPECIALLY SELECTED Sweet Pointed Peppers,£1.49
fresh-food,SPECIALLY SELECTED 100% British Beef Wagyu Sirloin Steak,£8.99
fresh-food,SPECIALLY SELECTED 100% British Beef Wagyu Ribeye Steak,£9.49
fresh-food,SPECIALLY SELECTED 100% British Beef Wagyu Rump Steak,£7.49
fresh-food,SPECIALLY SELECTED 100% British Beef Wagyu Fillet Steak,£10.99
fresh-food,NATURE'S PICK Melon Medley,£1.69
fresh-food,ASHFIELDS XXL Pork Shoulder Steak,£5.69
fresh-food,NATURE'S PICK Mango Chunks,£2.19
fresh-food,EVERYDAY ESSENTIALS Wonky Apples,£0.99
fresh-food,NATURE'S PICK Mini Watermelon,£1.89
fresh-food,NATURE'S PICK Classic Salad,£0.75
fresh-food,NATURE'S PICK Sweet & Crispy,£0.99
fresh-food,NATURE'S PICK Caesar Salad Kit,£1.29
fresh-food,ASHFIELDS British Wagyu Beef Burgers,£3.99
fresh-food,NATURE'S PICK Coconut Each,£0.99
fresh-food,NATURE'S PICK Rainbow Salad,£0.99
fresh-food,SPECIALLY SELECTED Wagyu Quarter Pounder Burgers,£5.29
fresh-food,NATURE'S PICK Pak Choi,£1.29
fresh-food,THE FISHMONGER Smoked Salmon Slices,£2.49
fresh-food,ASHFIELDS Chicken Drum Fillets,£2.95
fresh-food,NATURE'S PICK Nectarines,£2.39
fresh-food,SPECIALLY SELECTED Piccolato Tomatoes,£2.49
fresh-food,OAKHURST Slow Cooked Chicken Shawarma with Tzatziki,£3.69
fresh-food,OAKHURST Slow Cooked BBQ Pork Spare Ribs,£4.99
fresh-food,THE FISHMONGER Boneless Salmon Fillets 4 Pack,£6.85
fresh-food,EVERYDAY ESSENTIALS Salmon Pieces,£2.85
fresh-food,NATURE'S PICK Watermelon Fans,£1.39
fresh-food,EVERYDAY ESSENTIALS Wonky Oranges,£0.99
fresh-food,OAKHURST Slow Cooked BBQ Pork Ribs,£4.99
fresh-food,NATURE'S PICK Blueberries,£2.55
fresh-food,SPECIALLY SELECTED Wild Caught Yellowfin Tuna Steak,£4.79
fresh-food,NATURE'S PICK Pineapple Chunks,£1.39
fresh-food,ASHFIELDS Smash Burgers 4 Pack,£2.89
fresh-food,EVERYDAY ESSENTIALS Wonky Blackberries,£1.79
fresh-food,"NATURE'S PICK Melon, Mango & Pineapple Fingers",£1.69
fresh-food,INSPIRED CUISINE Prepped Baby Potatoes,£0.89
fresh-food,INSPIRED CUISINE Crispy Potato Slices,£1.49
fresh-food,ASHFIELDS British Lean Beef Steak Mince 5% Fat,£2.69
fresh-food,ASHFIELDS British Lean Beef Steak Mince 5% Fat,£5.19
fresh-food,ASHFIELDS British Lean Beef Steak Mince 5% Fat,£7.15
fresh-food,ASHFIELDS British Beef Mince 10% Fat,£4.39
fresh-food,ASHFIELDS British Beef & Pork Mince,£4.49
fresh-food,ASHFIELDS British Beef Mince 20% Fat,£3.25
fresh-food,ASHFIELDS British Lamb Mince 20% Fat,£5.49
fresh-food,EVERYDAY ESSENTIALS Beef Mince 25% Fat,£3.09
fresh-food,ASHFIELDS British Pork Mince 12% Fat,£2.25
fresh-food,NATURE'S PICK House Salad,£0.62
fresh-food,OAKHURST Slow Cooked Lamb Shanks with Mint Gravy,£7.99
fresh-food,SPECIALLY SELECTED Ultimate Himalayan Salt Aged Salmon,£0.49
fresh-food,NATURE'S PICK Ripen at Home Conference Pears,£1.49
fresh-food,SPECIALLY SELECTED Jersey Royal New Potatoes,£2.19
fresh-food,NATURE'S PICK Pomegranate Seeds,£1.89
fresh-food,ASHFIELDS Large Whole Chicken,£4.69
fresh-food,ASHFIELDS Medium Whole Chicken,£4.15
fresh-food,ASHFIELDS Extra Large Whole Chicken,£5.39
fresh-food,"NATURE'S PICK Broccoli, Carrots, Baby Corn & Green Beans",£1.69
fresh-food,SPECIALLY SELECTED Cooked & Peeled Extra Large King Prawns,£2.99
fresh-food,ASHFIELDS Thick Cut Big Daddy Rump Steak 30 Day Matured,£7.49
fresh-food,NATURE'S PICK Loose Garlic,£0.45
fresh-food,OAKHURST Smoked Back Bacon 16 Pack,£2.39
fresh-food,NATURE'S PICK Blueberries,£3.99
fresh-food,SPECIALLY SELECTED Rich & Succulent Trout Fillets 2 Pack,£3.99
fresh-food,SPECIALLY SELECTED Wagyu Beef Kebabs,£3.79
fresh-food,NATURE'S PICK Seasonal Pears 1kg,£1.79
fresh-food,SPECIALLY SELECTED Extra Fine Beans 220g,£1.49
fresh-food,SPECIALLY SELECTED Premium Blueberries,£1.75
fresh-food,NATURE'S PICK Avocado,£1.45
fresh-food,NATURE'S PICK Easy Peelers,£1.49
fresh-food,NATURE'S PICK Baby Plum Tomatoes 500g,£1.35
fresh-food,NATURE'S PICK Avocado Medium,£0.69
fresh-food,ORGANIC Organic Fairtrade Bananas 6 Pack,£1.49
fresh-food,ASHFIELDS British Beef Mince 3% Fat,£5.39
fresh-food,NATURE'S PICK Sweet Baby Peppers,£1.69
fresh-food,SPECIALLY SELECTED Wagyu Smash Burger,£3.99
fresh-food,THE FISHMONGER Korean BBQ Infused Salmon Fillets,£6.99
fresh-food,ASHFIELDS Hot Dogs,£3.99
fresh-food,SPECIALLY SELECTED Dinky Dogs,£2.49
fresh-food,NATURE'S PICK Apple Snack Pack,£0.39
fresh-food,NATURE'S PICK Apple & Grape Snack Pack,£0.39
fresh-food,"NATURE'S PICK Peas, Cabbage & Tenderstem Broccoli",£1.99
fresh-food,NATURE'S PICK Mixed Chillies,£0.55
fresh-food,NATURE'S PICK Red Chillies,£0.55
fresh-food,NATURE'S PICK White Cabbage,£0.89
fresh-food,NATURE'S PICK Red Cabbage,£0.89
fresh-food,NATURE'S PICK British Shallots 400g,£0.99
fresh-food,NATURE'S PICK British Echalion Shallots 400g,£0.99
fresh-food,EVERYDAY ESSENTIALS Smoked Gammon Joint,£2.05/0.5 kg
fresh-food,EVERYDAY ESSENTIALS Unsmoked Gammon Joint Typically 1kg,£2.05/0.5 kg
fresh-food,SPECIALLY SELECTED 100% British Pork Dry Cured Smoked Back Bacon 8 Pack,£2.49
fresh-food,SPECIALLY SELECTED 100% British Pork Dry Cured Unsmoked Back Bacon 8 Pack,£2.49
fresh-food,ASHFIELDS Garlic & Herb Spatchcock Chicken,£4.49
fresh-food,ASHFIELDS Rotisserie Spatchcock Chicken,£4.49
fresh-food,THE FISHMONGER Cod Fishcakes 2 Pack,£1.65
fresh-food,THE FISHMONGER Salmon Fishcakes 2 Pack,£1.65
fresh-food,THE FISHMONGER Haddock Fishcakes 2 Pack,£1.65
fresh-food,OAKHURST Small Smoked Gammon Joint,£3.89
fresh-food,OAKHURST Small Unsmoked Gammon Joint,£3.89
fresh-food,EVERYDAY ESSENTIALS Smoked Back Bacon Rashers Family Pack,£4.69
fresh-food,EVERYDAY ESSENTIALS Unsmoked Back Bacon Rashers Family Pack,£4.69
fresh-food,SPECIALLY SELECTED Sweet Chilli Salmon Fishcakes 2 Pack,£2.29
fresh-food,"SPECIALLY SELECTED Gastro Cod, Haddock & Fishcakes",£2.29
fresh-food,SPECIALLY SELECTED Hake & Cheddar Fishcake,£2.29
fresh-food,SPECIALLY SELECTED Bramley Apple Pork Sausages 6 Pack,£2.29
fresh-food,SPECIALLY SELECTED Caramelised Onion Pork Sausages 6 Pack,£2.29
fresh-food,OAKHURST Smoked Gammon Steaks 2 Pack,£1.99
fresh-food,OAKHURST Unsmoked Gammon Steaks 2 Pack,£1.99
fresh-food,OAKHURST Large Smoked Gammon Joint,£6.59
fresh-food,OAKHURST Large Unsmoked Gammon Joint,£6.59
fresh-food,SPECIALLY SELECTED Mild & Delicate Smoked Salmon,£3.09
fresh-food,SPECIALLY SELECTED Strong & Robust Smoked Salmon,£3.09
fresh-food,SPECIALLY SELECTED Lightly Smoked Scottish Salmon Fillets 2 Pack,£4.29
fresh-food,SPECIALLY SELECTED Scottish Salmon Fillets 2 Pack,£4.29
fresh-food,ASHFIELDS Salt & Chilli Marinated Pork Belly Slices,£3.49
fresh-food,ASHFIELDS Korean Gochujang Marinated Pork Belly Slices,£3.49
fresh-food,OAKHURST Smoked Streaky Bacon 14 Pack,£2.29
fresh-food,OAKHURST Unsmoked Streaky Bacon 14 Pack,£2.29
fresh-food,THE FISHMONGER Hot Smoked Peppered Mackerel Fillets,£3.29
fresh-food,THE FISHMONGER Hot Smoked Mackerel Fillets,£3.29
fresh-food,THE FISHMONGER Hot Smoked Sweetcure Mackerel Fillets,£3.29
fresh-food,SPECIALLY SELECTED Sourdough Breaded Wild Garlic & Jersey Butter Chicken Kievs 2 Pack,£3.99
fresh-food,OAKHURST Smoked Bacon Lardons,£1.69
fresh-food,OAKHURST Unsmoked Bacon Lardons,£1.69
fresh-food,THE FISHMONGER Ready to Eat Sweet Chilli Marinated King Prawns,£2.79
fresh-food,"THE FISHMONGER Ready to Eat Garlic, Chilli & Coriander Marinated King Prawns",£2.79
fresh-food,THE FISHMONGER Ready to Eat Tomato & Basil Marinated King Prawns,£2.79
fresh-food,ASHFIELDS Cajun Marinated Chicken Sizzler,£4.99
fresh-food,OAKHURST Lean Smoked Bacon 8 Pack,£1.89
fresh-food,OAKHURST Lean Unsmoked Bacon 8 Pack,£1.89
fresh-food,THE FISHMONGER Cooked Mussels with Garlic & Butter,£2.19
fresh-food,THE FISHMONGER Cooked Scottish Mussels with White Wine Sauce,£2.19
fresh-food,SPECIALLY SELECTED Melt In The Middle Cod Fishcake with Parsley Sauce,£2.29
fresh-food,SPECIALLY SELECTED Melt In The Middle Smoked Haddock Fishcakes,£2.29
fresh-food,SPECIALLY SELECTED Melt In The Middle Cod & Pea Fishcakes 2 Pack,£2.29
fresh-food,"SPECIALLY SELECTED Melt in the Middle Haddock, Cod & Salmon Fishcakes",£2.29
fresh-food,ASHFIELDS Chinese Marinated Pork Loin Steaks,£2.99
fresh-food,ASHFIELDS Maple BBQ Marinated Pork Loin Steak,£2.99
fresh-food,SPECIALLY SELECTED Spicy 'n' Zingy Sweet Chilli Chicken Tenders,£3.49
fresh-food,SPECIALLY SELECTED Hot Honey Breaded Mini Tenders,£3.49
fresh-food,ASHFIELDS Mango & Coconut Marinated Chicken Breast Sizzlers,£3.49
fresh-food,EVERYDAY ESSENTIALS Smoked Streaky Bacon Rashers 12 Pack*,£1.25
fresh-food,EVERYDAY ESSENTIALS Unsmoked Streaky Bacon Rashers 12 Pack*,£1.25
fresh-food,EVERYDAY ESSENTIALS Smoked Back Bacon Rashers,£1.25
fresh-food,EVERYDAY ESSENTIALS Unsmoked Back Bacon Rashers,£1.25
fresh-food,SPECIALLY SELECTED Lincolnshire Pork Sausages 6 Pack,£2.29
fresh-food,SPECIALLY SELECTED Cumberland Pork Sausages 6 Pack,£2.29
fresh-food,OAKHURST Unsmoked Gammon Steaks 2 Pack,£2.99
fresh-food,ASHFIELDS Lean Chicken Mince 5% Fat,£2.59
fresh-food,ASHFIELDS Hoisin Pork Stir Fry Strips,£2.99
fresh-food,ASHFIELDS Smoky BBQ Pork Stir Fry Strips,£2.99
fresh-food,ASHFIELDS Teriyaki Boneless Pork Ribs,£3.49
fresh-food,ASHFIELDS Mexican Boneless Pork Ribs,£3.49
fresh-food,ASHFIELDS Tandoori Marinated Shoulder Steaks,£3.49
fresh-food,SPECIALLY SELECTED Smokey Pork Hot Dogs,£3.75
fresh-food,SPECIALLY SELECTED BBQ Hot Dogs,£3.75
fresh-food,THE FISHMONGER Red Thai Infused Salmon Fillets 2 Pack,£3.79
fresh-food,"THE FISHMONGER Ginger, Chilli & Lime Infused Salmon 2 Pack",£3.79
fresh-food,ASHFIELDS Sweet Chilli Chicken Breast Fillets 2 Pack,£2.99
fresh-food,ASHFIELDS Cajun Chicken Breast Fillets 2 Pack,£2.99
fresh-food,NATURE'S PICK Pea Shoot Salad,£0.85
fresh-food,NATURE'S PICK Butterhead Salad,£0.85
fresh-food,SPECIALLY SELECTED Caramelised Red Onion Burgers,£2.89
fresh-food,SPECIALLY SELECTED Mature Cheddar Beef Burgers,£2.89
fresh-food,ASHFIELDS 5% Fat BBQ Beef Kebabs 4 Pack,£3.49
fresh-food,ASHFIELDS 5% Fat Beef Kebabs 4 Pack,£3.49
fresh-food,ASHFIELDS Minted Lamb Shoulder Chops,£5.99
fresh-food,ASHFIELDS 30 Day Matured Rump Steaks with a Peppercorn Melt 2 Pack,£5.99
fresh-food,ASHFIELDS 30 Day Matured Rump Steaks with a Bone Marrow Melt 2 Pack,£5.99
fresh-food,ASHFIELDS 30 Day Matured Rump Steaks with a Chimichurri Melt 2 Pack,£5.99
fresh-food,SPECIALLY SELECTED 100% British Pork Dry Cured Smoked Streaky Bacon 14 Pack,£2.19
fresh-food,SPECIALLY SELECTED 100% British Pork Dry Cured Unsmoked Streaky Bacon 14 Pack,£2.19
fresh-food,SPECIALLY SELECTED Chicken Sausages 6 Pack,£2.09
fresh-food,THE FISHMONGER Hake Fillets,£3.49
fresh-food,SPECIALLY SELECTED Pork Chipolata Sausages 12 Pack,£2.29
fresh-food,SPECIALLY SELECTED British Cumberland Pork Chipolatas 12 Pack,£2.29
fresh-food,THE FISHMONGER Garlic & Herb Infused Salmon Fillets 2 Pack,£3.79
fresh-food,THE FISHMONGER Sweet Chilli Infused Salmon Fillets 2 Pack,£3.79
fresh-food,NATURE'S PICK Scotch Bonnet Chillies,£0.79
fresh-food,NATURE'S PICK Finger Chillies,£0.79
fresh-food,SPECIALLY SELECTED Minted Lamb Burgers,£3.99
fresh-food,SPECIALLY SELECTED Pil Pil King Prawn Cocktail,£2.59
fresh-food,SPECIALLY SELECTED Marie Rose King Prawn Cocktail,£2.59
fresh-food,SPECIALLY SELECTED Beer Battered Cod 2 Pack,£3.99
fresh-food,SPECIALLY SELECTED Bubbly Battered Cod 2 Pack,£3.99
fresh-food,ROOSTERS Breaded Chicken Steaks 6 Pack,£3.99
fresh-food,ROOSTERS Southern Fried Chicken Steaks 6 Pack,£3.99
fresh-food,ROOSTERS Breaded Chicken Tenders,£2.59
fresh-food,ROOSTERS Southern Fried Chicken Tenders,£2.59
fresh-food,ROOSTERS Buttermilk Chicken Tenders,£2.59
fresh-food,ROOSTERS Hot & Spicy Chicken Tenders,£2.59
fresh-food,ASHFIELDS Tempura Chicken Bites,£3.29
fresh-food,ROOSTERS Southern Fried Chicken Thighs & Drumsticks,£3.79
fresh-food,ROOSTERS Garlic & Herb Chicken Kievs 2 Pack,£2.25
fresh-food,ROOSTERS Tempura Chicken Tenders,£2.49
fresh-food,ROOSTERS Breaded Boneless Chicken Platter,£3.99
fresh-food,ROOSTERS Hot & Spicy Chicken Fillets 2 Pack,£3.69
fresh-food,ROOSTERS Buttermilk Chicken Fillets 2 Pack,£3.69
fresh-food,THE FISHMONGER Natural Basa Fillets 2 Pack,£1.79
fresh-food,THE FISHMONGER Smoked Basa Fillets 2 Pack,£1.79
fresh-food,ASHFIELDS Roast In The Bag Extra Tasty Whole Chicken,£4.99
fresh-food,SPECIALLY SELECTED 100% British Beef Salt Dry Aged Aberdeen Angus 8oz Rump Steak,£5.49
fresh-food,SPECIALLY SELECTED 100% Scotch Beef Salt Dry Aged Aberdeen Angus 8oz Rump Steak,£5.49
fresh-food,SPECIALLY SELECTED 100% British Beef Salt Dry Aged Aberdeen Angus 8oz Sirloin Steak,£6.49
fresh-food,SPECIALLY SELECTED 100% Scotch Beef Salt Dry Aged Aberdeen Angus 8oz Sirloin Steak,£6.49
fresh-food,SPECIALLY SELECTED 100% British Beef Salt Dry Aged Aberdeen Angus 8oz Ribeye Steak,£6.79
fresh-food,SPECIALLY SELECTED 100% Scotch Beef Salt Dry Aged Aberdeen Angus 8oz Ribeye Steak,£6.79
fresh-food,SPECIALLY SELECTED 100% British Beef 30 Day Matured 6oz Fillet Steak,£7.49
fresh-food,SPECIALLY SELECTED 100% British Beef 30 Day Matured Aberdeen Angus 6oz Fillet Steak,£7.49
fresh-food,SPECIALLY SELECTED 100% Scotch Beef 30 Day Matured Aberdeen Angus 6oz Fillet Steak,£7.49
fresh-food,SPECIALLY SELECTED Aberdeen Angus Beef Quarter Pounders 4 Pack,£4.59
fresh-food,SPECIALLY SELECTED Aberdeen Angus Scotch Beef Quarter Pounders 4 Pack,£4.59
fresh-food,SPECIALLY SELECTED 100% British Beef Lean Aberdeen Angus Steak Mince 5% Fat,£5.49
fresh-food,SPECIALLY SELECTED 100% Scotch Beef Lean Aberdeen Angus Steak Mince 5% Fat,£5.49
fresh-food,SPECIALLY SELECTED Specially Selected Salt Dry Aged Aberdeen Angus Scotch Beef Roasting Joint Typically 1.525kg,£6.75/0.5 kg
fresh-food,ROOSTERS Southern Fried Chicken Goujons,£3.19
fresh-food,ROOSTERS Breaded Chicken Goujons,£3.19
fresh-food,SPECIALLY SELECTED Salmon Gravadlax,£3.09
fresh-food,SPECIALLY SELECTED Lemon & Pepper Smoked Salmon,£3.09
fresh-food,ROOSTERS Tempura Chicken Nuggets,£3.99
fresh-food,ASHFIELDS Buffalo Hot Chicken Wings,£3.69
fresh-food,ASHFIELDS Honey BBQ Hot Chicken Wings,£3.69
fresh-food,SPECIALLY SELECTED Extra Large Ecuadorian Raw King Prawns,£2.99
fresh-food,SPECIALLY SELECTED Garlic & Herb Ecuadorian Raw King Prawns,£2.99
fresh-food,THE FISHMONGER Hot Smoked Sweet Chilli Scottish Salmon Fillets 2 Pack,£4.29
fresh-food,THE FISHMONGER Lemon & Herb Kiln Roasted Salmon Fillets 2 Pack,£4.29
fresh-food,THE FISHMONGER Hot Smoked Salmon Fillets 2 Pack,£4.29
fresh-food,ASHFIELDS British Half Leg of Lamb,£7.00/0.5 kg
fresh-food,ASHFIELDS British Lamb Leg Steaks,£4.99
fresh-food,ASHFIELDS British Lamb Chops,£5.59
fresh-food,ASHFIELDS BBQ Mini Ribs,£4.59
fresh-food,ASHFIELDS Salt and Chilli Mini Ribs,£4.59
fresh-food,SPECIALLY SELECTED Denver Premium Wagyu Steak,£6.99
fresh-food,SPECIALLY SELECTED Flat Iron Premium Wagyu Steak,£6.99
fresh-food,SPECIALLY SELECTED Picanha Premium Wagyu Steak,£6.99
fresh-food,ASHFIELDS Chicken & Chorizo Kebabs,£3.39
fresh-food,THE FISHMONGER Salmon in Teriyaki Sauce,£3.99
fresh-food,"THE FISHMONGER Salmon in Soy, Ginger & Lime Sauce",£3.99
fresh-food,NATURE'S PICK White Seedless Grapes Snack Pack,£0.85
fresh-food,NATURE'S PICK Red Seedless Grapes Snack Pack,£0.85
fresh-food,SPECIALLY SELECTED Pork & Beef Koftas,£2.49
fresh-food,SPECIALLY SELECTED Meatballs Albondigas,£2.49
fresh-food,SPECIALLY SELECTED Ibérico Ham Croqueta,£2.49
fresh-food,SPECIALLY SELECTED Sockeye Salmon,£4.29
fresh-food,SPECIALLY SELECTED Black Cod,£4.29
fresh-food,THE FISHMONGER Mascarpone Salmon Lattice,£2.99
fresh-food,THE FISHMONGER Leek & Salmon Lattice,£2.99
fresh-food,THE DELI Tomato & Basil Side Salad,£1.49
fresh-food,THE DELI Beetroot Side Salad,£1.49
fresh-food,THE DELI Pesto Side Salad,£1.49
fresh-food,THE DELI Fajita Salad,£1.49
fresh-food,ASHFIELDS Chicken Wings BBQ & Buffalo,£2.79
fresh-food,ASHFIELDS Lemon Herb & Peri Peri Chicken Wings,£2.79
fresh-food,THE FISHMONGER Breaded Cod,£2.99
fresh-food,THE FISHMONGER Breaded Haddock,£2.99
fresh-food,ASHFIELDS Tellicherry Pepper Sizzle Steaks,£5.99
fresh-food,ASHFIELDS Sweet and Smokey Sizzle Steaks,£5.99
fresh-food,TASTE OF AMERICA BBQ Beef Brisket Burnt Ends,£3.99
fresh-food,TASTE OF AMERICA Salt Beef,£4.99
fresh-food,"TASTE OF AMERICA Hot Dogs with Onions, Ketchup & Mustard",£2.99
fresh-food,TASTE OF AMERICA Slow Cooked Tennessee BBQ Pork Ribs,£3.99
fresh-food,TASTE OF AMERICA Streaky Bacon,£1.99
fresh-food,TASTE OF AMERICA Loaded Smash Burgers,£2.89
fresh-food,ASHFIELDS Irish Style Pork Sausages,£1.35
fresh-food,OAKHURST Unsmoked Bacon 16 Pack,£2.39
fresh-food,SPECIALLY SELECTED Melt in the Middle Hollandaise & Salmon Fishcakes,£2.29
fresh-food,SPECIALLY SELECTED Melt in the Middle Katsu Cod Fishcakes,£2.29
fresh-food,THE DELI Pork Kabanos,£1.89
fresh-food,THE DELI Chicken Kabanos,£1.89
fresh-food,ASHFIELDS Salt and Chilli Hot Chicken Wings,£3.69
fresh-food,ASHFIELDS Teriyaki Hot Chicken Wings,£3.69
fresh-food,"READY, SET…COOK! Washed & Ready to Cook Straight to Wok Beansprouts",£0.85
fresh-food,"READY, SET…COOK! Cut Basil",£0.50
fresh-food,"READY, SET…COOK! British Cut Coriander",£0.50
fresh-food,"READY, SET…COOK! Cut Mint",£0.50
fresh-food,"READY, SET…COOK! Cut Parsley",£0.50
fresh-food,"READY, SET…COOK! Cut Rosemary",£0.50
fresh-food,"READY, SET…COOK! Egg Noodles",£1.29
fresh-food,"READY, SET…COOK! Sweet & Crunchy Stir Fry Family Size Pack",£1.29
fresh-food,BUTCHERS SELECT Pork Sausages 8 Pack,£1.79
fresh-food,ASHFIELD Black Pudding Slices 4 Pack,£0.95
fresh-food,"READY, SET…COOK! Crispy Aromatic Half Duck with Pancakes",£6.49
fresh-food,"READY, SET…COOK! Ready to Cook Diced Onion",£0.45
fresh-food,"READY, SET…COOK! Protein Egg Noodles",£0.99
fresh-food,TASTE OF AMERICA Chicken Wings,£2.99
fresh-food,"READY, SET…COOK! Oriental Style Stir Fry",£0.95
fresh-food,"READY, SET…COOK! Mixed Pepper Stir Fry",£0.95
fresh-food,"READY, SET…COOK! Rice Noodles",£0.99
fresh-food,"READY, SET…COOK! Singapore Style Noodles",£0.99
fresh-food,BUTCHERS SELECT Pork Chipolatas 12 Pack,£1.79
fresh-food,BUTCHERS SELECT 45% Reduced Fat* Pork Sausages 8 Pack,£1.79
fresh-food,BUTCHERS SELECT Cumberland Sausages 8 Pack,£1.79
fresh-food,BUTCHERS SELECT Lincolnshire Sausages 8 Pack,£1.79
fresh-food,FRESHCURE Smoked Gammon Steaks,£2.99
fresh-food,"READY, SET…COOK! Coconut & Lemongrass Stir Fry Sauce",£0.89
fresh-food,"READY, SET…COOK! Teriyaki Stir Fry Sauce",£0.89
fresh-food,"READY, SET…COOK! Edamame Bean & Broccoli Stir Fry",£0.95
fresh-food,"READY, SET…COOK! Mushroom Stir Fry",£0.95
fresh-food,"READY, SET…COOK! Sweet Chilli Stir Fry Sauce",£0.89
fresh-food,"READY, SET…COOK! Plum & Hoisin Stir Fry Sauce",£0.89
fresh-food,"READY, SET…COOK! Chow Mein Stir Fry Sauce",£0.89
fresh-food,"READY, SET…COOK! Katsu Stir Fry Sauce",£0.89
chilled-food,COWBELLE Raspberry Flavour Sundae Milkshake,£1.79
chilled-food,EMPORIUM Grated Mozzarella,£1.89
chilled-food,EMPORIUM Italian Grana Padano,£2.85
chilled-food,NATURE'S PICK Baby Leaf Salad,£0.65
chilled-food,NATURE'S PICK Mixed Leaf Salad 200g,£0.95
chilled-food,CRESTWOOD Scotch Eggs 2 Pack,£1.09
chilled-food,DESSERT MENU Egg Custard Tart 4 Pack,£1.05
chilled-food,CRESTWOOD Mini Melton Pork Pies 6 Pack,£1.89
chilled-food,ASHFIELDS Cooked Chicken Breast Slices,£2.19
chilled-food,"EVERYDAY ESSENTIALS 10"" Cheese & Tomato Pizza",£0.99
chilled-food,CRESTWOOD Sausage Rolls 6 Pack,£1.55
chilled-food,ASHFIELDS Pork Cocktail Sausages 40 Pack,£1.99
chilled-food,ASHFIELD FARM British Wafer Thin Roast Chicken Family Pack 36 Slices,£2.19
chilled-food,CRESTWOOD Protein Chicken Satay Skewers 10 Pack,£1.59
chilled-food,THE DELI Creamy Coleslaw,£1.29
chilled-food,CARLOS Takeaway Fries,£1.29
chilled-food,SPECIALLY SELECTED Spicy Italian Salami & 'Nduja Wood Fired Sourdough Pizza,£3.49
chilled-food,"SPECIALLY SELECTED Italian Ham, Portobello Mushroom & Mascapone Wood Fired Pizza",£3.49
chilled-food,ASHFIELDS Pork Lunch Tongue 4 Slices,£1.49
chilled-food,DESSERT MENU American Pancakes 6 Pack,£1.79
chilled-food,THE DELI Classic Frankfurters 10 Pack,£1.99
chilled-food,THE DELI French Torchon Ham 4 Slices,£1.89
chilled-food,THE DELI Corned Beef 10 Slices,£2.35
chilled-food,EVERYDAY ESSENTIALS Cheese & Tomato Pizza,£0.58
chilled-food,THE DELI Mini Meatster Snack Salami 10 Pack,£1.99
chilled-food,CRESTWOOD Classic Pork Pies 4 Pack,£1.19
chilled-food,CARLOS Takeaway Mini Cheese & Garlic Pizza Bread,£0.99
chilled-food,THE DELI Reduced Fat Coleslaw,£0.79
chilled-food,DAIRYFINE Split Pot Desserts 4 Pack,£2.79
chilled-food,ASHFIELDS Wafer Thin British Cooked Ham 40 Slices,£1.89
chilled-food,EVERYDAY ESSENTIALS Sausage Rolls 8 Pack,£0.99
chilled-food,SPECIALLY SELECTED Rich & Indulgent Coleslaw,£1.29
chilled-food,SPECIALLY SELECTED Mozzarella & Semi-Dried Cherry Tomato Wood Fired Pizza,£3.49
chilled-food,CRESTWOOD Cheese & Onion Rolls 6 Pack,£1.75
chilled-food,ASIA SPECIALITIES Vegetable Spring Rolls 6 Pack,£1.99
chilled-food,SPECIALLY SELECTED Melton Mowbray Pork Pie,£1.99
chilled-food,THE DELI Corned Beef,£1.75
chilled-food,ASHFIELDS British Cooked Lean Ham 14 Slices,£1.59
chilled-food,ASHFIELDS British Breaded Ham 14 Slices,£1.59
chilled-food,CRESTWOOD Yorkshire Puddings 4 Pack,£1.49
chilled-food,CRESTWOOD Cottage Pie,£5.49
chilled-food,SPECIALLY SELECTED West Country Salted Butter,£2.29
chilled-food,COWBELLE Fresh British Single Cream,£1.09
chilled-food,"BROOKLEA Little Delights Strawberry, Apricot and Raspberry Fromage Frais 6 Pack",£0.75
chilled-food,COWBELLE British Salted Butter 250g,£1.99
chilled-food,COWBELLE Fresh British Double Cream,£1.29
chilled-food,COWBELLE UHT Semi Skimmed Milk,£0.95
chilled-food,COWBELLE UHT Red Skimmed Milk,£0.95
chilled-food,MEREVALE British Large Free Range Eggs 6 Pack,£1.69
chilled-food,MEREVALE British Medium Free Range Eggs 6 Pack,£1.49
chilled-food,COWBELLE Semi Skimmed Milk 1.7% Fat,£2.40
chilled-food,EVERYDAY ESSENTIALS Fat Free Natural Yogurt,£0.55
chilled-food,COWBELLE Semi Skimmed Milk 1.7% Fat,£1.65
chilled-food,COWBELLE Whole Milk 3.6% Fat,£1.65
chilled-food,SPECIALLY SELECTED Traditional Cornish Clotted Cream,£1.99
chilled-food,EMPORIUM Grated Mature Cheddar,£1.89
chilled-food,COWBELLE Skimmed Milk <0.5% Fat,£1.65
chilled-food,EVERYDAY ESSENTIALS Mild Cheddar Slices 10 Pack,£1.35
chilled-food,MEREVALE British Large Free Range Eggs 12 Pack,£2.89
chilled-food,MEREVALE British Organic Eggs 6 Pack,£2.25
chilled-food,COWBELLE Filtered British Semi Skimmed Milk,£1.69
chilled-food,ACTILEAF UHT Unsweetened Almond Drink,£0.99
chilled-food,ACTILEAF UHT Sweetened Soya Drink,£0.99
chilled-food,ACTILEAF UHT Unsweetened Soya Drink,£0.85
chilled-food,MEREVALE British Medium Free Range Eggs 12 Pack,£2.49
chilled-food,MEREVALE British Free Range Mixed Weight Eggs 15 Pack,£2.85
chilled-food,MEREVALE British Very Large Free Range Eggs 6 Pack,£1.89
chilled-food,ACTILEAF Barista Style Oat Drink,£1.25
chilled-food,BROOKLEA Vanilla And Strawberry Yogurt With Biscuit Pieces Split Pots 6 pack,£2.29
chilled-food,GREENVALE Valley Spreadable,£1.99
chilled-food,GREENVALE Perfect for Cakes Spread,£1.29
chilled-food,BROOKLEA Split Pot Crunch Yogurt 6 Pack,£2.29
chilled-food,COWBELLE Lactose Free Milk,£0.99
chilled-food,BROOKLEA Fruit Yogurt Squidgy Pouches 4 pack,£0.99
chilled-food,COWBELLE Filtered British Whole Milk,£1.69
chilled-food,EMPORIUM Dewlay Cheesemakers Crumbly Lancashire Cheese,£1.75
chilled-food,EMPORIUM Belton Farm Crumbly Cheshire Cheese,£1.75
chilled-food,COWBELLE Organic Semi Skimmed Milk 1.7% Fat,£2.09
chilled-food,EMPORIUM British Mild Cheddar Cheese,£2.49
chilled-food,NORDPAK Slightly Salted Spreadable Butter,£2.18
chilled-food,NORDPAK Lighter Spreadable Butter,£2.18
chilled-food,DESSERT MENU Chocolate Éclairs 2 Pack,£0.89
chilled-food,DESSERT MENU Jam & Cream Doughnuts 2 Pack,£0.99
chilled-food,EVERYDAY ESSENTIALS British Mild White Cheddar Cheese,£4.85
chilled-food,EVERYDAY ESSENTIALS Cheese Singles 15 Pack,£0.83
chilled-food,EVERYDAY ESSENTIALS British Mature White Cheddar Cheese,£4.85
chilled-food,BROOKLEA Strawberry & Vanilla Flavour Double Delights Fromage Frais 4 Pack,£1.15
chilled-food,CARLOS Stonebaked Margherita Pizza,£1.99
chilled-food,EVERYDAY ESSENTIALS Garlic Baguettes 2 Pack,£0.70
chilled-food,"EVERYDAY ESSENTIALS Strawberry, Apricot and Raspberry Fromage Frais",£0.89
chilled-food,EMPORIUM British Mature Cheddar Cheese,£2.49
chilled-food,EMPORIUM British Extra Mature Cheddar Cheese,£2.49
chilled-food,EVERYDAY ESSENTIALS Unsweetened Soya Drink,£0.79
chilled-food,EVERYDAY ESSENTIALS Skimmed UHT Milk,£0.65
chilled-food,EVERYDAY ESSENTIALS Semi Skimmed UHT Milk,£0.65
chilled-food,COWBELLE Chocolate Fudge Milk 1 Litre,£0.95
chilled-food,EMPORIUM Cheese 'a' Peel 4 Pack,£0.99
chilled-food,MEREVALE Free Range Eggs 6 Pack,£0.99
chilled-food,CARLOS Takeaway Stuffed Crust Cheese Feast Pizza,£2.99
chilled-food,CARLOS Takeaway Fully Loaded Meat Feast Pizza,£2.99
chilled-food,CARLOS Takeaway Stuffed Crust Double Pepperoni Pizza,£2.99
chilled-food,INSPIRED CUISINE Mashed Potato,£0.89
chilled-food,INSPIRED CUISINE Carrot & Swede Mash,£1.35
chilled-food,INSPIRED CUISINE Cauliflower Cheese,£1.79
chilled-food,EMPORIUM Greek Feta,£1.49
chilled-food,SPECIALLY SELECTED GASTRO Lasagne Al Forno,£3.59
chilled-food,SPECIALLY SELECTED GASTRO Lasagne Al Forno,£4.99
chilled-food,CUCINA Beef Lasange,£2.79
chilled-food,CUCINA Spinach & Ricotta Tortelloni,£1.69
chilled-food,SPECIALLY SELECTED GASTRO British Potatoes Mashed Potato,£1.59
chilled-food,CUCINA Beef Lasagne Family Pack,£4.65
chilled-food,SPECIALLY SELECTED Prosciutto di Parma,£1.75
chilled-food,EMPORIUM Halloumi plain 225g,£1.99
chilled-food,SPECIALLY SELECTED Deli Ham,£2.59
chilled-food,EMPORIUM Mascarpone,£1.79
chilled-food,SPECIALLY SELECTED Mozzarella Di Bufala Campana PDO,£1.59
chilled-food,ACTILEAF No Sugars Oat Drink,£1.09
chilled-food,EVERYDAY ESSENTIALS Pork Lard,£0.50
chilled-food,SPECIALLY SELECTED Burrata 150g,£2.39
chilled-food,COWBELLE Original Real Dairy Whipped Cream,£1.49
chilled-food,COWBELLE Light Real Dairy Whipped Cream,£1.49
chilled-food,EMPORIUM Cheese Triangles 8 Pack,£0.99
chilled-food,EMPORIUM Light Cheese Triangles 8 Pack,£0.99
chilled-food,EMPORIUM Cheese Slices 8 Pack,£0.99
chilled-food,EMPORIUM Light Cheese Slices 8 Pack,£0.99
chilled-food,SPECIALLY SELECTED Le Gruyére AOP Reserve Cheese,£2.99
chilled-food,SPECIALLY SELECTED Manchego Cheese D.O.P.,£2.99
chilled-food,SPECIALLY SELECTED Extra Mature Gouda Holland P.G.I Cheese,£2.99
chilled-food,SPECIALLY SELECTED 12 Months Matured Comté Cheese,£2.99
chilled-food,EVERYDAY ESSENTIALS Classic Mozzarella,£0.65
chilled-food,EVERYDAY ESSENTIALS Light Mozzarella,£0.65
chilled-food,SPECIALLY SELECTED Cave Aged Roquefort AOP French Cheese,£2.59
chilled-food,SPECIALLY SELECTED Brie de Meaux A.O.P French Cheese,£2.59
chilled-food,SPECIALLY SELECTED Baked Camembert French Cheese,£2.59
chilled-food,SPECIALLY SELECTED Garlic & Herbs Mini Roule Cheese,£1.49
chilled-food,SPECIALLY SELECTED Pineapple & Almond Mini Roule Cheese,£1.49
chilled-food,SPECIALLY SELECTED Black Pepper & Paprika Mini Roule Cheese,£1.49
chilled-food,INSPIRED CUISINE Baby Jacket Potatoes,£1.49
chilled-food,INSPIRED CUISINE Potato Au Gratin,£1.49
chilled-food,INSPIRED CUISINE Pan Fried Potatoes,£1.49
chilled-food,THE DELI Meatballs,£2.79
chilled-food,THE DELI Frikadellen,£2.79
chilled-food,EVERYDAY ESSENTIALS Chicken Tikka Breast Slices,£1.99
chilled-food,EVERYDAY ESSENTIALS Hot & Spicy Chicken Breast Slices,£1.99
chilled-food,ASHFIELDS British Dry Cured Breaded Ham 14 Slices,£2.39
chilled-food,ASHFIELDS British Dry Cured Honey Roast Ham 14 Slices,£2.39
chilled-food,CUCINA Fusili Fresh Pasta,£1.65
chilled-food,CUCINA Tagliatelle Fresh Pasta,£1.65
chilled-food,"EAT & GO Chicken, Bacon & Sweetcorn Topped Pasta",£1.99
chilled-food,"EAT & GO Chicken, Tomato & Basil Topped Pasta",£1.99
chilled-food,EAT & GO Tomato & Feta Topped Pasta,£1.99
chilled-food,EAT & GO Tuna & Sweetcorn Topped Pasta,£1.99
chilled-food,EAT & GO BBQ Chicken Topped Pasta,£1.99
chilled-food,EAT & GO Honey Roast Ham Salad with Mayo Sandwich,£1.99
chilled-food,EAT & GO Smoked Double Gloucester & Tomato with Tomato Chutney Sandwich,£1.99
chilled-food,EAT & GO Brie & Bacon with Tomato & Chilli Relish Sandwich,£1.99
chilled-food,EAT & GO Oak Smoked Ham & Cheddar Cheese with Mayo Sandwich,£1.99
chilled-food,EAT & GO Egg & Bacon with Mayo Sandwich,£1.99
chilled-food,SPECIALLY SELECTED New York Deli Pastrami & Emmental Cheese Sandwich,£2.79
chilled-food,SPECIALLY SELECTED Ayrshire Cured Ham Hock with Farmhouse Cheddar Sandwich,£2.79
chilled-food,SPECIALLY SELECTED King Prawn & Seafood Cocktail Sandwich,£2.79
chilled-food,SPECIALLY SELECTED Chicken Tikka Pocket Wrap,£2.79
chilled-food,CRESTWOOD Deep Filled Chicken & Gravy Pie For One,£1.65
chilled-food,CRESTWOOD Deep Filled Steak Pie For One,£1.65
chilled-food,CRESTWOOD Deep Filled Steak & Kidney Pie For One,£1.65
chilled-food,CRESTWOOD Pork Sausage Rolls 9 Pack,£1.29
chilled-food,CUCINA Hot Pepperoni 24 Slices,£0.99
chilled-food,CUCINA Mild Pepperoni 24 Slices,£0.99
chilled-food,CRESTWOOD Puff Pastry Cheese & Onion Pasty,£0.69
chilled-food,CRESTWOOD Puff Pastry Beef & Vegetable Pasty,£0.69
chilled-food,EAT & GO Tuna Sweetcorn Classic Sandwich,£1.89
chilled-food,EAT & GO Prawn Mayonnaise on Malted Brown Bread Sandwich,£1.89
chilled-food,EAT & GO Cheese Ploughmans Classic Sandwich,£1.89
chilled-food,EAT & GO Chicken Sweetcorn Classic Sandwich,£1.89
chilled-food,ASHFIELDS British Dry Cured Cooked Ham 7 Slices,£1.59
chilled-food,ASHFIELDS British Dry Cured Oak Smoked Ham 7 Slices,£1.59
chilled-food,THE DELI German Unsmoked Baked Ham 6 Slices,£1.19
chilled-food,THE DELI German Smoked Baked Ham 6 Slices,£1.19
chilled-food,CARLOS Garlic Bread Baguette Twin Pack,£1.49
chilled-food,CARLOS Reduced Fat Garlic Bread Twin Pack,£1.49
chilled-food,SPECIALLY SELECTED Honey Roast Thin Ham,£2.29
chilled-food,ASHFIELDS British Dry Cured Oak Smoked Ham Family Pack 14 Slices,£2.39
chilled-food,EAT & GO Smoked Salmon Sushi Snack,£0.99
chilled-food,EAT & GO Vegetable Sushi Snack,£0.99
chilled-food,EAT & GO All Day Breakfast Sandwich,£2.59
chilled-food,EAT & GO Classic Selection Sandwich,£2.59
chilled-food,EAT & GO Chicken & Bacon Club with Mayo Sandwich,£2.59
chilled-food,THE DELI Four Cheese & Onion Deli Filler,£1.45
chilled-food,THE DELI Chicken & Sweetcorn,£1.45
chilled-food,THE DELI Seafood Cocktail Deli Filler,£1.45
chilled-food,THE DELI Egg Mayonnaise Deli Filler,£1.45
chilled-food,THE DELI Tuna & Sweetcorn Deli Filler,£1.45
chilled-food,THE DELI Coronation Chicken Deli Filler,£1.45
chilled-food,"SPECIALLY SELECTED King Prawn, Chicken & Chorizo Paella",£5.69
chilled-food,SPECIALLY SELECTED Chicken with Patatas Bravas,£5.69
chilled-food,EAT & GO Snackin' Chicken Protein Roast Chicken Flavour Bites,£0.95
chilled-food,EAT & GO Snackin' Chicken Protein Southern Fried Flavour Bites,£0.95
chilled-food,BROOKLEA Original Rice Pudding,£0.49
chilled-food,BROOKLEA Strawberry Rice Pudding,£0.49
chilled-food,BROOKLEA Vanilla Custard Rice Pudding,£0.49
chilled-food,ASHFIELDS British Cooked Chicken 10 Slices,£0.89
chilled-food,ASHFIELDS British Cooked Beef 10 Slices,£0.89
chilled-food,THE DELI Coarse Ardennes Pâté,£0.69
chilled-food,THE DELI Smooth Brussels Pâté,£0.69
chilled-food,THE DELI Smooth Reduced Fat Brussels Pâté,£0.69
chilled-food,THE DELI Sour Cream & Chive Dip,£0.95
chilled-food,THE DELI Chunky Salsa Dip,£0.95
chilled-food,THE DELI Chunky Guacamole Dip,£0.95
chilled-food,THE DELI Reduced Fat Sour Cream & Chive Dip,£0.95
chilled-food,ASHFIELDS British Honey Roast Ham Family Pack 14 Slices,£1.59
chilled-food,ASHFIELDS British Pork Smoked Ham Family Pack 14 Slices,£1.59
chilled-food,ASHFIELDS British Wafer Thin Honey Roast Ham Family Pack 40 Slices,£2.19
chilled-food,ASHFIELDS British Wafer Thin Smoked Ham Family Pack 40 Slices,£2.19
chilled-food,ASHFIELDS British Dry Cured Breaded Ham 7 Slices,£1.59
chilled-food,ASHFIELDS British Honey Cured Ham 7 Slices,£1.59
chilled-food,SPECIALLY SELECTED 100% British Beef Roasted Topside of Beef 5 Slices,£2.49
chilled-food,EAT & GO Cheese & Onion Sandwich,£1.29
chilled-food,EAT & GO Egg & Cress Sandwich,£1.29
chilled-food,EAT & GO Smoked Ham Sandwich,£1.29
chilled-food,SPECIALLY SELECTED Cherrywood Smoked Bacon & Cheddar Quiche,£3.49
chilled-food,CRESTWOOD Mini Pork & Pickle Pies 6 Pack,£1.89
chilled-food,SPECIALLY SELECTED Cottage Pie,£4.99
chilled-food,SPECIALLY SELECTED GASTRO Fish Pie,£4.99
chilled-food,SPECIALLY SELECTED Cheese & Caramelised Onion Rolls 4 Pack,£2.29
chilled-food,SPECIALLY SELECTED Premium Pork Sausage Rolls 2 Pack,£2.29
chilled-food,THE DELI Italian Milano Salami,£0.99
chilled-food,THE DELI Spanish Chorizo,£0.99
chilled-food,INSPIRED CUISINE Tomato & Mascarpone Pasta Sauce,£1.29
chilled-food,INSPIRED CUISINE Tomato & Basil Pasta Sauce,£1.29
chilled-food,ASHFIELDS Ready To Eat Roast Chicken Thighs,£2.49
chilled-food,THE DELI Houmous,£0.95
chilled-food,THE DELI Reduced Fat Houmous,£0.95
chilled-food,THE DELI Red Pepper Houmous,£0.95
chilled-food,THE DELI Moroccan Inspired Houmous,£0.95
chilled-food,THE DELI Caramelised Onion Houmous,£0.95
chilled-food,THE DELI Sweet Chilli Houmous,£0.95
chilled-food,THE DELI Jalapeño Houmous,£0.95
chilled-food,THE DELI Classic Dip Selection,£2.49
chilled-food,THE DELI Tex Mex Dip Selection,£2.49
chilled-food,DESSERT MENU Vanilla Luxurious Dessert,£0.99
chilled-food,DESSERT MENU Toffee Luxurious Dessert,£0.99
chilled-food,DESSERT MENU Double Chocolate Luxurious Dessert,£0.99
chilled-food,DESSERT MENU Chocolate & Cream Luxurious Dessert,£0.99
chilled-food,SPECIALLY SELECTED Spinach & Pine Nut Pasta,£1.99
chilled-food,SPECIALLY SELECTED Fruity Moroccan Inspired Couscous,£1.99
chilled-food,SPECIALLY SELECTED Parmigiano Reggiano & Roasted Tomato Spiralli Pasta Salad,£1.99
chilled-food,"SPECIALLY SELECTED Beetroot, Red Cabbage & Port Slaw",£1.99
chilled-food,SPECIALLY SELECTED Classic Spanish Chorizo Ring,£1.89
chilled-food,SPECIALLY SELECTED Spicy Spanish Chorizo Ring,£1.89
chilled-food,SPECIALLY SELECTED GASTRO Chicken Tikka Masala,£3.99
chilled-food,SPECIALLY SELECTED GASTRO Chicken Jalfrezi,£3.99
chilled-food,DESSERT MENU Sweet Pancakes 8 Pack,£1.95
chilled-food,SPECIALLY SELECTED Cottage Pie,£3.59
chilled-food,SPECIALLY SELECTED Fish Pie,£3.59
chilled-food,THE DELI Ready to Eat Sweet Potato Pakora,£1.49
chilled-food,THE DELI Ready to Eat Moroccan Falafel,£1.49
chilled-food,THE DELI Mediterranean Falafels,£1.49
chilled-food,SOUPREME Tomato & Basil Soup,£1.49
chilled-food,SOUPREME Country Vegetable Soup,£1.49
chilled-food,SOUPREME Creamy Chicken Soup,£1.49
chilled-food,THE DELI Peri Peri Mayonnaise Dip,£0.95
chilled-food,THE DELI Creamy Tzatziki Dip,£0.95
chilled-food,THE DELI Cheese & Chive Dip,£0.95
chilled-food,THE DELI Onion & Garlic Dip,£0.95
chilled-food,THE DELI Garlic Aioli Dip,£0.95
chilled-food,SPECIALLY SELECTED Brussels & Shallots Pâté,£1.75
chilled-food,SPECIALLY SELECTED Duck & Orange Pâté,£1.75
chilled-food,SPECIALLY SELECTED Onion & Sweet Potato Bhaji,£2.75
chilled-food,SPECIALLY SELECTED Chicken Shawarma,£2.75
chilled-food,SPECIALLY SELECTED Bang Bang Chicken,£2.75
chilled-food,SPECIALLY SELECTED Piri Piri Chicken,£2.75
chilled-food,SPECIALLY SELECTED Korean Style Beef BBQ,£2.75
chilled-food,EAT & GO Chicken & Stuffing Deeper Fill Sandwich,£2.19
chilled-food,EAT & GO BLT Deeper Fill Sandwich,£2.19
chilled-food,EAT & GO Chicken & Chorizo Deeper Fill Sandwich,£2.19
chilled-food,ASHFIELD FARM Ready to Eat British Chicken Breast 6 Slices,£1.49
chilled-food,ASHFIELD FARM Ready to Eat British Turkey Breast 6 Slices,£1.49
chilled-food,CRESTWOOD Quiche Lorraine,£1.99
chilled-food,CRESTWOOD Broccoli Cheese & Tomato Quiche,£1.99
chilled-food,ASHFIELDS British Cooked Ham 10 Slices,£0.75
chilled-food,ASHFIELDS British Cooked Honey Ham 10 Slices,£0.75
chilled-food,THE DELI Chorizo & Gouda Rollitos 8 Pack,£1.89
chilled-food,THE DELI Serrano & Gouda Rollitos 8 Pack,£1.89
chilled-food,INSPIRED CUISINE Chicken Chow Mein,£2.79
chilled-food,INSPIRED CUISINE Sweet & Sour Chicken with Egg Fried Rice,£2.79
chilled-food,CRESTWOOD Chicken & Mushroom Slices 2 Pack,£1.65
chilled-food,CRESTWOOD Steak Slices 2 Pack,£1.65
chilled-food,CRESTWOOD Chicken Tikka Slices 2 Pack,£1.65
chilled-food,CRESTWOOD Meat Feast Slices 2 Pack,£1.65
chilled-food,CARLOS Garlic & Herb Pizza Dip,£0.69
chilled-food,ASHFIELDS British Dry Cured Peppered Ham 7 Slices,£1.69
chilled-food,SPECIALLY SELECTED Classic Smashed Avocado,£1.49
chilled-food,SPECIALLY SELECTED Smashed Spicy Avocado,£1.49
chilled-food,DESSERT MENU Raspberry Jam Sponge Puddings 2 Pack,£1.85
chilled-food,DESSERT MENU Sticky Toffee Sponge Puddings 2 Pack,£1.85
chilled-food,DESSERT MENU Chocolate Sponge Puddings 2 Pack,£1.85
chilled-food,EAT & GO Cheese Layered Salad,£1.65
chilled-food,EAT & GO Chicken & Bacon Layered Salad,£1.65
chilled-food,EAT & GO Tuna Layered Salad,£1.65
chilled-food,SPECIALLY SELECTED British Breaded Wiltshire Cured Ham 4 Slices,£2.19
chilled-food,SPECIALLY SELECTED British Wiltshire Cured Ham 4 Slices,£2.19
chilled-food,THE DELI Spanish Meat & Cheese Selection,£1.89
chilled-food,THE DELI Italian Meat & Cheese Select,£1.89
chilled-food,THE DELI Spanish Serrano Ham 8 Slices,£1.89
chilled-food,THE DELI Italian Proscuitto 9 Slices,£1.89
chilled-food,THE DELI Italian Inspired Calabria Ham 6 Slices,£1.35
chilled-food,THE DELI Italian Inspired Genoa Ham 6 Slices,£1.35
chilled-food,THE DELI Italian Inspired Sicilian Ham 6 Slices,£1.35
chilled-food,THE DELI Italian Antipasti,£1.99
chilled-food,THE DELI Spanish Antipasti,£1.99
chilled-food,SPECIALLY SELECTED British Butter Basted Roast Chicken Breast 4 Slices,£2.19
chilled-food,SPECIALLY SELECTED 100% British Stuffing Topped Roast Chicken 4 Slices,£2.19
chilled-food,INSPIRED CUISINE Peri Peri Chicken Bowl,£2.89
chilled-food,INSPIRED CUISINE Jerk Chicken,£2.89
chilled-food,CRESTWOOD Chicken Poppers,£1.49
chilled-food,CRESTWOOD Southern Fried Chicken Straws,£1.49
chilled-food,CRESTWOOD Mini Savoury Eggs,£1.49
chilled-food,INSPIRED CUISINE Beef in Black Bean Sauce with Egg Fried Rice,£2.79
chilled-food,INSPIRED CUISINE Chinese Chicken Curry with Egg Fried Rice,£2.79
chilled-food,CRESTWOOD Beef Stew & Dumplings,£2.79
chilled-food,CRESTWOOD Chicken Casserole & Dumplings,£2.79
chilled-food,CRESTWOOD Individual Quiche Lorraine,£1.39
chilled-food,CRESTWOOD Individual Cheddar & Leek Quiche,£1.39
chilled-food,INSPIRED CUISINE Cottage Pie,£2.79
chilled-food,INSPIRED CUISINE Shepherd's Pie,£2.79
chilled-food,"SPECIALLY SELECTED Porcini, Chanterelle & Truffle Mezzelune",£2.49
chilled-food,SPECIALLY SELECTED Buffalo Milk Ricotta & Spinach Ravioli,£2.49
chilled-food,SPECIALLY SELECTED Mezzelune Pasta,£2.49
chilled-food,SPECIALLY SELECTED Butternut Squash & Pine Nut Girasoli,£2.49
chilled-food,THE DELI Roast Peppered Pork Loin Slices,£1.29
chilled-food,THE DELI German Roast Pork Loin 5 Slices,£1.29
chilled-food,INSPIRED CUISINE Onion Bhajis 4 Pack,£1.59
chilled-food,BILASH Vegetable Samosas 4 Pack,£1.59
chilled-food,EAT & GO Hot Meatster Snack Salami 5 Pack,£1.99
chilled-food,EAT & GO Classic Meatster Snack Salami 5 Pack,£1.99
chilled-food,DAIRYFINE Caramel Flavour Pots of Choc 4 Pack,£1.49
chilled-food,DAIRYFINE Milk Chocolate Pots of Choc 4 Pack,£1.49
chilled-food,CARLOS Reduced Fat Garlic Slices 9 Pack,£1.59
chilled-food,CARLOS Garlic Slices 9 Pack,£1.59
chilled-food,EAT & GO Duck & Chicken Sushi Selection,£2.19
chilled-food,EAT & GO Fish Sushi Selection,£2.19
chilled-food,ASHFIELDS British Roast Topside of Beef 5 Slices,£2.25
chilled-food,ASHFIELDS British Roast Peppered Topside of Beef 5 Slices,£2.25
chilled-food,THE DELI Salami and Smoked Cheese Selection,£1.89
chilled-food,THE DELI Pepperoni and Mozzarella Selection,£1.89
chilled-food,INSPIRED CUISINE Lamb Hot Pot,£2.79
chilled-food,INSPIRED CUISINE Beef Hot Pot,£2.79
chilled-food,INSPIRED CUISINE Sausage & Mash,£2.79
chilled-food,INSPIRED CUISINE Liver & Bacon with Mash,£2.79
chilled-food,EAT & GO Chicken Caesar Triple Wraps,£2.89
chilled-food,EAT & GO Sweet Chilli Chicken Triple Wraps,£2.89
chilled-food,EAT & GO Sweet Chilli Chicken Noodle Salad,£2.29
chilled-food,EAT & GO Tomato & Mozzarella Salad,£2.29
chilled-food,EAT & GO Feta & Grain Salad,£2.29
chilled-food,EAT & GO Chargrilled Chicken Caesar Salad,£2.29
chilled-food,"EAT & GO EAT & GO, Salads, Chick Shawarma",£2.29
chilled-food,ASHFIELDS British Wafer Thin Cooked Ham 9 Slices,£1.59
chilled-food,ASHFIELDS British Wafer Thin Honey Roast Ham 9 Slices,£1.59
chilled-food,SPECIALLY SELECTED Cherry Farmhouse Yogurt,£0.75
chilled-food,SPECIALLY SELECTED British Free Range Golden Yolk Eggs 6 Pack,£1.89
chilled-food,COWBELLE British Skimmed Milk <0.5% Fat,£1.20
chilled-food,COWBELLE British Semi Skimmed Milk 1.8% Fat,£1.20
chilled-food,BROOKLEA Low Fat Cherry Fruit Yogurt,£0.89
chilled-food,"BROOKLEA Low Fat Mango, Papaya & Passion Fruit Yogurt",£0.89
chilled-food,BROOKLEA Fat Free Strawberry Yogurt,£0.89
chilled-food,BROOKLEA Fat Free Vanilla Yogurt,£0.89
chilled-food,COWBELLE British Whole Milk 3.7% Fat,£1.20
chilled-food,EMPORIUM Dewlay Cheesemakers Double Gloucester Cheese,£1.75
chilled-food,EMPORIUM Belton Farm Crumbly Wensleydale Cheese,£1.75
chilled-food,COWBELLE British Whole Milk 3.7% Fat,£0.85
chilled-food,COWBELLE British Semi Skimmed Milk 1.7% Fat,£0.85
chilled-food,BROOKLEA Light Fat Free Berry Yogurts 6 Pack,£2.59
chilled-food,BROOKLEA Fat Free Confectionery 6 Pack,£2.59
chilled-food,EVERYDAY ESSENTIALS Grated Cheddar Cheese,£2.95
chilled-food,EVERYDAY ESSENTIALS Grated Mozzarella Cheese,£2.95
chilled-food,EMPORIUM Spreadable Strong Mature Cheddar Cheese,£1.25
chilled-food,EMPORIUM Mild Cheese Spread,£1.25
chilled-food,COWBELLE Strawberry Extra Thick Milkshake,£0.55
chilled-food,COWBELLE Banana Extra Thick Milkshake,£0.55
chilled-food,COWBELLE Chocolate Extra Thick Milkshake,£0.55
chilled-food,COWBELLE Chocolate Fudge Extra Thick Milkshake,£0.55
chilled-food,BROOKLEA Low Fat Red Fruits Yogurt 6 Pack,£0.95
chilled-food,BROOKLEA Low Fat Yellow Fruits Yogurt 6 Pack,£0.95
chilled-food,BROOKLEA Raspberry Thick & Creamy Yogurt 4 Pack,£1.49
chilled-food,BROOKLEA Strawberry Thick & Creamy Yogurt 4 Pack,£1.49
chilled-food,BROOKLEA Peach & Passion Fruit Thick & Creamy Yogurt 4 Pack,£1.49
chilled-food,BROOKLEA Fat Free Greek Style Yogurt,£1.49
chilled-food,BROOKLEA Full Fat Greek Style Yogurt,£1.49
chilled-food,EMPORIUM French Goats' Cheese,£1.99
chilled-food,EMPORIUM Hard Goats' Cheese,£1.99
chilled-food,EMPORIUM French Soft Goat's Cheese,£1.99
chilled-food,DESSERT MENU Profiteroles Italian Dessert,£2.75
chilled-food,DESSERT MENU Tiramisu Italian Dessert,£2.75
chilled-food,BROOKLEA Peach & Passion Fruit Protein Yogurt,£0.75
chilled-food,BROOKLEA Raspberry Protein Yogurt,£0.75
chilled-food,BROOKLEA Strawberry Protein Yogurt,£0.75
chilled-food,BROOKLEA Coconut & Vanilla Greek Style Yogurt 4 Pack,£0.99
chilled-food,BROOKLEA Lemon Greek Style Yogurt 4 Pack,£0.99
chilled-food,BROOKLEA Strawberry Greek Style Yogurt 4 Pack,£0.99
chilled-food,BROOKLEA Active Cherry Yogurt 4 Pack,£1.49
chilled-food,BROOKLEA Active Rhubarb Yogurt 4 Pack,£1.49
chilled-food,BROOKLEA Active Strawberry Yogurt 4 Pack,£1.49
chilled-food,EMPORIUM Full Fat Plain Cottage Cheese,£1.39
chilled-food,EMPORIUM Fat Free Plain Cottage Cheese,£1.39
chilled-food,EMPORIUM Reduced Fat Soft Cheese Garlic & Herbs,£0.89
chilled-food,EMPORIUM Reduced Fat Soft Cheese Lighter,£0.89
chilled-food,EMPORIUM Grated Lighter Cheddar Cheese,£1.89
chilled-food,EMPORIUM Grated Half Fat Cheddar Cheese,£1.89
chilled-food,EMPORIUM Mozzarella Cheese 10 Slices,£1.99
chilled-food,EMPORIUM British Mature Cheddar Cheese 10 Slices,£1.99
chilled-food,BROOKLEA Protein Strawberry Yogurt Pouch,£0.89
chilled-food,BROOKLEA Protein Raspberry Yogurt Pouch,£0.89
chilled-food,BROOKLEA Protein Peach & Passion Fruit Yogurt Pouch,£0.89
chilled-food,BROOKLEA Passionfruit Skyr Yogurt Pouch,£0.69
chilled-food,BROOKLEA Raspberry Skyr Yogurt Pouch,£0.69
chilled-food,BROOKLEA Superberry Skyr Yogurt Pouch,£0.69
chilled-food,EMPORIUM British Cheddar Cheese with Black Pepper 5 Slices,£1.75
chilled-food,EMPORIUM British Smoky Cheddar Cheese 5 Slices,£1.75
chilled-food,EMPORIUM British Spicy Cheddar Cheese with Chilli 5 Slices,£1.75
chilled-food,EMPORIUM British Double Gloucester Cheese with Onion & Chive 5 Slices,£1.75
chilled-food,EMPORIUM British Smoky Cheddar Cheese,£1.99
chilled-food,EMPORIUM British Spicy Cheddar Cheese with Chilli,£1.99
chilled-food,EMPORIUM British Wensleydale & Cranberry Cheese,£1.99
chilled-food,EMPORIUM British Double Gloucester with Onion & Chive Cheese,£1.99
chilled-food,EMPORIUM British Cheddar with Pickled Onion Cheese,£1.99
chilled-food,EMPORIUM Dutch Emmental Cheese 16 Slices,£2.69
chilled-food,EMPORIUM Dutch Maasdam Cheese 16 Slices,£2.69
chilled-food,EMPORIUM Dutch Edam Cheese 16 Slices,£2.69
chilled-food,EMPORIUM Dutch Gouda Cheese 16 Slices,£2.69
chilled-food,BROOKLEA Coconut Greek Style Yogurt,£1.19
chilled-food,BROOKLEA Greek Style Honey Yogurt,£1.19
chilled-food,SPECIALLY SELECTED Sicilian Lemon Luxury Yogurt,£0.59
chilled-food,SPECIALLY SELECTED Yellow Peach Luxury Yogurt,£0.59
chilled-food,SPECIALLY SELECTED Strawberry & Cream Luxury Yogurt,£0.59
chilled-food,SPECIALLY SELECTED Raspberry & Cream Luxury Yogurt,£0.59
chilled-food,SPECIALLY SELECTED Mango & Passion Fruit Luxury Yogurt,£0.59
chilled-food,BROOKLEA Vanilla Flavoured Authentic Greek Yogurt,£0.89
chilled-food,BROOKLEA Raspberry Flavoured Authentic Greek Yogurt,£0.89
chilled-food,BROOKLEA Mango Authentic Greek Yogurt,£0.89
chilled-food,BROOKLEA Honey Authentic Greek Yogurt,£0.89
chilled-food,SPECIALLY SELECTED West Country Mature Cheddar Cheese,£2.99
chilled-food,SPECIALLY SELECTED West Country Extra Mature Cheddar Cheese,£2.99
chilled-food,SPECIALLY SELECTED West Country Vintage Cheddar Cheese,£2.99
chilled-food,DESSERT MENU Strawberry Trifle,£2.69
chilled-food,DESSERT MENU Chocolate Trifle,£2.69
chilled-food,SPECIALLY SELECTED Shropshire Blue Blue Stilton,£2.79
chilled-food,SPECIALLY SELECTED Long Clawson Mature Stilton Blue Stilton,£2.79
chilled-food,DESSERT MENU Strawberry Trifles 3 Pack,£1.69
chilled-food,DESSERT MENU Raspberry Trifles 3 Pack,£1.69
chilled-food,DESSERT MENU Chocolate Mousse,£0.85
chilled-food,DESSERT MENU Strawberry Mousse,£0.85
chilled-food,DESSERT MENU Strawberry Scottish Tarts,£1.59
chilled-food,DESSERT MENU Toffee Scottish Tarts,£1.59
chilled-food,SPECIALLY SELECTED 'Nduja & Mozzarella Croquettes,£1.99
chilled-food,SPECIALLY SELECTED Nacho Cheese Croquettes,£1.99
chilled-food,"SPECIALLY SELECTED Chicken, Parmesan & Cheddar Bites",£1.99
chilled-food,EAT & GO BBQ Flavoured Protein Chicken Skewers 10 Pack*,£1.59
chilled-food,EAT & GO Sweet Chilli Protein Chicken Skewers 10 Pack*,£1.59
chilled-food,EAT & GO Peri Peri Protein Chicken Skewers 10 Pack*,£1.59
chilled-food,ASHFIELD FARM Ready to Eat Piri Piri Chicken Slices,£2.85
chilled-food,ASHFIELD FARM Ready to Eat Flame Grilled Chicken Slices,£2.85
chilled-food,ASHFIELD FARM Ready To Eat Sweet Chilli Chicken Slices,£2.85
chilled-food,INSPIRED CUISINE Thai Green Curry with rice,£2.79
chilled-food,INSPIRED CUISINE Teriyaki,£2.79
chilled-food,ASHFIELDS BBQ Brisket 10 Slices,£1.89
chilled-food,ASHFIELDS British Pastrami 10 Slices,£1.89
chilled-food,CRESTWOOD Ready to Eat Mini Chicken Kievs,£1.99
chilled-food,CRESTWOOD Cheese Bites,£1.99
chilled-food,CRESTWOOD Pizza Pops,£1.99
chilled-food,INSPIRED CUISINE Chicken Korma With Pilau Rice,£2.79
chilled-food,INSPIRED CUISINE Chicken Rogan Josh With Pilau Rice,£2.79
chilled-food,BILASH Chicken Jalfrezi With Pilau Rice,£2.79
chilled-food,BILASH Chicken Vindaloo With Pilau Rice,£2.79
chilled-food,"SPECIALLY SELECTED Chicken, Chorizo & Roquito Pepper Wood Fired Sourdough Pizza",£3.49
chilled-food,EVERYDAY ESSENTIALS Cooked Chicken Breast Mini Fillets,£1.99
chilled-food,EVERYDAY ESSENTIALS Sweet Chilli Chicken Breast Mini Fillets,£1.99
chilled-food,SPECIALLY SELECTED Summer Edition Macarons 6 Pack,£2.19
chilled-food,SPECIALLY SELECTED Classic Edition Macarons 6 Pack,£2.19
chilled-food,SPECIALLY SELECTED Sticky Toffee Pudding,£2.49
chilled-food,SPECIALLY SELECTED Cherry Bakewell Sponge Pudding,£2.49
chilled-food,BROOKLEA Salted Caramel Protein Yogurt,£0.75
chilled-food,BROOKLEA Vanilla Protein Yogurt,£0.75
chilled-food,BROOKLEA Lemon Cheesecake Protein Yogurt,£0.75
chilled-food,CRESTWOOD Peppered Steak Single Slices,£0.99
chilled-food,CRESTWOOD Chicken & Bacon Single Slices,£0.99
chilled-food,THE DELI German Salami 26 Slices,£0.99
chilled-food,THE DELI German Peppered Salami 26 Slices,£0.99
chilled-food,GREENVALE Meadow Flower Spread,£1.59
chilled-food,GREENVALE Meadow Flower Light Spread,£1.59
chilled-food,EMPORIUM Dip-It Cheese Dip with Breadsticks 4 Pack,£1.95
chilled-food,EMPORIUM Dip-It Cheese Dip with Crackers 4 Pack,£1.95
chilled-food,EMPORIUM Dip-It Cheese Dip with Sour Cream & Chive Tubes 4 Pack,£1.95
chilled-food,EAT & GO Roast Chicken Snackers Mini Pack,£1.79
chilled-food,EAT & GO Southern Fried Chicken Snackers Mini Pack,£1.79
chilled-food,DESSERT MENU Bramley Apple Family Crumble,£2.99
chilled-food,DESSERT MENU Sweet Rhubarb Family Crumble,£2.99
chilled-food,DESSERT MENU Apple Pies,£2.99
chilled-food,DESSERT MENU Cherry Pies,£2.99
chilled-food,SPECIALLY SELECTED Mango Yogurt Granola,£1.09
chilled-food,SPECIALLY SELECTED Blueberry Yogurt Granola,£1.09
chilled-food,SPECIALLY SELECTED Strawberry Yogurt Granola,£1.09
chilled-food,SPECIALLY SELECTED Lime & Mandarin Yogurt Granola,£1.09
chilled-food,SPECIALLY SELECTED Raspberry Yogurt Granola,£1.09
chilled-food,PLANT MENU Organic Super Firm Tofu,£0.95
chilled-food,PLANT MENU Organic Smoked Tofu,£0.95
chilled-food,PLANT MENU Sweet Chilli Marinated Tofu,£0.95
chilled-food,SPECIALLY SELECTED Belgian Chocolate Millionaire's Cheesecakes 2 Pack,£2.29
chilled-food,SPECIALLY SELECTED Caramelised Biscuit Cheesecakes 2 Pack,£2.29
chilled-food,THE DELI Lemon & Herb Olives,£1.85
chilled-food,THE DELI Chilli & Garlic Olives,£1.85
chilled-food,THE DELI Marinated Tomatoes,£1.85
chilled-food,THE DELI Chimichurri Olives,£1.85
chilled-food,EMPORIUM Mild Cheddar Cheese Sticks 6 Pack,£1.25
chilled-food,EMPORIUM Mature Cheddar Cheese Sticks 6 Pack,£1.25
chilled-food,GREENVALE Olive Spread,£1.25
chilled-food,GREENVALE Light Olive Spread,£1.25
chilled-food,SPECIALLY SELECTED Steak Pie,£2.99
chilled-food,"SPECIALLY SELECTED Chicken, Bacon & Leek Pie",£2.99
chilled-food,THE PANTRY Ready Rolled Puff Pastry 320g,£0.99
chilled-food,THE PANTRY Ready Rolled Shortcrust Pastry 320g,£0.99
chilled-food,SPECIALLY SELECTED Steak Pie,£4.99
chilled-food,"SPECIALLY SELECTED Chicken, Bacon & Leek Pie",£4.99
chilled-food,CUCINA Chicken & Bacon Tortelloni,£1.69
chilled-food,CUCINA Spicy Sausage Tortelloni,£1.69
chilled-food,SPECIALLY SELECTED Sicilian Queen Nocellara Olives,£2.19
chilled-food,SPECIALLY SELECTED Greek Marinated Olives,£2.19
chilled-food,SPECIALLY SELECTED Cream Cheese Stuffed Cherry Bell Peppers,£2.19
chilled-food,SPECIALLY SELECTED Double Stuffed Giant Halkidiki Olives,£2.19
chilled-food,SPECIALLY SELECTED Caprese Salad Olives,£2.19
chilled-food,SPECIALLY SELECTED Marinated Olive & Antipasti Salad,£2.19
chilled-food,BROOKLEA Vanilla Flavoured Protein Yogurt with Milk Chocolate Balls,£1.39
chilled-food,BROOKLEA Strawberry Flavoured Protein Yogurt with White Chocolate Balls,£1.39
chilled-food,THE DELI Pitted Green & Black Olives With Feta,£1.99
chilled-food,THE DELI Pitted Green Olives With Cheddar,£1.99
chilled-food,THE DELI Marinated Tomatoes & Mozzarella Cheese,£1.99
chilled-food,EAT & GO Protein Chinese Style Skewers with Sweet Chilli Dip,£1.99
chilled-food,EAT & GO Protein Greek Style Kebabs with Tzatziki Dip,£1.99
chilled-food,EAT & GO Protein Roast Chicken Flavour Kebabs with Caesar Dip,£1.99
chilled-food,SPECIALLY SELECTED Indian Style Salad Bowl,£1.39
chilled-food,EMPORIUM British Red Leicester Cheese 400g,£2.49
chilled-food,EMPORIUM British Medium Cheddar Cheese,£2.49
chilled-food,PLANT MENU Mature Coconut Oil Based Vegan Cheese 9 Slices,£1.95
chilled-food,PLANT MENU Mature Grated Cocnut Oil Based Vegan Cheese,£1.95
chilled-food,ASHFIELDS British Wafer Thin Honey Roast Ham Family Pack 28 Slices,£3.59
chilled-food,ASHFIELDS British Wafer Thin Cooked Ham Family Pack 28 Slices,£3.59
chilled-food,EAT & GO Chicken & Duck XL Selection Sushi,£3.99
chilled-food,EMPORIUM Classic Grilling Cheese,£1.59
chilled-food,EMPORIUM British Mature 50% Lighter Cheddar Cheese,£2.49
chilled-food,EMPORIUM British Mature 30% Lighter Cheddar Cheese,£2.49
chilled-food,INSPIRED CUISINE Protein Sweet & Sour Chicken,£2.89
chilled-food,BROOKLEA Yogurt & Fruit Compote Strawberry and Peach & Apricot Splitpots 6 Pack,£2.29
chilled-food,BROOKLEA Yogurt & Fruit Compote Blackberry & Raspberry and Red Cherry Splitpots 6 Pack,£2.29
chilled-food,SPECIALLY SELECTED Belton Farm Red Fox Vintage Red Leicester Cheese,£2.45
chilled-food,SPECIALLY SELECTED Barber's Cave Aged Extra Mature British Cheddar Cheese,£2.45
chilled-food,SPECIALLY SELECTED Typically 30 Months Matured Davidstow British Vintage Cheddar Cheese,£2.45
chilled-food,BROOKLEA Strawberry Greek Style Yoghurts 4 Pack,£1.59
chilled-food,BROOKLEA Salted Caramel Greek Style Yoghurts 4 Pack,£1.59
chilled-food,SPECIALLY SELECTED Lemon & White Chocolate Cheesecake Slices,£2.09
chilled-food,SPECIALLY SELECTED Sicilian Lemon Summer Tart,£3.79
chilled-food,SPECIALLY SELECTED Tomato & Lentil Soup,£2.49
chilled-food,SPECIALLY SELECTED Chicken & Vegetable Soup,£2.49
chilled-food,SPECIALLY SELECTED Pea & Ham Hock Soup,£2.49
chilled-food,EMPORIUM Soft Italian Mozzarella,£0.99
chilled-food,SPECIALLY SELECTED Moroccan Vegetable Soup,£2.49
chilled-food,SPECIALLY SELECTED Thai Chicken Soup,£2.49
chilled-food,SPECIALLY SELECTED Spiced Pumpkin Soup,£2.49
chilled-food,SPECIALLY SELECTED Butternut Squash Soup,£2.49
chilled-food,CUCINA Spaghetti & Meatballs,£2.79
chilled-food,CUCINA Chicken Arrabbiata,£2.79
chilled-food,CUCINA Ham & Mushroom Tagliatelle,£2.79
chilled-food,CUCINA Tuna Pasta Bake,£2.79
chilled-food,CUCINA Spaghetti Carbonara,£2.79
chilled-food,CUCINA Chicken & Bacon Pasta Bake,£2.79
chilled-food,CUCINA Tomato & Mozzarella Pasta Bake,£2.79
chilled-food,CUCINA Spinach & Ricotta Cannelloni,£2.79
chilled-food,CUCINA Macaroni Cheese,£2.79
chilled-food,CUCINA Spaghetti Bolognese,£2.79
chilled-food,EMPORIUM British Grated Red Leicester Cheese,£1.89
chilled-food,EMPORIUM Grated Cheddar & Mozzarella Cheese Mix,£1.89
chilled-food,DESSERT MENU Lemon Cheesecakes 3 Pack,£1.69
chilled-food,DESSERT MENU Strawberry Cheesecakes 3 Pack,£1.69
chilled-food,DESSERT MENU Blackcurrant Cheesecakes 3 Pack,£1.69
chilled-food,CUCINA Carbonara Pasta Bake Family Pack,£4.99
chilled-food,CUCINA Tomato & Pesto Pasta Bake Family Pack,£4.99
chilled-food,EAT & GO Ham & Cheddar Cheese Wrap,£2.29
chilled-food,EAT & GO Southern Fried Chicken Wrap,£2.29
chilled-food,EAT & GO Falafel & Houmous Wrap,£2.29
chilled-food,THE DELI Smooth Brussels Pâté,£0.99
chilled-food,THE DELI Coarse Farmhouse Pâté with Mushroom,£0.99
chilled-food,THE DELI Coarse Ardennes Pâté,£0.99
chilled-food,EAT & GO Chicken & Bacon Caesar Wrap,£2.29
chilled-food,EAT & GO Hoisin Duck Wrap,£2.29
chilled-food,EAT & GO Salt & Pepper Chicken with Mayo Wrap,£2.29
chilled-food,"EAT & GO EAT & GO, ELEVATED WRAPS, New 2",£2.29
chilled-food,CRESTWOOD Steak Family Pie,£2.99
chilled-food,CRESTWOOD Chicken Family Pie,£2.99
chilled-food,BILASH Hot Chicken Tikka Masala with Pilau Rice,£2.79
chilled-food,BILASH Chicken Tikka Masala with Pilau Rice,£2.79
chilled-food,DESSERT MENU Sharer Brownie,£1.89
chilled-food,DESSERT MENU Sharer Cookie,£1.89
chilled-food,EMPORIUM Somerset Brie Cheese,£1.69
chilled-food,EMPORIUM Somerset Camembert,£1.69
chilled-food,EMPORIUM Somerset Goat's Cheese,£1.69
chilled-food,SPECIALLY SELECTED Raspberry & Passion Fruit Layered Yogurt,£0.69
chilled-food,SPECIALLY SELECTED Mango & Vanilla layered Yogurt,£0.69
chilled-food,SPECIALLY SELECTED Blueberry & Blackcurrant Layered Yogurt,£0.69
chilled-food,SPECIALLY SELECTED GASTRO Mac & Cheese,£3.59
chilled-food,SPECIALLY SELECTED GASTRO Veg Fajita Mac & Cheese,£3.59
chilled-food,SPECIALLY SELECTED Mozzarella & Slow Roasted Tomato Wood Fired Sourdough Pizza,£2.89
chilled-food,SPECIALLY SELECTED Spicy Salami & Chilli Jam Wood Fired Sourdough Pizza,£2.89
chilled-food,CRESTWOOD Puff Pastry Ham & Cheese Slices 2 Pack,£1.65
chilled-food,CRESTWOOD Puff Pastry Cheesy Bean Slices 2 Pack,£1.65
chilled-food,CRESTWOOD Cheese & Onion Slices 2 Pack,£1.65
chilled-food,CRESTWOOD Cheese & Bacon Crispbakes 2 Pack,£1.49
chilled-food,CRESTWOOD Corned Beef Crispbakes 2 Pack,£1.49
chilled-food,CRESTWOOD Cheese & Onion Crispbakes 2 Pack,£1.49
chilled-food,DESSERT MENU Original Protein Pancakes,£1.99
chilled-food,DESSERT MENU Chocolate Protein Pancakes,£1.99
chilled-food,COWBELLE Chocolate Flavoured Protein Milkshake,£0.99
chilled-food,COWBELLE Strawberry Flavoured Protein Milkshake,£0.99
chilled-food,COWBELLE Vanilla Flavoured Protein Milkshake,£0.99
chilled-food,SPECIALLY SELECTED Applewood Smoked Wiltshire Cured Ham 6 Slices,£2.19
chilled-food,SPECIALLY SELECTED Blossom Honey Roasted Wiltshire Cured Ham 6 Slices,£2.19
chilled-food,BROOKLEA Apricot Flavour Thick & Creamy Yogurt,£0.49
chilled-food,BROOKLEA Peach & Passionfruit Flavour Thick & Creamy Yogurt,£0.49
chilled-food,BROOKLEA Raspberry Flavour Thick & Creamy Yogurt,£0.49
chilled-food,BROOKLEA Strawberry Flavour Thick & Creamy Yogurt,£0.49
chilled-food,CARLOS Protein Meat Feast Pizza,£2.69
chilled-food,EAT & GO Chicken & Bacon Protein Poppers 5 Pack,£1.99
chilled-food,EAT & GO Garlic & Herb Protein Chicken Poppers 5 Pack,£1.99
chilled-food,CUCINA Three Cheese Pasta Bake Family Pack,£4.99
chilled-food,CUCINA Pepperoni Pasta Bake Family Pack,£4.99
chilled-food,SPECIALLY SELECTED Lemon & Coriander Topped Houmous,£1.59
chilled-food,SPECIALLY SELECTED Extra Smooth Houmous With Sriracha & Hot Honey,£1.59
chilled-food,SPECIALLY SELECTED Extra Smooth Classic Houmous,£1.59
chilled-food,SPECIALLY SELECTED Red Pepper Topped Houmous,£1.59
chilled-food,SPECIALLY SELECTED Cheese Coleslaw,£1.49
chilled-food,SPECIALLY SELECTED Potato Salad,£1.49
chilled-food,CARLOS Garlic & Cheese Doughballs Tear & Share 12 Pack,£1.99
chilled-food,CARLOS Garlic Ciabatta Squares 4 Pack,£1.99
chilled-food,SPECIALLY SELECTED Extra Thick Layered Indian Style Loaded Dip,£1.99
chilled-food,SPECIALLY SELECTED Extra Thick Chicken Caesar Loaded Dip,£1.99
chilled-food,SPECIALLY SELECTED Extra Thick Whipped Feta Loaded Dip,£1.99
chilled-food,SPECIALLY SELECTED Premium Mango & Passionfruit Trifles Twinpack,£2.99
chilled-food,SPECIALLY SELECTED Pistachio Tiramisu 2 Pack,£2.29
chilled-food,SPECIALLY SELECTED Chocolate & Hazelnut Tiramisu 2 Pack,£2.29
chilled-food,BROOKLEA Strawberry Protein Yogurt Drink,£1.25
chilled-food,SPECIALLY SELECTED Slow Roasted Tomato & Halloumi Vegetable Burgers 2 Pack,£1.99
chilled-food,"SPECIALLY SELECTED Harissa, Red Pepper and Chickpea Burgers",£1.99
chilled-food,SPECIALLY SELECTED Kimchi Vegetable Burgers 2 Pack,£1.99
chilled-food,DESSERT MENU Tiramisu 2 Pack,£1.49
chilled-food,DESSERT MENU Raspberry Panna Cotta 2 Pack,£1.49
chilled-food,BROOKLEA Brooklea Tube It,£1.29
chilled-food,BROOKLEA Natural Kefir Pot,£1.09
chilled-food,BROOKLEA Mango Kefir Pot,£1.09
chilled-food,BROOKLEA Strawberry Kefir Pot,£1.09
chilled-food,BROOKLEA Natural Kefir Drink,£2.09
chilled-food,BROOKLEA Mixed Berry Kefir Drink,£2.09
chilled-food,EAT & GO Naked Katsu Chicken Poke Bowl,£3.99
chilled-food,EAT & GO Teriyaki Salmon Poke Bowl,£3.99
chilled-food,EMPORIUM Squeezy Cheese,£1.19
chilled-food,EMPORIUM Squeezy Cheese with Chives,£1.19
chilled-food,EAT & GO Tikka Curry in a Naan,£1.99
chilled-food,EAT & GO Tandoori Curry in a Naan,£1.99
chilled-food,INSPIRED CUISINE Protein Creamy Chicken,£2.89
chilled-food,INSPIRED CUISINE Protein Paella,£2.89
chilled-food,SPECIALLY SELECTED Pork Cocktail Sausages,£1.99
chilled-food,SPECIALLY SELECTED Caramelised Onion Cocktail Sausage,£1.99
chilled-food,SPECIALLY SELECTED Bacon & Garlic Cocktail Sausage,£1.99
chilled-food,CRESTWOOD Spinach & Pepper Egg Bites,£1.99
chilled-food,CRESTWOOD Cheese & Bacon Egg Bites,£1.99
chilled-food,CRESTWOOD Chicken & Leek Egg Bites,£1.99
chilled-food,CRESTWOOD Spinach & Feta Parcels,£1.99
chilled-food,CRESTWOOD Tomato & Mozzarella Parcels,£1.99
chilled-food,CRESTWOOD Chilli Sweetcorn Parcels,£1.99
chilled-food,SPECIALLY SELECTED Pork & Beef Koftas,£2.49
chilled-food,SPECIALLY SELECTED Meatballs Albondigas,£2.49
chilled-food,SPECIALLY SELECTED Ibérico Ham Croqueta,£2.49
chilled-food,SPECIALLY SELECTED Chargrilled Spanish Chorizo,£2.49
chilled-food,SPECIALLY SELECTED Chicken Parmigiana,£2.49
chilled-food,SPECIALLY SELECTED Spanish Mushroom Croquetas,£2.49
chilled-food,CRESTWOOD Chipotle Chicken,£2.79
chilled-food,CRESTWOOD Chilli Con Carne,£2.79
chilled-food,THE DELI Tomato & Basil Side Salad,£1.49
chilled-food,THE DELI Beetroot Side Salad,£1.49
chilled-food,THE DELI Pesto Side Salad,£1.49
chilled-food,THE DELI Fajita Salad,£1.49
chilled-food,SPECIALLY SELECTED Brussel & Shallot Pâté,£1.49
chilled-food,SPECIALLY SELECTED Duck & Orange Pâté,£1.49
chilled-food,SPECIALLY SELECTED Baked Rustic Pâté,£1.49
chilled-food,THE DELI Cheese Coleslaw,£0.99
chilled-food,THE DELI Potato Salad,£0.99
chilled-food,PLANT MENU Ultimate Sausages,£1.99
chilled-food,PLANT MENU No Chicken Pieces,£1.99
chilled-food,TASTE OF AMERICA Vegan Frickles,£1.99
chilled-food,TASTE OF AMERICA Breaded Mozzarella Sticks,£1.99
chilled-food,TASTE OF AMERICA Breaded Halloumi Fries,£1.99
chilled-food,TASTE OF AMERICA Triple Cheese Burger Melts,£1.99
chilled-food,TASTE OF AMERICA Spicy Buffalo Red Leicester Burger Melts,£1.99
chilled-food,TASTE OF AMERICA Monterey Jack Cheese Burger Melts,£1.99
chilled-food,TASTE OF AMERICA Buffalo Chicken Loaded Waffle Fries,£2.99
chilled-food,TASTE OF AMERICA Maple Bacon Loaded Tater Tots,£2.99
chilled-food,N/A BBQ Beef Brisket Mac & Cheese,£2.99
chilled-food,N/A Smoky Mac & Cheese,£2.99
chilled-food,TASTE OF AMERICA New Yorker Style Potato Salad,£1.29
chilled-food,TASTE OF AMERICA Texas Style BBQ Pit Beans,£1.29
chilled-food,TASTE OF AMERICA American Style Burger Slaw,£1.29
chilled-food,TASTE OF AMERICA Seasoned Fries,£1.49
chilled-food,TASTE OF AMERICA Garlic Fries,£1.49
chilled-food,EVERYDAY ESSENTIALS Low Fat Cottage Cheese,£0.95
chilled-food,BROOKLEA Greek Style Yogurt,£0.95
chilled-food,COWBELLE Fresh British Soured Cream,£0.85
chilled-food,BROOKLEA Fat Free Greek Style Yogurt,£0.95
chilled-food,"THE DELI Deli Filler Cheese/Ckn, Variant 1",£1.45
chilled-food,"THE DELI Deli Filler Cheese/Ckn, Variant 2",£1.45
chilled-food,"THE DELI Deli Filler Cheese/Ckn, Variant 3",£1.45
chilled-food,SPECIALLY SELECTED Apple Cider Pâté,£1.75
chilled-food,SPECIALLY SELECTED Mezze & Falafel,£2.75
chilled-food,EAT & GO Italian Deli Deeper Fill Sandwich,£2.19
chilled-food,CRESTWOOD Cheese & Onion Quiche,£1.99
chilled-food,BROOKLEA Chocolate Flavour Protein Pudding,£0.89
chilled-food,BROOKLEA Caramel Flavour Protein Pudding,£0.89
chilled-food,BROOKLEA White Chocolate Flavour Protein Pudding,£0.89
chilled-food,"EAT & GO EAT & GO, Salads, New 1",£2.29
chilled-food,EAT & GO Katsu Salad,£2.29
chilled-food,EAT & GO Tandoori Salad,£2.29
chilled-food,ACTILEAF Blueberry Soya Pot,£0.99
chilled-food,ACTILEAF Plain Soya Pot,£0.99
chilled-food,ACTILEAF Vanilla Flavour Soya Pot,£0.99
chilled-food,ACTILEAF Cherry Soya Pot,£0.99
chilled-food,SPECIALLY SELECTED Morello Cherry Luxury Yogurt,£0.59
chilled-food,GREENVALE Beautifully Buttery,£0.89
chilled-food,GREENVALE Beautifully Buttery Light,£0.89
chilled-food,BROOKLEA Chocolate Flavour Protein Mousse,£1.15
chilled-food,BROOKLEA Salted Caramel Flavour Protein Mousse,£1.15
chilled-food,SPECIALLY SELECTED Salsa Verde Olives,£2.19
chilled-food,SPECIALLY SELECTED Mexican Style Salad Bowl,£1.39
chilled-food,EAT & GO Fish Sushi Platter,£3.99
chilled-food,EAT & GO Vegetarian Sushi Platter,£3.99
chilled-food,EMPORIUM Chilli Grilling cheese,£1.59
chilled-food,EAT & GO Halloumi & Tzatziki Wrap,£2.29
chilled-food,EAT & GO Katsu Wrap,£2.29
chilled-food,"EAT & GO EAT & GO, ELEVATED WRAPS, New 3",£2.29
chilled-food,EAT & GO Fajita Wrap,£2.29
chilled-food,EAT & GO Gochujang Chicken Wrap,£2.29
chilled-food,SPECIALLY SELECTED Caramel Layered Yogurt,£0.69
chilled-food,SPECIALLY SELECTED GASTRO BBQ Pulled Pork Mac & Cheese,£3.59
chilled-food,BROOKLEA Vanilla Protein Rice Pudding,£0.85
chilled-food,BROOKLEA Chocolate Protein Rice Pudding,£0.85
chilled-food,BROOKLEA High Protein Vanilla Greek Style,£1.59
chilled-food,THE DELI Herbs Sliced Cooked Chicken,£2.09
chilled-food,THE DELI Classic Sliced Cooked Chicken,£2.09
chilled-food,THE DELI BBQ Sliced Cooked Chicken,£2.09
chilled-food,EAT & GO Italian Pork Meatballs,£1.99
chilled-food,EAT & GO Roast Chicken Meatballs,£1.99
chilled-food,EAT & GO Southern Fried Meatballs,£1.99
chilled-food,Peppered Ham Trimmings,£2.25
chilled-food,Cooked Meat Trimmings,£2.25
chilled-food,THE CHEESE EMPORIUM Full Fat Soft Cheese,£0.89
chilled-food,ELMLEA Double Elmlea,£1.39
chilled-food,LURPAK Lurpak Spreadable,£4.29
chilled-food,STRINGS AND THINGS Cheestrings 8 Pack,£2.45
chilled-food,EE Roast Chicken Breast Fillets 2 Pack,£2.29
chilled-food,EE Cooked Chicken Breast Slices,£1.99
chilled-food,ASHFIELD Ready To Eat Roast Chicken Drumsticks,£2.49
chilled-food,ASHFIELD British Cooked Chicken Family Pack 14 Slices,£2.19
chilled-food,SPECIALLY SELECTED DINE IN Butter Chicken,£3.99
chilled-food,SPECIALLY SELECTED DINE IN King Prawn Bhuna,£3.99
chilled-food,FLORA Flora Lighter,£2.15
chilled-food,FLORA Flora Buttery,£2.15
chilled-food,SERIOUSLY Original Spreadable Cheese,£1.19
chilled-food,SERIOUSLY Lighter Spreadable Cheese,£1.19
chilled-food,SERIOUSLY Vintage Spreadable Cheese,£1.19
chilled-food,CATHEDRAL CITY Extra Mature Cheddar Cheese,£2.99
chilled-food,CATHEDRAL CITY Mature Cheddar Cheese,£2.99
chilled-food,QUORN Vegetarian Ham Slices,£1.45
chilled-food,QUORN Vegetarian Chicken Slices,£1.45
chilled-food,SPECIALLY SELECTED DINE IN Chicken Nduja,£3.59
chilled-food,SPECIALLY SELECTED DINE IN Chilli Prawn,£3.59
chilled-food,BRANDED Protein Chicken Tikka Masala,£2.89
chilled-food,QUORN Cocktail Sausages 20 Pack*,£1.99
chilled-food,QUORN Picnic Eggs 10 Pack*,£1.99
chilled-food,QUICKSTERS Southern Fried Chicken Sandwich,£0.99
chilled-food,QUICKSTERS Flame Grilled Beef Burger,£0.99
chilled-food,QUICKSTERS All Day Breakfast Sausage Muffin,£1.45
chilled-food,QUICKSTERS Flame Grilled Quarter Pounder,£1.45
chilled-food,QUICKSTERS Flame Grilled BBQ Rib,£1.39
chilled-food,QUICKSTERS Southern Fried Chicken Sub,£1.39
chilled-food,HEALTH Tandoori Chicken Buddha Bowl,£2.99
chilled-food,HEALTH Naked Chicken Katsu Bowl,£2.99
chilled-food,"HEALTH Red Pepper, Carrot and Tomato Soup",£1.99
chilled-food,"HEALTH Broccoli, Pea & Kale Soup",£1.99
chilled-food,HEALTH Chicken & Bean Soup,£1.99
chilled-food,BRANDED Protein Meatball Pasta,£2.89
chilled-food,BRANDED Protein BBQ Pulled Pork & Rice,£2.89
chilled-food,BABYBEL Original Mini Babybels 10 Pack,£2.95
chilled-food,BABYBEL Light Mini Babybels 10 Pack,£2.95
chilled-food,FLAKE BAKE Jamaican Beef Patty,£0.99
chilled-food,FLAKE BAKE Jamaican Chicken Patty,£0.99
chilled-food,DESPICABLE ME Minions Ham 7 Pack,£0.99
chilled-food,DESPICABLE ME Jurassic World Ham 7 Pack,£0.99
chilled-food,SPECIALLY SELECTED DINE IN Caesar Chicken,£3.59
chilled-food,SPECIALLY SELECTED DINE IN Meatball Al Forno,£3.59
chilled-food,TASTE OF AMERICA Onion Rings,£1.99
chilled-food,TASTE OF AMERICA Spiced Wedges,£1.99
chilled-food,GRAHAM'S THE FAMILY DAIRY Strawberry Fruit Layered Cottage Cheese,£1.49
chilled-food,GRAHAM'S THE FAMILY DAIRY Peach Fruit Layered Cottage Cheese,£1.49
chilled-food,LYTTOS Greek Yoghurt 10% Fat,£1.99
chilled-food,HEALTH Korean Salads,£2.99
chilled-food,HEALTH Harissa Salads,£2.99
frozen-food,FOUR SEASONS Sweetcorn,£1.49
frozen-food,FOUR SEASONS Mini Corn Cobs,£1.29
frozen-food,FOUR SEASONS Hash Browns,£1.75
frozen-food,FOUR SEASONS Sweet Potato Fries,£1.99
frozen-food,FOUR SEASONS Crinkle Cut Fries,£1.99
frozen-food,FOUR SEASONS French Fries,£1.25
frozen-food,FOUR SEASONS Lightly Spiced Potato Wedges,£1.29
frozen-food,FOUR SEASONS Curly Fries,£1.39
frozen-food,THE FISHMONGER Skinless & Boneless Basa Fillets,£1.79
frozen-food,FOUR SEASONS Frozen Blueberries,£1.99
frozen-food,GIANNI'S Mini Chocolate Lolly,£2.05
frozen-food,THE FISHMONGER Breaded Omega 3 Fish Fingers 15 Pack,£1.49
frozen-food,GIANNI'S Family Favourites Ice Cream 12 Pack,£2.99
frozen-food,GIANNI'S Cornish Ice Cream,£3.29
frozen-food,SPECIALLY SELECTED Chunky Oven Chips,£3.29
frozen-food,FOUR SEASONS Country Vegetable Mix,£1.39
frozen-food,CARLOS Garlic Baguettes 2 Pack,£0.85
frozen-food,EVERYDAY ESSENTIALS Chicken Breast Fillets,£4.25
frozen-food,INSPIRED CUISINE Fisherman's Pie,£1.35
frozen-food,FOUR SEASONS Homestyle Straight Cut Chips,£1.29
frozen-food,FOUR SEASONS Steak Cut Chips,£1.99
frozen-food,SPECIALLY SELECTED Petits Pois,£1.09
frozen-food,GIANNI'S Milk Lollies Ice Creams,£1.15
frozen-food,GIANNI'S Ice Blitz Lollies,£1.39
frozen-food,FOUR SEASONS Mixed Vegetables,£0.99
frozen-food,EVERYDAY ESSENTIALS Yorkshire Puddings 15 Pack,£0.46
frozen-food,FOUR SEASONS Garden Peas,£1.15
frozen-food,OAKHURST Beef Quarter Pounders 4 Pack,£2.79
frozen-food,CARLOS Garlic & Cheese Pizza Bread,£1.09
frozen-food,THE FISHMONGER Breaded Cod Fish Fingers 10 Pack,£1.99
frozen-food,FOUR SEASONS Straight Cut Chips,£1.65
frozen-food,GIANNI'S Soft Scoop Vanilla Ice Cream,£1.65
frozen-food,FOUR SEASONS Skin On Beef Dripping Chips,£2.35
frozen-food,FOUR SEASONS Cauliflower Cheese,£1.99
frozen-food,FOUR SEASONS Crispy Skin On Fries,£1.89
frozen-food,FOUR SEASONS Mashed Potato,£1.19
frozen-food,FOUR SEASONS Alphabet Potato Letters,£0.79
frozen-food,FOUR SEASONS Potato Waffles 12 Pack,£1.45
frozen-food,FOUR SEASONS Ready Baked Jacket Potatoes 4 Pack,£2.35
frozen-food,SPECIALLY SELECTED Made with 100% British Beef Wagyu Burgers,£3.29
frozen-food,SPECIALLY SELECTED Large Beef Dripping Yorkshire Puddings 6 Pack,£1.99
frozen-food,GIANNI'S Super Cube Ice Cubes,£0.99
frozen-food,OAKHURST Breakfast Hash Browns 10 Pack,£1.49
frozen-food,CARLOS Garlic Bread Slices 10 Pack,£1.05
frozen-food,GIANNI'S Ice Cubes,£1.09
frozen-food,EVERYDAY ESSENTIALS Fish Fingers 10 Pack,£0.80
frozen-food,FOUR SEASONS Waffle Fries,£1.69
frozen-food,FOUR SEASONS Golden Yorkshire Puddings,£0.99
frozen-food,ROOSTERS Chicken Quarter Pounders 2 Pack,£1.69
frozen-food,GIANNI'S Vanilla Ice Cream Cones 6 Pack,£2.19
frozen-food,GIANNI'S Real Fruit Splits 6 Pack,£1.19
frozen-food,GIANNI'S Mini Whirls Lollies 8 Pack,£1.99
frozen-food,GIANNI'S Tropico Exotic Fruit Lollies 3 Pack,£1.19
frozen-food,CARLOS Thin Crust Stonebaked BBQ Meat Feast Pizza,£1.39
frozen-food,GIANNI'S Almond Mono Lolly,£1.79
frozen-food,GIANNI'S Whirlz,£1.99
frozen-food,GIANNI'S Milk Choc Ices 8 Pack,£1.49
frozen-food,EVERYDAY ESSENTIALS White Fish Fillets 1kg,£4.39
frozen-food,GIANNI'S Fruit Spiral Lollies 5 Pack,£1.29
frozen-food,GIANNI'S Rocket Lollies 8 Pack,£1.39
frozen-food,THE FISHMONGER Frozen Deepwater Prawns,£2.69
frozen-food,CARLOS Stonebaked Cheese Pizza,£1.39
frozen-food,CARLOS Stonebaked Pepperoni Pizza,£1.39
frozen-food,CARLOS Sweet Chilli Chicken Pizza,£1.39
frozen-food,GIANNI'S Vanilla Wafers Ice Cream Sandwiches 8 Pack,£1.99
frozen-food,GIANNI'S Neapolitan Wafers Ice Cream Sandwiches 8 Pack,£1.99
frozen-food,THE FISHMONGER Smoked Haddock,£3.79
frozen-food,THE FISHMONGER Cod Fillets,£3.79
frozen-food,THE FISHMONGER Haddock Fillets,£3.79
frozen-food,FOUR SEASONS Whole Green Beans,£1.19
frozen-food,FOUR SEASONS Broccoli Florets,£1.19
frozen-food,FOUR SEASONS Frozen Green Smoothie Mix,£1.49
frozen-food,FOUR SEASONS Frozen Exotic Smoothie Mix,£1.49
frozen-food,FOUR SEASONS Frozen Breakfast Topper Smoothie Mix,£1.49
frozen-food,FOUR SEASONS Summer Fruits,£1.99
frozen-food,FOUR SEASONS Black Forest Fruits,£1.99
frozen-food,FOUR SEASONS Frozen Dark Sweet Cherries,£1.79
frozen-food,FOUR SEASONS Frozen Mango Chunks,£1.79
frozen-food,FOUR SEASONS Frozen Pineapple Chunks,£1.79
frozen-food,FOUR SEASONS Frozen Strawberries,£1.99
frozen-food,FOUR SEASONS Frozen Raspberries,£1.99
frozen-food,GIANNI'S Strawberry & Vanilla Ice Cream Cones 4 Pack,£1.19
frozen-food,GIANNI'S Chocolate & Hazelnuts Ice Cream Cones 4 Pack,£1.19
frozen-food,GIANNI'S Chocolate Brownie Ice Cream,£1.99
frozen-food,GIANNI'S Cookie Dough Ice Cream,£1.99
frozen-food,GIANNI'S Cheeky Monkey Ice Cream,£1.99
frozen-food,GIANNI'S Salted Caramel Ice Creams 4 Pack,£1.59
frozen-food,GIANNI'S Mint Chocolate Ice Creams 4 Pack,£1.59
frozen-food,GIANNI'S Mint & Chocolate Ice Cream Cones 4 Pack,£1.19
frozen-food,GIANNI'S Toffee & Vanilla Ice Cream Cones 4 Pack,£1.19
frozen-food,"FOUR SEASONS Carrot, Broccoli & Sweetcorn Steam Bags 4 Pack",£1.89
frozen-food,"FOUR SEASONS Carrot, Peas & Sweetcorn Steam Bags 4 Pack",£1.89
frozen-food,THE FISHMONGER Breaded Cod 4 Pack,£3.39
frozen-food,THE FISHMONGER Battered Cod 4 Pack,£3.39
frozen-food,THE FISHMONGER Battered Haddock 4 Pack,£3.39
frozen-food,THE FISHMONGER Chunky Breaded Cod 4 Pack,£4.99
frozen-food,THE FISHMONGER Chunky Battered Cod 4 Pack,£4.99
frozen-food,SPECIALLY SELECTED Chip Shop Style Extra Large Battered Cod Fillets 2 Pack,£5.49
frozen-food,SPECIALLY SELECTED Chip Shop Style Extra Large Beer Battered Haddock Fillets 2 Pack,£5.49
frozen-food,SPECIALLY SELECTED Cheese & Dill Salmon Wellington,£4.99
frozen-food,SPECIALLY SELECTED Prawn & White Wine Salmon Wellington,£4.99
frozen-food,OAKHURST Thick Pork Sausages 16 Pack,£2.29
frozen-food,OAKHURST Irish Recipe Pork Sausages 16 Pack,£2.29
frozen-food,THE FISHMONGER Lemon & Herb Tempura Basa Fillets 2 Pack,£2.99
frozen-food,THE FISHMONGER Salt & Pepper Dusted Basa Fillets 2 Pack,£2.99
frozen-food,THE FISHMONGER Garlic & Herb Basa Fillets,£2.99
frozen-food,OAKHURST Cooked Sliced Chicken,£2.09
frozen-food,OAKHURST Cooked Diced Chicken,£2.09
frozen-food,ROOSTERS Cheese & Ham Chicken Kievs 4 Pack,£2.75
frozen-food,ROOSTERS Garlic & Herb Chicken Kievs 4 Pack,£2.75
frozen-food,ROOSTERS Chicken Nuggets in Breadcrumbs 30 Pack,£1.65
frozen-food,ROOSTERS Chicken Dippers in Batter 24 Pack,£1.65
frozen-food,DESSERT MENU Lemon Meringue Dessert,£2.19
frozen-food,DESSERT MENU Strawberry Eton Mess Meringue Dessert,£2.19
frozen-food,DESSERT MENU Banoffee Pie,£2.19
frozen-food,GIANNI'S Chocolate Chip Ice Cream Sandwiches 4 Pack,£2.49
frozen-food,GIANNI'S Cookies & Cream Ice Cream Sandwiches 6 Pack,£2.49
frozen-food,CARLOS Chicken & Mango Stonebaked Flatbread,£1.99
frozen-food,CARLOS Mozzarella & Basil Stonebaked Flatbread,£1.99
frozen-food,CARLOS Calabrese Salami Stonebaked Flatbread,£1.99
frozen-food,BON APPETIT! Bake from Frozen All Butter Croissants 8 Pack,£2.79
frozen-food,VILLAGE BAKERY Bake from Frozen All Butter Pains Au Chocolat 6 Pack,£2.79
frozen-food,ROOSTERS Chicken Goujons in Breadcrumbs,£1.49
frozen-food,ROOSTERS Chicken Goujons in Southern Fried Breadcrumbs,£1.49
frozen-food,ROOSTERS Battered Chicken Goujons,£1.49
frozen-food,GASTRO BY ROOSTERS Sticky BBQ Chicken Thigh Bites,£1.99
frozen-food,GASTRO BY ROOSTERS Sticky Teriyaki Chicken Thigh Bites,£1.99
frozen-food,DAIRYFINE Titan Ice Cream Bars 4 Pack,£1.99
frozen-food,DAIRYFINE Racer Ice Cream Bars 4 Pack,£1.99
frozen-food,DAIRYFINE Romeo Ie Cream Bars 4 Pack,£1.99
frozen-food,CRESTWOOD Chicken & Vegetable Pies 4 Pack,£1.99
frozen-food,CRESTWOOD Steak & Gravy Pies 4 Pack,£1.99
frozen-food,THE FISHMONGER Buttermilk Fish Burgers,£1.99
frozen-food,THE FISHMONGER Southern Fried Fish Burgers,£1.99
frozen-food,THE FISHMONGER Tempura Fish Burgers,£1.99
frozen-food,GASTRO BY ROOSTERS Flamin' Hot Chicken Chunks,£2.45
frozen-food,GASTRO BY ROOSTERS Southern Fried Chicken Chunks,£2.45
frozen-food,GASTRO BY ROOSTERS Breaded Chicken Chunks,£2.45
frozen-food,OAKHURST Breakfast Pork Patties 6 Pack,£2.39
frozen-food,OAKHURST Beef Burgers 6 Pack,£2.39
frozen-food,GASTRO BY ROOSTERS Flamin' Hot Chicken Strips,£3.99
frozen-food,GASTRO BY ROOSTERS Southern Fried Chicken Strips,£3.99
frozen-food,GASTRO BY ROOSTERS Tempura Chicken Strips,£3.99
frozen-food,CRESTWOOD Sausage Rolls 4 Pack,£1.15
frozen-food,CRESTWOOD Steak Bakes 2 Pack,£1.15
frozen-food,CRESTWOOD Chicken Bakes 2 Pack,£1.15
frozen-food,GASTRO BY ROOSTERS Buttermilk Chicken Thigh Fillet Burgers 2 Pack,£2.25
frozen-food,GASTRO BY ROOSTERS Flamin' Hot Chicken Thigh Fillet Burgers 2 Pack,£2.25
frozen-food,GASTRO BY ROOSTERS Southern Fried Chicken Thigh Fillet Burgers 2 Pack,£2.25
frozen-food,OAKHURST Red Wine Gravy Lamb Shanks 2 Pack,£6.99
frozen-food,OAKHURST Mint Gravy Lamb Shanks 2 Pack,£6.99
frozen-food,CARLOS Cheese & Tomato Pizza Subs 2 Pack,£0.99
frozen-food,CARLOS Pepperoni Pizza Subs 2 Pack,£0.99
frozen-food,GIANNI'S Strawberry Ice Cream,£2.45
frozen-food,CARLOS Takeaway Classic Crust Pepperoni Pizza,£2.49
frozen-food,CARLOS Takeaway Classic Crust The Big Cheese Pizza,£2.49
frozen-food,THE FISHMONGER Breaded Wholetail Scampi,£2.99
frozen-food,INSPIRED CUISINE Large Chicken & Vegetable Spring Rolls 6 Pack,£1.65
frozen-food,INSPIRED CUISINE Large Vegetable Spring Rolls 6 Pack,£1.65
frozen-food,PLANT MENU Spicy Bean Burgers 4 Pack,£1.39
frozen-food,PLANT MENU Vegetable Burgers 4 Pack,£1.39
frozen-food,PLANT MENU Vegetable Fingers 16 Pack,£1.39
frozen-food,GIANNI'S Lemon Sorbet,£2.29
frozen-food,GIANNI'S Raspberry Sorbet,£2.29
frozen-food,GIANNI'S Mango Sorbet,£2.29
frozen-food,DESSERT MENU Triple Chocolate Gateau,£1.75
frozen-food,DESSERT MENU Strawberry Sauce Gateau,£1.75
frozen-food,CRESTWOOD Mozzarella Sticks 12 Pack,£1.49
frozen-food,CRESTWOOD Mac N' Cheese Bites 12 Pack,£1.49
frozen-food,PLANT MENU Onion & Rosemary Sausages 6 Pack,£1.39
frozen-food,PLANT MENU Meat-Free Meatballs,£1.39
frozen-food,PLANT MENU Meat-Free Mince,£1.39
frozen-food,CARLOS BBQ Chicken & Bacon Stonebaked Sourdough Pizza,£2.49
frozen-food,SPECIALLY SELECTED Aberdeen Angus Quarter Pounders 4 Pack,£3.39
frozen-food,SPECIALLY SELECTED Cheese & Onion Quarter Pounders 4 Pack,£3.39
frozen-food,INSPIRED CUISINE Chicken Tikka Masala,£1.59
frozen-food,INSPIRED CUISINE Chicken Korma,£1.59
frozen-food,INSPIRED CUISINE Sweet & Sour,£1.59
frozen-food,ROOSTERS Southern Fried Poppin' Chicken,£0.89
frozen-food,ROOSTERS Battered Poppin' Chicken,£0.89
frozen-food,CARLOS Deep Pan Three Cheese Pizza,£1.35
frozen-food,CARLOS Deep Pan Pepperoni Pizza,£1.35
frozen-food,CARLOS Meat Feast BBQ Pizza,£1.35
frozen-food,EVERYDAY ESSENTIALS Pepperoni Pizza,£1.10
frozen-food,EVERYDAY ESSENTIALS Cheese & Tomato Pizza,£1.10
frozen-food,SPECIALLY SELECTED Garlic & Herb Argentinian Prawns,£3.79
frozen-food,SPECIALLY SELECTED Raw Peeled Argentinian Prawns,£3.79
frozen-food,THE FISHMONGER Skinless & Boneless Yellowfin Tuna Steaks,£3.49
frozen-food,THE FISHMONGER Boneless Wild Pink Salmon Fillets,£3.49
frozen-food,PLANT MENU No-Chicken Kievs,£1.99
frozen-food,PLANT MENU Salt & Vinegar-No Fish Fillets,£1.99
frozen-food,PLANT MENU Battered No-Pork Sausages,£1.99
frozen-food,GIANNI'S Pistachio Mochi Ice Cream 6 Pack,£3.45
frozen-food,GIANNI'S Chocolate & Hazelnut Mochi Ice Cream 6 Pack,£3.45
frozen-food,GIANNI'S Mango & Passion Fruit Mochi Ice Cream 6 Pack,£3.45
frozen-food,CARLOS Takeaway Meat Feast Classic Crust Pizza,£2.49
frozen-food,CARLOS Takeway BBQ Chicken & Bacon Classic Crust Pizza,£2.49
frozen-food,GIANNI'S Cookie Dough Ice Cream 472ml,£2.29
frozen-food,GIANNI'S Salted Caramel Ice Cream 472ml,£2.29
frozen-food,OAKHURST Chicken Strips 4 Pack with BBQ Dip,£2.49
frozen-food,OAKHURST Chicken Strips 4 Pack with Sweet Chilli Dip,£2.49
frozen-food,CRESTWOOD Bacon & Cheese Wraps 2 Pack,£1.65
frozen-food,CRESTWOOD All Day Breakfast Wraps 2 Pack,£1.65
frozen-food,FOUR SEASONS Garlic & Herb Parmentier Potatoes with Salted Parsley Butter,£1.89
frozen-food,FOUR SEASONS Salt & Pepper Parmentier Potatoes Coated in Butter with Salt & Crushed Black Pepper,£1.89
frozen-food,EVERYDAY ESSENTIALS Cheese & Tomato Pasta Bake,£0.99
frozen-food,EVERYDAY ESSENTIALS Chicken Curry with Rice,£0.99
frozen-food,EVERYDAY ESSENTIALS Spaghetti Bolognese,£0.99
frozen-food,FOUR SEASONS Salt & Pepper Fries,£1.95
frozen-food,GASTRO BY ROOSTERS Buttermilk Chicken Breast Fillet Burgers 4 Pack,£3.19
frozen-food,GASTRO BY ROOSTERS Southern Fried Chicken Breast Fillet Burgers 4 Pack,£3.19
frozen-food,GASTRO BY ROOSTERS Flamin' Hot Chicken Breast Fillet Burgers 4 Pack,£3.19
frozen-food,ROOSTERS Crispy Chicken Steaks in Batter 4 Pack,£1.79
frozen-food,ROOSTERS Southern Fried Chicken Steaks in Breadcrumbs 4 Pack,£1.79
frozen-food,ROOSTERS Flamin' Hot Chicken Steaks in a Fiery Coating 4 Pack,£1.79
frozen-food,PLANT MENU Ultimate No Beef Burgers 2 Pack,£2.49
frozen-food,PLANT MENU Ultimate No Pork Sausages 6 Pack,£2.49
frozen-food,"CRESTWOOD Chicken, Bacon & Leek Pies 2 Pack",£2.59
frozen-food,CRESTWOOD Steak & Ale Pies 2 Pack,£2.59
frozen-food,CRESTWOOD Double Cheeseburger Pies 2 Pack,£2.59
frozen-food,INSPIRED CUISINE Teriyaki Noodles Protein Pot,£1.75
frozen-food,INSPIRED CUISINE Beef Ragu Protein Pot,£1.75
frozen-food,INSPIRED CUISINE Chicken Katsu Curry Protein Pot,£1.75
frozen-food,INSPIRED CUISINE Peri Peri Chicken Protein Pot,£1.75
frozen-food,INSPIRED CUISINE Beef Burrito Protein Pot,£1.75
frozen-food,INSPIRED CUISINE Meatball Pasta Protein Pot,£1.75
frozen-food,CARLOS Limited Edition Takeaway Absolute Banger Pizza with a Hotdog Stuffed Crust,£2.89
frozen-food,CARLOS Limited Edition Takeaway Bacon Cheese Burger Pizza with a Cheese Stuffed Crust,£2.89
frozen-food,CARLOS Limited Edition Takeaway Salt & Pepper Chicken Pizza with a Spicy Tomato Stuffed Crust,£2.89
frozen-food,ROOSTERS Salt and Chilli Shredded Chicken,£2.99
frozen-food,ROOSTERS Plain Shredded Chicken,£2.99
frozen-food,THE FISHMONGER High Protein King Prawns in a Thai Green Curry,£1.99
frozen-food,THE FISHMONGER High Protein King Prawns in a Creamy Pesto Sauce,£1.99
frozen-food,VEGGIE MENU Mozzarella Burgers 2 Pack,£1.75
frozen-food,VEGGIE MENU Pesto & Cheddar Sausages 6 Pack,£1.75
frozen-food,VEGGIE MENU BBQ Sweet Potato Burgers 2 Pack,£1.75
frozen-food,ROOSTERS Peri Peri Chicken King Kebab,£5.29
frozen-food,"ROOSTERS Chicken King Kebab, Greek",£5.29
frozen-food,ROOSTERS Battered Chicken Balls in a Light & Crispy Batter,£2.99
frozen-food,DESSERT MENU New York Cheesecake,£1.99
frozen-food,DESSERT MENU Salted Caramel Cheesecake,£1.99
frozen-food,GIANNI'S Gelato Ice Cream Cups,£2.99
frozen-food,GIANNI'S Salted Caramel Gelato Ice Cream Cups 2 Pack,£2.99
frozen-food,ROOSTERS Protein Salt & Chilli Ready Cooked Chicken Skewers,£2.99
frozen-food,ROOSTERS Protein Teriyaki Ready Cooked Chicken Skewers,£2.99
frozen-food,ROOSTERS Lightly Seasoned Chicken Skewers,£2.99
frozen-food,ROOSTERS Protein Tandoori Chicken Skewers,£2.99
frozen-food,INSPIRED CUISINE Salt & Chilli Pepper Munch Box,£3.99
frozen-food,INSPIRED CUISINE Southern Style Munch Box,£3.99
frozen-food,INSPIRED CUISINE Peri Peri Munch Box,£3.99
frozen-food,INSPIRED CUISINE Curry Sauce Munch Box,£3.99
frozen-food,INSPIRED CUISINE Festive Munch Box,£3.99
frozen-food,INSPIRED CUISINE Classic Mac N Cheese,£1.39
frozen-food,INSPIRED CUISINE BBQ Pulled Pork Mac N Cheese,£1.39
frozen-food,INSPIRED CUISINE Chorizo Hot Honey Mac N Cheese,£1.39
frozen-food,PLANT MENU Grilled No Chicken Pieces,£1.79
frozen-food,PLANT MENU Garlic & Herb No Chicken Pieces,£1.79
frozen-food,PLANT MENU Mediterranean No Chicken Pieces,£1.79
frozen-food,"CRESTWOOD Sausage, Bean & Cheese Bakes 2 Pack",£1.15
frozen-food,CRESTWOOD Cheese & Onion Bakes 2 Pack,£1.15
frozen-food,CRESTWOOD Katsu Bakes 2 Pack,£1.15
frozen-food,SPECIALLY SELECTED Madagascan Vanilla Ice Cream,£2.69
frozen-food,SPECIALLY SELECTED Salted Caramel Ice Cream,£2.69
frozen-food,CRESTWOOD Halloumi Style Fries 10 Pack,£1.85
frozen-food,CRESTWOOD Halloumi Burger,£1.85
frozen-food,CRESTWOOD Halloumi Style Nuggets,£1.85
frozen-food,VEGGIE MENU Cheese & Onion Crispbakes 4 Pack,£1.99
frozen-food,VEGGIE MENU Cauliflower Cheese Grills 4 Pack,£1.99
frozen-food,VEGGIE MENU Pesto & Mozzarella Bakes 2 Pack,£1.99
frozen-food,VEGGIE MENU Spicy Butternut Squash & Chipotle Feta Bakes 2 Pack,£1.99
frozen-food,FOUR SEASONS Salt & Pepper Grill Fries,£1.99
frozen-food,VILLAGE BAKERY Bake from Frozen Cinnamon Swirls 4 Pack,£1.79
frozen-food,VILLAGE BAKERY Bake from Frozen Maple & Pecan Plaits 4 Pack,£1.79
frozen-food,THE FISHMONGER Raw Jumbo King Prawns,£2.49
frozen-food,THE FISHMONGER Cooked & Peeled Jumbo King Prawns,£2.49
frozen-food,FOUR SEASONS Super Crispy French Fries,£1.95
frozen-food,LET'S PARTY Nacho Cheese Bites 12 Pack,£1.99
frozen-food,LET'S PARTY Green Jalapeño Cheese Bites 14 Pack,£1.99
frozen-food,LET'S PARTY Garlic & Herb Cheese Bites 12 Pack,£1.99
frozen-food,CARLOS Stuffed Crust Loaded Pepperoni Pizza With Cheese & Pepperoni,£2.49
frozen-food,CARLOS Loaded Cheese Pizza With A Cheese Stuffed Crust,£2.49
frozen-food,CARLOS Loaded BBQ Chicken & Bacon Pizza With Barbecue Stuffed Crust,£2.49
frozen-food,INSPIRED CUISINE Duck Bao Buns 6 Pack,£1.99
frozen-food,INSPIRED CUISINE Duck & Hoisin Gyoza 12 Pack,£1.99
frozen-food,OAKHURST Chicken Nuggets with Dips,£1.79
frozen-food,INSPIRED CUISINE Chilli Chicken Miso Ramen Bowl,£1.79
frozen-food,INSPIRED CUISINE Coconut & Chilli Chicken Ramen Bowl,£1.79
frozen-food,INSPIRED CUISINE Korean Style Beef Ramen Bowl,£1.79
frozen-food,SPECIALLY SELECTED Extra Large Ecuadorian Cooked King Prawns,£2.99
frozen-food,SPECIALLY SELECTED Extra Large Ecuadorian Raw King Prawns,£2.99
frozen-food,ROOSTERS BBQ Cooked Chicken Wings,£2.79
frozen-food,ROOSTERS Hot & Spicy Cooked Chicken Wings,£2.79
frozen-food,GIANNI'S Neopolitan Whippy Cones 4 Pack,£2.69
frozen-food,GIANNI'S Cookies & Chocolate Whippy Cones 4 Pack,£2.69
frozen-food,GIANNI'S Mango & White Chocolate Super Soft Ice Cones,£2.69
frozen-food,GIANNI'S Classic Ice Creams,£1.79
frozen-food,GIANNI'S White Chocolate Ice Creams,£1.79
frozen-food,GIANNI'S Mango Fruit Sticks Ice Lollies 12 Pack,£2.29
frozen-food,GIANNI'S Pineapple Fruit Sticks Ice Lollies 12 Pack,£2.29
frozen-food,GIANNI'S Forest Fruit Sticks Ice Lollies 12 Pack,£2.29
frozen-food,GIANNI'S Cola Bottle Ice Lollies 6 Pack,£1.89
frozen-food,GIANNI'S Cherry Cola Bottle Ice Lollies 6 Pack,£1.89
frozen-food,OAKHURST Slow Cooked Hot Honey Pulled Pork,£2.99
frozen-food,OAKHURST Slow Cooked Smoky BBQ Pork Riblets,£2.99
frozen-food,SPECIALLY SELECTED Garlic Mushroom & Cheddar Lattices 2 Pack,£1.99
frozen-food,SPECIALLY SELECTED Mediterranean Inspired Vegetable & Pesto Lattices 2 Pack,£1.99
frozen-food,SPECIALLY SELECTED Three Cheese & Tomato Lattices 2 Pack,£1.99
frozen-food,GIANNI'S Vanilla Ovals 900ml,£1.95
frozen-food,GIANNI'S Toffee Ovals 900ml,£1.95
frozen-food,GIANNI'S Chocolate Ovals 900ml,£1.95
frozen-food,GIANNI'S Fiesta Lolly,£1.99
frozen-food,OAKHURST Beef Smash Burgers 4 Pack,£2.89
frozen-food,OAKHURST Beef Double Cheese Burgers 4 Pack,£3.29
frozen-food,OAKHURST Bacon Double Cheese Burgers 4 Pack,£3.29
frozen-food,SPECIALLY SELECTED Orange Lollies,£2.29
frozen-food,SPECIALLY SELECTED British Raspberry Lollies 4 Pack,£2.29
frozen-food,SPECIALLY SELECTED Pink Lemonade Lollies 4 Pack,£2.29
frozen-food,GIANNI'S Raspberry Flavour Sour Spiral Lollies,£1.29
frozen-food,THE FISHMONGER Fish Steaks in a Butter Sauce 2 Pack,£1.99
frozen-food,THE FISHMONGER Fish Steaks in a Parsley Sauce 2 Pack,£1.99
frozen-food,THE FISHMONGER Fish Steaks in a Cheese & Spinach Sauce 2 Pack,£1.99
frozen-food,GIANNI'S Millionaire's Luxury Chocsticks,£2.59
frozen-food,GIANNI'S Peanut Luxury Chocsticks,£2.59
frozen-food,GIANNI'S Raspberry Luxury chocsticks,£2.59
frozen-food,SPECIALLY SELECTED Lemon Meringue Gelato Tub,£2.49
frozen-food,SPECIALLY SELECTED Tiramisu Gelato Tub,£2.49
frozen-food,CARLOS Pomodoro Mozzarella Pizza Twist,£2.49
frozen-food,CARLOS Salami Mozzerella Pizza Twist,£2.49
frozen-food,THE FISHMONGER Extra Crunchy Gourmet Fish Fillet,£1.99
frozen-food,THE FISHMONGER Breaded Chunky Fish Fingers,£2.69
frozen-food,THE FISHMONGER Battered Chunky Fish Fingers,£2.69
frozen-food,FOUR SEASONS Mini Hash Brown Bites,£1.45
frozen-food,FOUR SEASONS Cheese Mini Hash Brown Bites,£1.45
frozen-food,SPECIALLY SELECTED Spicy Salami Italian Stonebaked Pizza,£2.89
frozen-food,SPECIALLY SELECTED Margherita Italian Stonebaked Pizza,£2.89
frozen-food,"SPECIALLY SELECTED Ham, Mushroom & Mascarpone Italian Stonebaked Pizza",£2.89
frozen-food,ROOSTERS Dino Chicken Shapes,£1.99
frozen-food,ROOSTERS Unicorn Chicken Shapes,£1.99
frozen-food,GIANNI'S Twisty Pop lollies Bubblegum,£2.29
frozen-food,GIANNI'S Twisty Pop lollies Strawberry & Vanilla,£2.29
frozen-food,GIANNI'S Cola Ice Coolers,£1.99
frozen-food,GIANNI'S Orange Ice Coolers,£1.99
frozen-food,DAIRYFINE Milk Chocolate Spirals Cones,£2.69
frozen-food,DAIRYFINE White Chocolate Spirals Cones,£2.69
frozen-food,GIANNI'S Watermelon Tower 4 Pack,£1.79
frozen-food,GIANNI'S Fruit Tower 4 Pack,£1.79
frozen-food,PLANT MENU Green Goddess Air Fryer Bites,£1.79
frozen-food,PLANT MENU Spanish Inspired Air Fryer Bites,£1.79
frozen-food,PLANT MENU Chineese Inspired Air Fryer Bites,£1.79
frozen-food,SPECIALLY SELECTED Chocolate Covered Frozen Strawberries,£3.49
frozen-food,SPECIALLY SELECTED Chocolate Covered Frozen Raspberries,£3.49
frozen-food,FOUR SEASONS Golden Vegetables & Rice Steam Bags 4 Pack,£1.89
frozen-food,GIANNI'S Choco Cookie Ice Cream Cookies,£2.49
frozen-food,GIANNI'S Madagascan Vanilla Ice Cream,£2.45
frozen-food,GIANNI'S Salted Caramel Ice Cream,£2.45
frozen-food,GIANNI'S Peanut Caramel Ice Cream 472ml,£2.29
frozen-food,CRESTWOOD Cheese & Tomato Wrap,£1.65
frozen-food,CRESTWOOD Brie & Cranberry Wrap,£1.65
frozen-food,INSPIRED CUISINE Thai Green Curry Protein Pot,£1.75
frozen-food,INSPIRED CUISINE Spanish Paella Protein Pot,£1.75
frozen-food,ROOSTERS Katsu Shredded Chicken,£2.99
frozen-food,"ROOSTERS RC Chicken Skewers, Hoisin",£2.99
frozen-food,INSPIRED CUISINE Vegetable Gyozas,£1.99
frozen-food,THE FISHMONGER Frozen Wild Salmon Fillet,£2.29
frozen-food,THE FISHMONGER Fozen Tuna Steak,£2.29
frozen-food,FOUR SEASONS Battered Onion Rings,£1.99
frozen-food,EVERYDAY ESSENTIALS Breaded Fish Fillets,£1.99
frozen-food,EVERYDAY ESSENTIALS Battered Fish Fillets,£1.99
frozen-food,BIRDSEYE Garden Peas,£2.25
frozen-food,MR BRAIN'S Pork Faggots 6 Pack,£1.25
frozen-food,RICHMOND Thick Pork Sausages 20 Pack,£2.85
frozen-food,"READY, SET…COOK! Sliced Mushrooms",£0.99
frozen-food,"READY, SET…COOK! Diced White Onions",£0.99
frozen-food,ROOSTERS GASTRO Tempura Battered Chicken Chunks,£2.45
frozen-food,CHICAGO TOWN Fully Loaded Deep Dish Four Cheese Pizzas 2 Pack,£1.55
frozen-food,CHICAGO TOWN Fully Loaded Deep Dish Pepperoni Pizzas 2 Pack,£1.55
frozen-food,"READY, SET…COOK! Oriental Noodle Meal",£2.69
frozen-food,QUORN Quorn Mince,£2.35
frozen-food,QUORN Quorn Fillets,£2.35
frozen-food,QUORN Quorn Pieces,£2.35
frozen-food,QUORN Quorn Sausages,£2.35
frozen-food,CHICAGO TOWN Fully Loaded Deep Dish Mega Meaty Pizzas,£1.55
frozen-food,QUORN Quorn Nuggets,£2.35
frozen-food,QUORN Quorn Bites,£2.35
baby-toddler,MAMIA Organic Strawberries & Apples Pouch,£0.55
baby-toddler,MAMIA Stage 1 First Infant Milk,£6.99
baby-toddler,MAMIA Nappy Sacks,£0.79
baby-toddler,MAMIA Night Pants,£4.59
baby-toddler,MAMIA Nappies Size 1,£0.75
baby-toddler,MAMIA Nappies Size 2,£1.69
baby-toddler,MAMIA Nappies Size 3,£2.85
baby-toddler,MAMIA Nappies Size 4,£2.85
baby-toddler,MAMIA Nappies Size 6,£2.85
baby-toddler,MAMIA Nappies Size 7,£2.69
baby-toddler,MAMIA Nappies Size 5,£2.85
baby-toddler,MAMIA Baby Pants Size 7,£3.05
baby-toddler,MAMIA Baby Pants Size 8,£2.79
baby-toddler,MAMIA Baby Pants Size 5,£3.09
baby-toddler,MAMIA Nappies Size 5 Jumbo,£4.89
baby-toddler,MAMIA Nappies Size 5+,£4.89
baby-toddler,MAMIA Baby Pants Size 6,£3.07
baby-toddler,MAMIA Nappies Size 4+,£4.95
baby-toddler,MAMIA Nappies Size 6 Jumbo,£4.99
baby-toddler,MAMIA Nappies Size 6+,£5.38
baby-toddler,MAMIA Nappies Size 4 Jumbo,£4.89
baby-toddler,MAMIA Baby Pants Size 4,£3.19
baby-toddler,MAMIA Toddler Wipes,£0.59
baby-toddler,MAMIA Extra Sensitive Baby Wipes,£0.59
baby-toddler,MAMIA Baby Wipes Sensitive 6 Pack,£3.95
baby-toddler,MAMIA XL Baby Wipes,£0.95
baby-toddler,MAMIA Fragranced Baby Wipes,£0.75
baby-toddler,MAMIA Sensitive Baby Wipes,£0.75
baby-toddler,MAMIA Organic Carrot Puffs,£0.49
baby-toddler,MAMIA Organic Tomato Wheels,£0.49
baby-toddler,MAMIA Organic Mini Apple Rice Cakes,£0.79
baby-toddler,MAMIA Organic Blueberry & Pear Breakfast Pouch,£0.65
baby-toddler,MAMIA Organic Mango Breakfast Pouch,£0.65
baby-toddler,MAMIA Organic Mangoes Pouch,£0.45
baby-toddler,MAMIA Organic Pears Pouch,£0.45
baby-toddler,MAMIA Organic Prunes Pouch,£0.45
baby-toddler,MAMIA Organic Bananas & Apples Pouch,£0.55
baby-toddler,"MAMIA Organic Apples, Carrots & Parsnips Pouch",£0.55
baby-toddler,"MAMIA Organic Strawberries, Rhubarb & Apples Pouch",£0.55
baby-toddler,MAMIA Organic Berry Greek Style Yogurt Pouch,£0.65
baby-toddler,MAMIA Organic Mango Greek Style Yogurt Pouch,£0.65
baby-toddler,MAMIA Organic Strawberry Greek Style Yogurt Pouch,£0.65
baby-toddler,MAMIA Organic Apple Fruity Bars 6 Pack,£1.99
baby-toddler,MAMIA Organic Strawberry Fruity Bars 6 Pack,£1.99
baby-toddler,MAMIA Organic Chicken Casserole with Rice Pouch,£0.59
baby-toddler,MAMIA Organic Vegetable & Beef Casserole Pouch,£0.59
baby-toddler,MAMIA Organic Spaghetti Bolognese Pouch,£0.59
baby-toddler,MAMIA Organic Bolognese Pasta Bake with Chunks Tray Meal,£0.95
baby-toddler,MAMIA Organic Vegetable & Beef Hotpot with Chunks Tray Meal,£0.95
baby-toddler,MAMIA Organic Vegetable & Chicken Cous Cous with Chunks Tray Meal,£0.95
baby-toddler,MAMIA Veggie Straws 4 Pack,£1.99
baby-toddler,MAMIA Cheesy Flavour Veggie Straws 4 Pack,£1.99
baby-toddler,MAMIA Banana Rusk Biscotti Fingers,£1.35
baby-toddler,MAMIA Organic Strawberry & Banana Melty Stix,£0.79
baby-toddler,MAMIA Organic Sweetcorn & Carrot Melty Stix,£0.79
baby-toddler,MAMIA Organic Just Apples Fruit Pouch 4 Pack,£2.69
baby-toddler,MAMIA Organic Just Bananas Fruit Pouch 4 Pack,£2.69
baby-toddler,MAMIA Organic Red Burst Pouch 4 Pack,£2.49
baby-toddler,MAMIA Organic Purple Burst Pouch 4 Pack,£2.49
baby-toddler,MAMIA Organic Butternut Squash Mac & Cheese Pouch,£0.65
baby-toddler,MAMIA Organic Chicken Dinner Pouch,£0.65
baby-toddler,MAMIA Organic Bangers & Mash with Vegetables Pouch,£0.65
baby-toddler,MAMIA Organic Cheesy Pasta & Vegetables with Chunks Tray Meal,£0.95
baby-toddler,MAMIA Organic Cottage Pie & Vegetables with Chunks Tray Meal,£0.95
baby-toddler,MAMIA Organic Sweet & Sour Veg & Chicken with Rice & Chunks Tray Meal,£0.95
baby-toddler,MAMIA Squishy Snacks Carrot & Orange,£1.99
baby-toddler,MAMIA Squishy Snacks Pear & Cucumber,£1.99
baby-toddler,MAMIA Squishy Snacks Apple & Strawberry,£1.99
health-beauty,LACURA FOR MEN Men's 3 Blade Disposable Razor 4 Pack,£1.45
health-beauty,LACURA 3 Blade Disposable Razor 4 Pack,£1.45
health-beauty,LACURA Sensitive Facial Wipes,£0.49
health-beauty,LACURA Cotton Buds,£0.45
health-beauty,LACURA Cotton Wool Pads,£0.85
health-beauty,LACURA Sun Dry Mist Spray SPF30,£2.99
health-beauty,LACURA Sun Dry Mist Spray SPF50+,£2.99
health-beauty,ACTIV-MAX Vitamin C Effervescent Tablets,£1.19
health-beauty,ACTIV-MAX Energise Mango Effervescent Tablets,£1.19
health-beauty,ACTIV-MAX Vitamin C Orange Effervescent Tablets,£1.19
health-beauty,LACURA Family Shower Gel,£0.39
health-beauty,LACURA Moisturising Sun Lotion SPF 30,£2.95
health-beauty,LACURA Sun Lotion SPF 50+ Baby,£2.99
health-beauty,LACURA FOR MEN Shaving Foam/Gel,£0.89
health-beauty,LACURA Family Handwash,£0.45
health-beauty,LACURA Herbal Handwash,£0.85
health-beauty,LACURA Rejuvelate Face Cream,£3.99
health-beauty,LACURA Shower Gel,£0.99
health-beauty,LACURA Ladies' Anti-Perspirant Deodorant,£1.09
health-beauty,LACURA Facial Wash,£1.19
health-beauty,LACURA Herbal Bath Soak,£0.99
health-beauty,LACURA Hairspray,£1.65
health-beauty,LACURA Shampoo/Conditioner,£1.39
health-beauty,LACURA FOR MEN Men's Body Spray,£0.75
health-beauty,MAMIA Baby Shampoo/Bath,£0.79
health-beauty,LACURA Shampoo/Conditioner,£0.79
health-beauty,LACURA Hair Culture Shampoo/Conditioner,£1.39
health-beauty,ACTIV-MAX Multivitamin Gummies,£3.99
health-beauty,LACURA FOR MEN Men's Shower Gel,£0.69
health-beauty,LACURA Hand Cream,£0.75
health-beauty,LACURA Anti-Dandruff Shampoo,£1.39
health-beauty,LACURA Luxury Hand & Body Wash/Lotion,£1.99
health-beauty,LACURA Ladies' Roll On Anti-Perspirant Deodorant,£1.09
health-beauty,LACURA FOR MEN Men's Roll On Anti-Perspirant Deodorant,£1.09
health-beauty,LACURA FOR MEN Men's Anti-Perspirant Deodorant,£1.09
health-beauty,LACURA Antibacterial Handwash,£0.55
health-beauty,LACURA Hair Refine Shampoo,£1.29
health-beauty,LACURA Herbal Shower Gel,£0.99
health-beauty,LACURA Skin Facial Wipes,£0.49
health-beauty,LACURA Q10 Anti Aging Cream,£1.79
health-beauty,LACURA Kick Start Shower Gel,£0.49
health-beauty,LACURA Sensitive Face Sun Lotion,£2.89
health-beauty,LACURA Men's Razor Handle & Blade/Refills,£3.59
health-beauty,ACTIV-MAX High Strength Vitamin C,£1.79
health-beauty,ACTIV-MAX High Strength Vitamin D,£1.79
health-beauty,ACTIV-MAX High Strength Multivitamins,£1.79
health-beauty,LACURA Mini Sun Lotion,£1.65
health-beauty,LACURA After Sun Lotion,£1.99
health-beauty,LACURA Lacura Moisturising Cream For Dry To Very Dry Skin 150ml,£3.29
health-beauty,LACURA Replenish Shampoo & Conditioner,£1.89
health-beauty,LACURA Original Dry Shampoo,£1.39
health-beauty,LACURA Coconut & Milk Shower Cream,£1.49
health-beauty,Lemon & Lime Electric Hydration,£3.25
health-beauty,Tropical Electric Hydration,£3.25
health-beauty,HEALTH ESSENTIALS Paracetamol,£0.35
health-beauty,HEALTH ESSENTIALS Ibuprofen,£0.35
health-beauty,LUNEX Ultra Towels,£0.41
health-beauty,LUNEX Tampons With Applicators,£1.19
health-beauty,LUNEX Panty Liners,£0.49
health-beauty,SANA Incontinence Pads,£1.09
health-beauty,DENTITEX Toothpaste,£0.69
health-beauty,ABBOTT & BROOME Luxurious Hand Wash,£1.49
health-beauty,DENTITEX Mouthwash,£0.89
health-beauty,SENSODYNE Toothpaste,£2.09
health-beauty,COLGATE Kids' Toothpaste/Toothbrush,£1.09
health-beauty,CALPOL Sugar Free Paracetamol,£3.19
health-beauty,SANA Incontinence Pants,£3.75
health-beauty,AUSSIE Shampoo/Conditioner,£2.79
health-beauty,ALWAYS Panty Liners,£2.35
health-beauty,DENTITEX Premium Toothbrush,£0.99
health-beauty,COLGATE Triple Action Toothpaste,£1.19
health-beauty,ORIGINAL SOURCE Shower Gel,£1.69
health-beauty,HEALTH ESSENTIALS Cetirizine Hydrochloride,£0.89
health-beauty,HEALTH ESSENTIALS Hayfever & Allergy Loratadine,£0.89
health-beauty,ALBERTO BALSAM Shampoo/Conditioner,£0.95
health-beauty,IMPERIAL LEATHER Imperial Leather Bar Soap,£1.99
home-essentials,BEAUTIFUL BLOOMS Carnations,£2.49
home-essentials,BEAUTIFUL BLOOMS Roses,£2.69
home-essentials,BEAUTIFUL BLOOMS Alstroemeria,£2.39
home-essentials,BEAUTIFUL BLOOMS Chrysanthemum,£3.29
home-essentials,POWER FORCE All Purpose Cloths,£0.85
home-essentials,SAXON Everyday Tissues,£0.79
home-essentials,POWER FORCE Microfibre Cloths,£1.49
home-essentials,POWER FORCE Sink & Drain Unblocker,£1.39
home-essentials,EVERYDAY ESSENTIALS Wrapping Foil 20M,£1.09
home-essentials,BEAUTIFUL BLOOMS Peonies,£4.49
home-essentials,BEAUTIFUL BLOOMS Rainbow Tulips,£4.69
home-essentials,BEAUTIFUL BLOOMS Eternal Bouquet,£7.99
home-essentials,MAGNUM (ALDI) All in One Dishwasher Tablets Lemon,£2.99
home-essentials,POWER FORCE Washing Up Liquid,£1.09
home-essentials,POWER FORCE Dishwasher Salt,£1.49
home-essentials,POWER FORCE Heavy Duty Refuse Sack 85 Litres,£1.65
home-essentials,BEAUTIFUL BLOOMS Sweet Williams,£1.75
home-essentials,BEAUTIFUL BLOOMS Bumper Sweet Williams,£2.89
home-essentials,BEAUTIFUL BLOOMS Stocks and Peony Bouquet,£4.99
home-essentials,POWER FORCE Compostable Caddy Liners 10 Litres,£1.45
home-essentials,EVERYDAY ESSENTIALS Refuse Sacks 70 Litres,£1.25
home-essentials,POWER FORCE Baking Paper 30 Sheets,£1.49
home-essentials,SAXON Premium Toilet Paper 12 Pack,£4.99
home-essentials,SAXON Standard Toilet Paper 6 Pack,£2.49
home-essentials,SAXON Luxury Toilet Paper 4 Pack,£1.39
home-essentials,SAXON Quilted Toilet Paper 4 Pack,£1.49
home-essentials,POWER FORCE Pine Toilet Gel,£0.55
home-essentials,POWER FORCE Blast Kitchen Towel 3 Pack,£3.99
home-essentials,POWER FORCE Standard Kitchen Towel 2 Pack,£1.49
home-essentials,EVERYDAY ESSENTIALS Jumbo Kitchen Towel,£1.15
home-essentials,SAXON Luxury Toilet Paper 9 Pack,£2.79
home-essentials,POWER FORCE Ultra Kitchen Towel 2 Pack,£2.55
home-essentials,SAXON Quilted Toilet Paper 9 Pack,£2.99
home-essentials,POWER FORCE Rinse Aid,£1.99
home-essentials,POWER FORCE Thick Bleach,£0.65
home-essentials,POWER FORCE Thick Bleach,£1.15
home-essentials,POWER FORCE Concentrated Disinfectant,£0.69
home-essentials,POWER FORCE Antibacterial Apple Floor Wipes,£0.89
home-essentials,MAGNUM (ALDI) Triple Chamber Dishwasher Tablets,£3.99
home-essentials,POWER FORCE Toilet Freshener,£1.35
home-essentials,BEAUTIFUL BLOOMS Pink Large Mixed Bouquet,£5.99
home-essentials,BEAUTIFUL BLOOMS Medium Mixed Bouquet,£3.99
home-essentials,SAXON Toilet Tissue Wipes,£0.43
home-essentials,SPECIALLY SELECTED Luxury Bouquet,£9.99
home-essentials,POWER FORCE Bathroom Cleaners,£0.79
home-essentials,POWER FORCE All in One Cleaner,£0.75
home-essentials,ALMAT Laundry Capsules,£3.15
home-essentials,POWER FORCE Washing Up Liquid,£0.62
home-essentials,ALMAT Bio Laundry Detergent,£1.89
home-essentials,ALMAT Laundry Gel,£1.99
home-essentials,POWER FORCE Surface Cleaners,£0.79
home-essentials,POWER FORCE Polish,£0.85
home-essentials,MAGNUM (ALDI) Washing Machine Cleaner,£0.95
home-essentials,ALMAT Washing Powder,£3.89
home-essentials,POWER FORCE Antibacterial Fresh Surface Wipes,£0.99
home-essentials,POWER FORCE Toilet Blocks,£0.95
home-essentials,POWER FORCE Ultimate Thick Bleach,£0.79
home-essentials,POWER FORCE Non Scratch Sponge Scourer,£0.75
home-essentials,POWER FORCE Zip Seal Small Food Bags,£1.15
home-essentials,POWER FORCE Small Freezer Bag Roll,£1.29
home-essentials,POWER FORCE Anti-Bacterial Washing Up Liquid Eucalyptus,£0.79
home-essentials,POWER FORCE Premium Cleaning Sprays,£1.69
home-essentials,EVERYDAY ESSENTIALS Toilet Paper 6 Rolls,£2.29
home-essentials,BEAUTIFUL BLOOMS Oriental Lily,£4.29
home-essentials,BEAUTIFUL BRITISH BLOOMS British Gypsophila,£1.89
home-essentials,FAIRY Washing Up Liquid,£0.89
home-essentials,VIAKAL Viakal,£2.65
home-essentials,SCENTCERITY Room Spray,£0.69
home-essentials,SCENTCERITY Odour Neutraliser,£0.99
home-essentials,ALMAT SO SOFT Laundry Scent Boosters,£2.55
home-essentials,SCENTCERITY Dry Room Spray,£1.69
home-essentials,ALMAT SO SOFT Premium Fabric Conditioner,£1.79
home-essentials,DURACELL Original Batteries AA/AAA,£3.89
home-essentials,ALMAT SO SOFT Fabric Conditioner,£1.35
home-essentials,PUREWICK Flower Blossom Air Freshener,£1.49
home-essentials,ALDI Eco Loop Carrier Bag,£0.40
home-essentials,ACTIV ENERGY Super Alkaline Batteries AA,£2.49
home-essentials,ALDI Reusable Bag,£0.65
pet-care,EARLS Meaty Chunks In Jelly Dog Food 6 Pack,£3.29
pet-care,EARLS Dog Poop Bags,£1.65
pet-care,EARLS Meaty Selection Tender Pâté Dog Food Trays 12 Pack,£4.49
pet-care,LANGHAM'S Langhams Grain Free Mixed Selection Box 1+ Years Dog Food 6x395g,£5.69
pet-care,EARLS Beef In Gravy 400g,£0.55
pet-care,EARLS Chew Bones Dog Treats,£0.55
pet-care,EARLS Tasty Chicken Twists,£0.45
pet-care,VITACAT 1+ Years Poultry Selection In Jelly 12 pack,£2.59
pet-care,VITACAT Cat Food Pouch 48 Pack,£9.49
pet-care,EARLS Mixed Pouches In Jelly 12 pack,£2.99
pet-care,LANGHAM'S Natural Dog Treats,£1.99
pet-care,EARLS Complete Dog Dry Food,£2.85
pet-care,EARLS Worker Dog Complete Dog Food,£8.99
pet-care,EARLS Moist & Meaty Complete Dog Food,£4.99
pet-care,VITACAT Tasty Sticks Cat Treats,£1.19
pet-care,EARLS Dog Biscuits,£0.85
pet-care,EARLS Dental Sticks,£0.55
pet-care,EARLS Mini Dog Treats & Nibbles,£0.85
pet-care,VITACAT Tasty Licks Cat Food With Chicken 5 pack,£0.89
pet-care,EARLS Tender Pâté Dog Food Tray,£0.59
pet-care,LANGHAM'S Grain Free Recipe Dog Food,£5.15
pet-care,LANGHAM'S Duck & Sweet Potato Treats,£1.99
pet-care,BELLA'S Lightweight Non-Clumping Cat Litter,£2.19
pet-care,WHISKAS Dry Cat Food,£5.49
pet-care,WHISKAS Poultry Feasts Cat Food in Jelly Pouch 40 Pack,£11.85
pet-care,VITACAT SELECT Premium Cat Food Pouch 12 Pack,£3.35
pet-care,VITACAT SELECT Pâté Cat Food Tray,£0.39
pet-care,BELLA'S BISTRO Gourmet Mousse Cat Food,£0.42
pet-care,BELLA'S Chicken Bella's Yummy Pockets,£0.99
vegetarian-plant-based,ACTILEAF UHT Unsweetened Almond Drink,£0.99
vegetarian-plant-based,ACTILEAF UHT Sweetened Soya Drink,£0.99
vegetarian-plant-based,ACTILEAF UHT Unsweetened Soya Drink,£0.85
vegetarian-plant-based,ACTILEAF Barista Style Oat Drink,£1.25
vegetarian-plant-based,EVERYDAY ESSENTIALS Unsweetened Soya Drink,£0.79
vegetarian-plant-based,ACTILEAF No Sugars Oat Drink,£1.09
vegetarian-plant-based,PLANT MENU Spicy Bean Burgers 4 Pack,£1.39
vegetarian-plant-based,PLANT MENU Vegetable Burgers 4 Pack,£1.39
vegetarian-plant-based,PLANT MENU Vegetable Fingers 16 Pack,£1.39
vegetarian-plant-based,PLANT MENU Onion & Rosemary Sausages 6 Pack,£1.39
vegetarian-plant-based,PLANT MENU Meat-Free Meatballs,£1.39
vegetarian-plant-based,PLANT MENU Meat-Free Mince,£1.39
vegetarian-plant-based,DOMINION Veggie Worms Sweets,£1.05
vegetarian-plant-based,DOMINION Veggie Fizzy Worms Sweets,£1.05
vegetarian-plant-based,DOMINION Vegan Lions Sweets,£1.05
vegetarian-plant-based,PLANT MENU No-Chicken Kievs,£1.99
vegetarian-plant-based,PLANT MENU Salt & Vinegar-No Fish Fillets,£1.99
vegetarian-plant-based,PLANT MENU Battered No-Pork Sausages,£1.99
vegetarian-plant-based,PLANT MENU Ultimate No Beef Burgers 2 Pack,£2.49
vegetarian-plant-based,PLANT MENU Ultimate No Pork Sausages 6 Pack,£2.49
vegetarian-plant-based,PLANT MENU Organic Super Firm Tofu,£0.95
vegetarian-plant-based,PLANT MENU Organic Smoked Tofu,£0.95
vegetarian-plant-based,PLANT MENU Sweet Chilli Marinated Tofu,£0.95
vegetarian-plant-based,VEGGIE MENU Mozzarella Burgers 2 Pack,£1.75
vegetarian-plant-based,VEGGIE MENU Pesto & Cheddar Sausages 6 Pack,£1.75
vegetarian-plant-based,VEGGIE MENU BBQ Sweet Potato Burgers 2 Pack,£1.75
vegetarian-plant-based,PLANT MENU Mature Coconut Oil Based Vegan Cheese 9 Slices,£1.95
vegetarian-plant-based,PLANT MENU Mature Grated Cocnut Oil Based Vegan Cheese,£1.95
vegetarian-plant-based,PLANT MENU Grilled No Chicken Pieces,£1.79
vegetarian-plant-based,PLANT MENU Garlic & Herb No Chicken Pieces,£1.79
vegetarian-plant-based,PLANT MENU Mediterranean No Chicken Pieces,£1.79
vegetarian-plant-based,VEGGIE MENU Cheese & Onion Crispbakes 4 Pack,£1.99
vegetarian-plant-based,VEGGIE MENU Cauliflower Cheese Grills 4 Pack,£1.99
vegetarian-plant-based,VEGGIE MENU Pesto & Mozzarella Bakes 2 Pack,£1.99
vegetarian-plant-based,VEGGIE MENU Spicy Butternut Squash & Chipotle Feta Bakes 2 Pack,£1.99
vegetarian-plant-based,SPECIALLY SELECTED Garlic Mushroom & Cheddar Lattices 2 Pack,£1.99
vegetarian-plant-based,SPECIALLY SELECTED Mediterranean Inspired Vegetable & Pesto Lattices 2 Pack,£1.99
vegetarian-plant-based,SPECIALLY SELECTED Three Cheese & Tomato Lattices 2 Pack,£1.99
vegetarian-plant-based,TASTE OF AMERICA Vegan Frickles,£1.99
vegetarian-plant-based,TASTE OF AMERICA Triple Cheese Burger Melts,£1.99
vegetarian-plant-based,TASTE OF AMERICA Spicy Buffalo Red Leicester Burger Melts,£1.99
vegetarian-plant-based,TASTE OF AMERICA Monterey Jack Cheese Burger Melts,£1.99
vegetarian-plant-based,TASTE OF AMERICA Seasoned Fries,£1.49
vegetarian-plant-based,TASTE OF AMERICA Garlic Fries,£1.49
vegetarian-plant-based,COCO LOCO Coconut Water,£1.99
vegetarian-plant-based,QUORN Vegetarian Ham Slices,£1.45
vegetarian-plant-based,QUORN Vegetarian Chicken Slices,£1.45
vegetarian-plant-based,QUORN Cocktail Sausages 20 Pack*,£1.99
vegetarian-plant-based,QUORN Picnic Eggs 10 Pack*,£1.99
vegetarian-plant-based,GOLDEN BRIDGE Chocolate Protein Peanut Bars,£1.99
higher-protein,BROOKLEA High Protein Vanilla Greek Style,£1.59
higher-protein,COWBELLE Chocolate Flavoured Protein Milkshake,£0.99
higher-protein,CRESTWOOD Protein Chicken Satay Skewers 10 Pack,£1.59
higher-protein,VILLAGE BAKERY High Protein Bagel Thins,£1.19
higher-protein,SPECIALLY SELECTED Protein Sourdough,£1.99
higher-protein,EAT & GO Snackin' Chicken Protein Roast Chicken Flavour Bites,£0.95
higher-protein,EAT & GO Snackin' Chicken Protein Southern Fried Flavour Bites,£0.95
higher-protein,BROOKLEA Peach & Passion Fruit Protein Yogurt,£0.75
higher-protein,BROOKLEA Raspberry Protein Yogurt,£0.75
higher-protein,BROOKLEA Strawberry Protein Yogurt,£0.75
higher-protein,BROOKLEA Protein Strawberry Yogurt Pouch,£0.89
higher-protein,BROOKLEA Protein Raspberry Yogurt Pouch,£0.89
higher-protein,BROOKLEA Protein Peach & Passion Fruit Yogurt Pouch,£0.89
higher-protein,EAT & GO BBQ Flavoured Protein Chicken Skewers 10 Pack*,£1.59
higher-protein,EAT & GO Sweet Chilli Protein Chicken Skewers 10 Pack*,£1.59
higher-protein,EAT & GO Peri Peri Protein Chicken Skewers 10 Pack*,£1.59
higher-protein,BROOKLEA Salted Caramel Protein Yogurt,£0.75
higher-protein,BROOKLEA Vanilla Protein Yogurt,£0.75
higher-protein,BROOKLEA Lemon Cheesecake Protein Yogurt,£0.75
higher-protein,INSPIRED CUISINE Teriyaki Noodles Protein Pot,£1.75
higher-protein,INSPIRED CUISINE Beef Ragu Protein Pot,£1.75
higher-protein,INSPIRED CUISINE Chicken Katsu Curry Protein Pot,£1.75
higher-protein,INSPIRED CUISINE Peri Peri Chicken Protein Pot,£1.75
higher-protein,INSPIRED CUISINE Beef Burrito Protein Pot,£1.75
higher-protein,INSPIRED CUISINE Meatball Pasta Protein Pot,£1.75
higher-protein,VILLAGE BAKERY High Protein Banana Pancakes,£1.45
higher-protein,VILLAGE BAKERY Protein Salted Caramel Pancakes,£1.45
higher-protein,THE FISHMONGER High Protein King Prawns in a Thai Green Curry,£1.99
higher-protein,THE FISHMONGER High Protein King Prawns in a Creamy Pesto Sauce,£1.99
higher-protein,HARVEST MORN Chocolate Protein Granola,£2.39
higher-protein,HARVEST MORN Berry Protein Granola,£2.39
higher-protein,ROOSTERS Protein Salt & Chilli Ready Cooked Chicken Skewers,£2.99
higher-protein,ROOSTERS Protein Teriyaki Ready Cooked Chicken Skewers,£2.99
higher-protein,ROOSTERS Lightly Seasoned Chicken Skewers,£2.99
higher-protein,ROOSTERS Protein Tandoori Chicken Skewers,£2.99
higher-protein,BROOKLEA Vanilla Flavoured Protein Yogurt with Milk Chocolate Balls,£1.39
higher-protein,BROOKLEA Strawberry Flavoured Protein Yogurt with White Chocolate Balls,£1.39
higher-protein,EAT & GO Protein Chinese Style Skewers with Sweet Chilli Dip,£1.99
higher-protein,EAT & GO Protein Greek Style Kebabs with Tzatziki Dip,£1.99
higher-protein,EAT & GO Protein Roast Chicken Flavour Kebabs with Caesar Dip,£1.99
higher-protein,VILLAGE BAKERY High Protein Flame Baked Flatbreads,£1.45
higher-protein,INSPIRED CUISINE Protein Sweet & Sour Chicken,£2.89
higher-protein,BARISSIMO Protein Latte Coffee,£0.89
higher-protein,BARISSIMO Protein Caramel Coffee,£0.89
higher-protein,DESSERT MENU Original Protein Pancakes,£1.99
higher-protein,DESSERT MENU Chocolate Protein Pancakes,£1.99
higher-protein,COWBELLE Strawberry Flavoured Protein Milkshake,£0.99
higher-protein,COWBELLE Vanilla Flavoured Protein Milkshake,£0.99
higher-protein,CARLOS Protein Meat Feast Pizza,£2.69
higher-protein,EAT & GO Chicken & Bacon Protein Poppers 5 Pack,£1.99
higher-protein,EAT & GO Garlic & Herb Protein Chicken Poppers 5 Pack,£1.99
higher-protein,BROOKLEA Chocolate Flavour Protein Pudding,£0.89
higher-protein,BROOKLEA Caramel Flavour Protein Pudding,£0.89
higher-protein,BROOKLEA White Chocolate Flavour Protein Pudding,£0.89
higher-protein,BROOKLEA Chocolate Flavour Protein Mousse,£1.15
higher-protein,BROOKLEA Salted Caramel Flavour Protein Mousse,£1.15
higher-protein,INSPIRED CUISINE Thai Green Curry Protein Pot,£1.75
higher-protein,INSPIRED CUISINE Spanish Paella Protein Pot,£1.75
higher-protein,"ROOSTERS RC Chicken Skewers, Hoisin",£2.99
higher-protein,BROOKLEA Vanilla Protein Rice Pudding,£0.85
higher-protein,BROOKLEA Chocolate Protein Rice Pudding,£0.85
higher-protein,"READY, SET…COOK! Protein Egg Noodles",£0.99
higher-protein,BRANDED Protein Chicken Tikka Masala,£2.89
higher-protein,BRANDED Protein Meatball Pasta,£2.89
higher-protein,BRANDED Protein BBQ Pulled Pork & Rice,£2.89
specially-selected,SPECIALLY SELECTED 100% Scotch Beef Salt Dry Aged Aberdeen Angus 8oz Ribeye Steak,£6.79
specially-selected,SPECIALLY SELECTED 100% British Beef Salt Dry Aged Aberdeen Angus 8oz Ribeye Steak,£6.79
specially-selected,SPECIALLY SELECTED Cumberland Pork Sausages,£3.69
specially-selected,SPECIALLY SELECTED Maple Syrup,£3.99
specially-selected,SPECIALLY SELECTED Seedless Sable Grapes,£1.99
specially-selected,SPECIALLY SELECTED Easy Peelers,£1.59
specially-selected,SPECIALLY SELECTED Cherry Tomatoes in Rich Tomato Juice,£0.75
specially-selected,SPECIALLY SELECTED Sliced Brioche Hot Dog Rolls,£1.29
specially-selected,SPECIALLY SELECTED Sliced Brioche Burger Buns,£0.99
specially-selected,SPECIALLY SELECTED Seeded Brioche Burger Bun,£0.99
specially-selected,SPECIALLY SELECTED British Rapeseed Oil,£2.49
specially-selected,SPECIALLY SELECTED Piccolato Tomatoes,£1.49
specially-selected,SPECIALLY SELECTED British Grown Raspberries,£2.39
specially-selected,SPECIALLY SELECTED Regal Vine Tomatoes,£1.69
specially-selected,SPECIALLY SELECTED Mini San Marzano Tomatoes,£1.49
specially-selected,SPECIALLY SELECTED Super Seeded Farmhouse Sliced Loaf,£0.99
specially-selected,SPECIALLY SELECTED Free Range Corn Fed Whole Chicken,£2.63/0.5 kg
specially-selected,SPECIALLY SELECTED Free Range Corn Fed Chicken Thigh Fillets,£3.09
specially-selected,SPECIALLY SELECTED Pork Sausages 6 Pack,£2.29
specially-selected,SPECIALLY SELECTED Sourdough Crumpets,£0.99
specially-selected,SPECIALLY SELECTED Skinless & Boneless Cod Loins 2 Pack,£5.49
specially-selected,SPECIALLY SELECTED All Butter Croissants,£2.09
specially-selected,SPECIALLY SELECTED The Ultimate Burger,£3.49
specially-selected,SPECIALLY SELECTED Skinny Pork Sausages 6 Pack,£2.29
specially-selected,SPECIALLY SELECTED Chevalier Vs Cognac,£19.99
specially-selected,SPECIALLY SELECTED Spicy Italian Salami & 'Nduja Wood Fired Sourdough Pizza,£3.49
specially-selected,"SPECIALLY SELECTED Italian Ham, Portobello Mushroom & Mascapone Wood Fired Pizza",£3.49
specially-selected,SPECIALLY SELECTED Rich & Indulgent Coleslaw,£1.29
specially-selected,SPECIALLY SELECTED Mozzarella & Semi-Dried Cherry Tomato Wood Fired Pizza,£3.49
specially-selected,SPECIALLY SELECTED Xo Brandy,£11.99
specially-selected,SPECIALLY SELECTED Melton Mowbray Pork Pie,£1.99
specially-selected,SPECIALLY SELECTED Premium French Vodka,£16.99
specially-selected,SPECIALLY SELECTED West Country Salted Butter,£2.29
specially-selected,SPECIALLY SELECTED Traditional Cornish Clotted Cream,£1.99
specially-selected,SPECIALLY SELECTED Free Range Chicken Fillets,£4.59
specially-selected,SPECIALLY SELECTED Pork Sausages 10 Pack,£3.49
specially-selected,SPECIALLY SELECTED Sweet Pointed Peppers,£1.49
specially-selected,SPECIALLY SELECTED 100% British Beef Wagyu Sirloin Steak,£8.99
specially-selected,SPECIALLY SELECTED 100% British Beef Wagyu Ribeye Steak,£9.49
specially-selected,SPECIALLY SELECTED 100% British Beef Wagyu Rump Steak,£7.49
specially-selected,SPECIALLY SELECTED 100% British Beef Wagyu Fillet Steak,£10.99
specially-selected,SPECIALLY SELECTED Prosecco Spumante DOCG Valdobbiadene,£7.99
specially-selected,SPECIALLY SELECTED Egg Tagliatelle,£1.39
specially-selected,SPECIALLY SELECTED English White Cuvée,£5.99
specially-selected,SPECIALLY SELECTED Lemon Curd Iced Buns,£1.79
specially-selected,SPECIALLY SELECTED Luxury Hot Cross Buns,£1.29
specially-selected,SPECIALLY SELECTED Wild Caught Yellowfin Tuna Steak,£4.79
specially-selected,SPECIALLY SELECTED Barrel Aged Feta Cheese,£2.59
specially-selected,SPECIALLY SELECTED Irish Cream Liqueur,£6.99
specially-selected,SPECIALLY SELECTED Seeded Sourdough Sliced Loaf,£1.89
specially-selected,SPECIALLY SELECTED Wholemeal Seeded Loaf,£0.99
specially-selected,SPECIALLY SELECTED Ultimate Himalayan Salt Aged Salmon,£0.49
specially-selected,SPECIALLY SELECTED Cooked & Peeled Extra Large King Prawns,£2.99
specially-selected,SPECIALLY SELECTED Deli Ham,£2.59
specially-selected,SPECIALLY SELECTED South African Stellenbosch Shiraz,£7.49
specially-selected,SPECIALLY SELECTED Premium Rias Baixas Albarino,£8.99
specially-selected,SPECIALLY SELECTED Rosorange,£9.99
specially-selected,SPECIALLY SELECTED Mozzarella Di Bufala Campana PDO,£1.59
specially-selected,SPECIALLY SELECTED Manuka Honey,£4.15
specially-selected,SPECIALLY SELECTED Strawberry Conserve,£1.39
specially-selected,SPECIALLY SELECTED Australian Shiraz,£7.99
specially-selected,SPECIALLY SELECTED Rich & Succulent Trout Fillets 2 Pack,£3.99
specially-selected,SPECIALLY SELECTED Premium Blueberries,£1.75
specially-selected,SPECIALLY SELECTED Crémant de Loire,£8.99
specially-selected,SPECIALLY SELECTED Protein Sourdough,£1.99
specially-selected,SPECIALLY SELECTED White Sourdough Loaf,£1.59
specially-selected,SPECIALLY SELECTED Wagyu Smash Burger,£3.99
specially-selected,SPECIALLY SELECTED Dinky Dogs,£2.49
specially-selected,SPECIALLY SELECTED Kalamata Olives,£1.89
specially-selected,SPECIALLY SELECTED Pitted Colossal Olives,£1.89
specially-selected,SPECIALLY SELECTED Colombian Instant Coffee Strength No 4 100g,£2.69
specially-selected,SPECIALLY SELECTED Costa Rican Instant Coffee Stength No 3 100g,£2.69
specially-selected,SPECIALLY SELECTED Tomato & Mascarpone Stir Through Sauce,£1.29
specially-selected,SPECIALLY SELECTED Tomato & Olive Stir Through Sauce,£1.29
specially-selected,SPECIALLY SELECTED Tomato & Grilled Peppers Stir Through Sauce,£1.29
specially-selected,SPECIALLY SELECTED Le Gruyére AOP Reserve Cheese,£2.99
specially-selected,SPECIALLY SELECTED Manchego Cheese D.O.P.,£2.99
specially-selected,SPECIALLY SELECTED Extra Mature Gouda Holland P.G.I Cheese,£2.99
specially-selected,SPECIALLY SELECTED 12 Months Matured Comté Cheese,£2.99
specially-selected,SPECIALLY SELECTED Cave Aged Roquefort AOP French Cheese,£2.59
specially-selected,SPECIALLY SELECTED Brie de Meaux A.O.P French Cheese,£2.59
specially-selected,SPECIALLY SELECTED Baked Camembert French Cheese,£2.59
specially-selected,SPECIALLY SELECTED Garlic & Herbs Mini Roule Cheese,£1.49
specially-selected,SPECIALLY SELECTED Pineapple & Almond Mini Roule Cheese,£1.49
specially-selected,SPECIALLY SELECTED Black Pepper & Paprika Mini Roule Cheese,£1.49
specially-selected,SPECIALLY SELECTED Caramelised Red Onion Chutney,£1.89
specially-selected,SPECIALLY SELECTED Tomato & Chilli Chutney,£1.89
specially-selected,SPECIALLY SELECTED Jalapeño Chilli Jam,£1.89
specially-selected,SPECIALLY SELECTED 2 Step Madras Curry Sauce,£1.49
specially-selected,SPECIALLY SELECTED 2 Step Jalfrezi Curry Sauce,£1.49
specially-selected,SPECIALLY SELECTED 2 Step Balti Curry Sauce,£1.49
specially-selected,SPECIALLY SELECTED 2 Step Rogan Josh Curry Sauce,£1.49
specially-selected,SPECIALLY SELECTED 2 Step Butter Chicken Curry Sauce,£1.49
specially-selected,SPECIALLY SELECTED 2 Step Korma Curry Sauce,£1.49
specially-selected,SPECIALLY SELECTED 2 Step Saag Masala Curry Sauce,£1.49
specially-selected,SPECIALLY SELECTED 2 Step Tikka Masala Curry Sauce,£1.49
specially-selected,SPECIALLY SELECTED Rich & Fragrant Earl Grey Speciality Tea Bags 50 Pack,£0.99
specially-selected,SPECIALLY SELECTED Rich & Smooth English Breakfast Fine Tea 50 Pack,£0.99
specially-selected,SPECIALLY SELECTED Strong & Satisfying Assam Fine Tea 50 Pack,£0.99
specially-selected,SPECIALLY SELECTED Orange Blossom Squeezy Honey,£2.09
specially-selected,SPECIALLY SELECTED Spanish Forest Squeezy Honey,£2.09
specially-selected,SPECIALLY SELECTED Acacia Squeezy Honey,£2.09
specially-selected,SPECIALLY SELECTED Pink Himalayan Rock Salt,£1.99
specially-selected,SPECIALLY SELECTED Rainbow Peppercorns,£1.99
specially-selected,SPECIALLY SELECTED Pesto Alla Genovese,£1.49
specially-selected,SPECIALLY SELECTED Pesto Rosso,£1.49
specially-selected,SPECIALLY SELECTED 100% British Pork Dry Cured Smoked Back Bacon 8 Pack,£2.49
specially-selected,SPECIALLY SELECTED 100% British Pork Dry Cured Unsmoked Back Bacon 8 Pack,£2.49
specially-selected,SPECIALLY SELECTED Gourmet Sea Salt Savoury Crackers,£0.95
specially-selected,SPECIALLY SELECTED Gourmet Rosemary Savoury Crackers,£0.95
specially-selected,SPECIALLY SELECTED Gourmet Black Pepper Savoury Crackers,£0.95
specially-selected,SPECIALLY SELECTED Sweet Chilli Salmon Fishcakes 2 Pack,£2.29
specially-selected,"SPECIALLY SELECTED Gastro Cod, Haddock & Fishcakes",£2.29
specially-selected,SPECIALLY SELECTED Hake & Cheddar Fishcake,£2.29
specially-selected,SPECIALLY SELECTED Bramley Apple Pork Sausages 6 Pack,£2.29
specially-selected,SPECIALLY SELECTED Caramelised Onion Pork Sausages 6 Pack,£2.29
specially-selected,SPECIALLY SELECTED Quadruple Chocolate Cookies,£1.99
specially-selected,SPECIALLY SELECTED Chocolate & Salted Caramel Cookies,£1.99
specially-selected,SPECIALLY SELECTED Stem Ginger Cookies,£1.99
specially-selected,SPECIALLY SELECTED Mild & Delicate Smoked Salmon,£3.09
specially-selected,SPECIALLY SELECTED Strong & Robust Smoked Salmon,£3.09
specially-selected,SPECIALLY SELECTED All Butter Scones,£1.49
specially-selected,SPECIALLY SELECTED All Butter Sultana Scones,£1.49
specially-selected,SPECIALLY SELECTED Lightly Smoked Scottish Salmon Fillets 2 Pack,£4.29
specially-selected,SPECIALLY SELECTED Scottish Salmon Fillets 2 Pack,£4.29
specially-selected,SPECIALLY SELECTED Sourdough Breaded Wild Garlic & Jersey Butter Chicken Kievs 2 Pack,£3.99
specially-selected,SPECIALLY SELECTED Bake at Home Stonebaked Baguettes with Sourdough,£1.39
specially-selected,SPECIALLY SELECTED Lightly Sea Salted Hand Cooked Crisps 6 Pack,£1.49
specially-selected,SPECIALLY SELECTED Mature Cheddar & Red Onion Hand Cooked Crisps 6 Pack,£1.49
specially-selected,SPECIALLY SELECTED White Sourdough Sliced Loaf,£1.89
specially-selected,SPECIALLY SELECTED Dark Rye Sourdough Sliced Loaf,£1.89
specially-selected,SPECIALLY SELECTED Melt In The Middle Cod Fishcake with Parsley Sauce,£2.29
specially-selected,SPECIALLY SELECTED Melt In The Middle Smoked Haddock Fishcakes,£2.29
specially-selected,SPECIALLY SELECTED Melt In The Middle Cod & Pea Fishcakes 2 Pack,£2.29
specially-selected,"SPECIALLY SELECTED Melt in the Middle Haddock, Cod & Salmon Fishcakes",£2.29
specially-selected,SPECIALLY SELECTED Spicy 'n' Zingy Sweet Chilli Chicken Tenders,£3.49
specially-selected,SPECIALLY SELECTED Hot Honey Breaded Mini Tenders,£3.49
specially-selected,SPECIALLY SELECTED Lightly Sea Salted Crinkle Cut Crisps,£1.15
specially-selected,SPECIALLY SELECTED Beef & Ale Crinkle Crisps,£1.15
specially-selected,SPECIALLY SELECTED Sicilian Lemon Swiss Roll,£1.59
specially-selected,SPECIALLY SELECTED Strawberry & Clotted Cream Flavour Swiss Roll,£1.59
specially-selected,SPECIALLY SELECTED Sea Salt & Chardonnay Vinegar Hand Cooked Crisps,£1.15
specially-selected,SPECIALLY SELECTED Sea Salt & Cracked Black Pepper Hand Cooked Crisps,£1.15
specially-selected,SPECIALLY SELECTED Lincolnshire Pork Sausages 6 Pack,£2.29
specially-selected,SPECIALLY SELECTED Cumberland Pork Sausages 6 Pack,£2.29
specially-selected,SPECIALLY SELECTED New York Deli Pastrami & Emmental Cheese Sandwich,£2.79
specially-selected,SPECIALLY SELECTED Ayrshire Cured Ham Hock with Farmhouse Cheddar Sandwich,£2.79
specially-selected,SPECIALLY SELECTED King Prawn & Seafood Cocktail Sandwich,£2.79
specially-selected,SPECIALLY SELECTED Chicken Tikka Pocket Wrap,£2.79
specially-selected,SPECIALLY SELECTED Honey Roast Thin Ham,£2.29
specially-selected,SPECIALLY SELECTED Speyside Single Malt Scotch Whisky,£18.49
specially-selected,SPECIALLY SELECTED Highland Single Malt Scotch Whisky,£18.49
specially-selected,SPECIALLY SELECTED 100% Freshly Squeezed Smooth Orange Juice,£2.59
specially-selected,SPECIALLY SELECTED 100% Freshly Squeezed Orange Juice with Bits,£2.59
specially-selected,"SPECIALLY SELECTED King Prawn, Chicken & Chorizo Paella",£5.69
specially-selected,SPECIALLY SELECTED Chicken with Patatas Bravas,£5.69
specially-selected,SPECIALLY SELECTED 100% British Beef Roasted Topside of Beef 5 Slices,£2.49
specially-selected,SPECIALLY SELECTED Cherrywood Smoked Bacon & Cheddar Quiche,£3.49
specially-selected,SPECIALLY SELECTED Cottage Pie,£4.99
specially-selected,SPECIALLY SELECTED GASTRO Fish Pie,£4.99
specially-selected,SPECIALLY SELECTED Cheese & Caramelised Onion Rolls 4 Pack,£2.29
specially-selected,SPECIALLY SELECTED Premium Pork Sausage Rolls 2 Pack,£2.29
specially-selected,SPECIALLY SELECTED Spinach & Pine Nut Pasta,£1.99
specially-selected,SPECIALLY SELECTED Fruity Moroccan Inspired Couscous,£1.99
specially-selected,SPECIALLY SELECTED Parmigiano Reggiano & Roasted Tomato Spiralli Pasta Salad,£1.99
specially-selected,"SPECIALLY SELECTED Beetroot, Red Cabbage & Port Slaw",£1.99
specially-selected,SPECIALLY SELECTED Classic Spanish Chorizo Ring,£1.89
specially-selected,SPECIALLY SELECTED Spicy Spanish Chorizo Ring,£1.89
specially-selected,SPECIALLY SELECTED Cottage Pie,£3.59
specially-selected,SPECIALLY SELECTED Fish Pie,£3.59
specially-selected,SPECIALLY SELECTED Onion & Sweet Potato Bhaji,£2.75
specially-selected,SPECIALLY SELECTED Chicken Shawarma,£2.75
specially-selected,SPECIALLY SELECTED Bang Bang Chicken,£2.75
specially-selected,SPECIALLY SELECTED Piri Piri Chicken,£2.75
specially-selected,SPECIALLY SELECTED Korean Style Beef BBQ,£2.75
specially-selected,SPECIALLY SELECTED Classic Smashed Avocado,£1.49
specially-selected,SPECIALLY SELECTED Smashed Spicy Avocado,£1.49
specially-selected,SPECIALLY SELECTED British Breaded Wiltshire Cured Ham 4 Slices,£2.19
specially-selected,SPECIALLY SELECTED British Wiltshire Cured Ham 4 Slices,£2.19
specially-selected,SPECIALLY SELECTED British Butter Basted Roast Chicken Breast 4 Slices,£2.19
specially-selected,SPECIALLY SELECTED 100% British Stuffing Topped Roast Chicken 4 Slices,£2.19
specially-selected,"SPECIALLY SELECTED Porcini, Chanterelle & Truffle Mezzelune",£2.49
specially-selected,SPECIALLY SELECTED Buffalo Milk Ricotta & Spinach Ravioli,£2.49
specially-selected,SPECIALLY SELECTED Mezzelune Pasta,£2.49
specially-selected,SPECIALLY SELECTED Butternut Squash & Pine Nut Girasoli,£2.49
specially-selected,SPECIALLY SELECTED Cherry Farmhouse Yogurt,£0.75
specially-selected,SPECIALLY SELECTED British Free Range Golden Yolk Eggs 6 Pack,£1.89
specially-selected,SPECIALLY SELECTED Sicilian Lemon Luxury Yogurt,£0.59
specially-selected,SPECIALLY SELECTED Yellow Peach Luxury Yogurt,£0.59
specially-selected,SPECIALLY SELECTED Strawberry & Cream Luxury Yogurt,£0.59
specially-selected,SPECIALLY SELECTED Raspberry & Cream Luxury Yogurt,£0.59
specially-selected,SPECIALLY SELECTED Mango & Passion Fruit Luxury Yogurt,£0.59
specially-selected,SPECIALLY SELECTED Basil & Oregano Passata Rustica,£1.95
specially-selected,SPECIALLY SELECTED West Country Mature Cheddar Cheese,£2.99
specially-selected,SPECIALLY SELECTED West Country Extra Mature Cheddar Cheese,£2.99
specially-selected,SPECIALLY SELECTED West Country Vintage Cheddar Cheese,£2.99
specially-selected,SPECIALLY SELECTED Shropshire Blue Blue Stilton,£2.79
specially-selected,SPECIALLY SELECTED Long Clawson Mature Stilton Blue Stilton,£2.79
specially-selected,SPECIALLY SELECTED Luxury Bouquet,£9.99
specially-selected,"SPECIALLY SELECTED Chicken, Chorizo & Roquito Pepper Wood Fired Sourdough Pizza",£3.49
specially-selected,SPECIALLY SELECTED Summer Edition Macarons 6 Pack,£2.19
specially-selected,SPECIALLY SELECTED Classic Edition Macarons 6 Pack,£2.19
specially-selected,SPECIALLY SELECTED Sticky Toffee Pudding,£2.49
specially-selected,SPECIALLY SELECTED Cherry Bakewell Sponge Pudding,£2.49
specially-selected,SPECIALLY SELECTED Chocolate Cake,£2.99
specially-selected,SPECIALLY SELECTED Rigatoni Pasta Di Gragnano P.G.I.,£1.29
specially-selected,SPECIALLY SELECTED Bucatini Pasta Di Gragnano P.G.I.,£1.29
specially-selected,SPECIALLY SELECTED Mango Yogurt Granola,£1.09
specially-selected,SPECIALLY SELECTED Blueberry Yogurt Granola,£1.09
specially-selected,SPECIALLY SELECTED Strawberry Yogurt Granola,£1.09
specially-selected,SPECIALLY SELECTED Lime & Mandarin Yogurt Granola,£1.09
specially-selected,SPECIALLY SELECTED Raspberry Yogurt Granola,£1.09
specially-selected,SPECIALLY SELECTED Belgian Chocolate Millionaire's Cheesecakes 2 Pack,£2.29
specially-selected,SPECIALLY SELECTED Caramelised Biscuit Cheesecakes 2 Pack,£2.29
specially-selected,SPECIALLY SELECTED Lightly Salted Handcooked Crisps,£1.15
specially-selected,SPECIALLY SELECTED Cheddar & Onion Handcooked Crisps,£1.15
specially-selected,SPECIALLY SELECTED Steak Pie,£2.99
specially-selected,"SPECIALLY SELECTED Chicken, Bacon & Leek Pie",£2.99
specially-selected,SPECIALLY SELECTED Steak Pie,£4.99
specially-selected,"SPECIALLY SELECTED Chicken, Bacon & Leek Pie",£4.99
specially-selected,SPECIALLY SELECTED Sicilian Queen Nocellara Olives,£2.19
specially-selected,SPECIALLY SELECTED Greek Marinated Olives,£2.19
specially-selected,SPECIALLY SELECTED Cream Cheese Stuffed Cherry Bell Peppers,£2.19
specially-selected,SPECIALLY SELECTED Double Stuffed Giant Halkidiki Olives,£2.19
specially-selected,SPECIALLY SELECTED Caprese Salad Olives,£2.19
specially-selected,SPECIALLY SELECTED Marinated Olive & Antipasti Salad,£2.19
specially-selected,SPECIALLY SELECTED 100% British Pork Dry Cured Smoked Streaky Bacon 14 Pack,£2.19
specially-selected,SPECIALLY SELECTED 100% British Pork Dry Cured Unsmoked Streaky Bacon 14 Pack,£2.19
specially-selected,SPECIALLY SELECTED Chicken Sausages 6 Pack,£2.09
specially-selected,VILLAGE BAKERY Smoked Garlic & Parsley Flatbreads,£1.49
specially-selected,SPECIALLY SELECTED Hot Honey Flatbreads,£1.49
specially-selected,SPECIALLY SELECTED Indian Style Salad Bowl,£1.39
specially-selected,SPECIALLY SELECTED Pork Chipolata Sausages 12 Pack,£2.29
specially-selected,SPECIALLY SELECTED British Cumberland Pork Chipolatas 12 Pack,£2.29
specially-selected,SPECIALLY SELECTED Belton Farm Red Fox Vintage Red Leicester Cheese,£2.45
specially-selected,SPECIALLY SELECTED Barber's Cave Aged Extra Mature British Cheddar Cheese,£2.45
specially-selected,SPECIALLY SELECTED Typically 30 Months Matured Davidstow British Vintage Cheddar Cheese,£2.45
specially-selected,SPECIALLY SELECTED Lemon & White Chocolate Cheesecake Slices,£2.09
specially-selected,SPECIALLY SELECTED Sicilian Lemon Summer Tart,£3.79
specially-selected,SPECIALLY SELECTED Minted Lamb Burgers,£3.99
specially-selected,SPECIALLY SELECTED Tomato & Lentil Soup,£2.49
specially-selected,SPECIALLY SELECTED Chicken & Vegetable Soup,£2.49
specially-selected,SPECIALLY SELECTED Pea & Ham Hock Soup,£2.49
specially-selected,SPECIALLY SELECTED Pil Pil King Prawn Cocktail,£2.59
specially-selected,SPECIALLY SELECTED Marie Rose King Prawn Cocktail,£2.59
specially-selected,SPECIALLY SELECTED Moroccan Vegetable Soup,£2.49
specially-selected,SPECIALLY SELECTED Thai Chicken Soup,£2.49
specially-selected,SPECIALLY SELECTED Spiced Pumpkin Soup,£2.49
specially-selected,SPECIALLY SELECTED Butternut Squash Soup,£2.49
specially-selected,SPECIALLY SELECTED Beer Battered Cod 2 Pack,£3.99
specially-selected,SPECIALLY SELECTED Bubbly Battered Cod 2 Pack,£3.99
specially-selected,SPECIALLY SELECTED Caramelised Red Onion & Extra Mature Cheddar Flatbread,£1.99
specially-selected,SPECIALLY SELECTED Pesto & Mozzarella Flatbread,£1.99
specially-selected,SPECIALLY SELECTED Raspberry & Passion Fruit Layered Yogurt,£0.69
specially-selected,SPECIALLY SELECTED Mango & Vanilla layered Yogurt,£0.69
specially-selected,SPECIALLY SELECTED Blueberry & Blackcurrant Layered Yogurt,£0.69
specially-selected,SPECIALLY SELECTED Mozzarella & Slow Roasted Tomato Wood Fired Sourdough Pizza,£2.89
specially-selected,SPECIALLY SELECTED Spicy Salami & Chilli Jam Wood Fired Sourdough Pizza,£2.89
specially-selected,SPECIALLY SELECTED 100% British Beef Salt Dry Aged Aberdeen Angus 8oz Rump Steak,£5.49
specially-selected,SPECIALLY SELECTED 100% Scotch Beef Salt Dry Aged Aberdeen Angus 8oz Rump Steak,£5.49
specially-selected,SPECIALLY SELECTED 100% British Beef Salt Dry Aged Aberdeen Angus 8oz Sirloin Steak,£6.49
specially-selected,SPECIALLY SELECTED 100% Scotch Beef Salt Dry Aged Aberdeen Angus 8oz Sirloin Steak,£6.49
specially-selected,SPECIALLY SELECTED 100% British Beef 30 Day Matured 6oz Fillet Steak,£7.49
specially-selected,SPECIALLY SELECTED 100% British Beef 30 Day Matured Aberdeen Angus 6oz Fillet Steak,£7.49
specially-selected,SPECIALLY SELECTED 100% Scotch Beef 30 Day Matured Aberdeen Angus 6oz Fillet Steak,£7.49
specially-selected,SPECIALLY SELECTED Aberdeen Angus Beef Quarter Pounders 4 Pack,£4.59
specially-selected,SPECIALLY SELECTED Aberdeen Angus Scotch Beef Quarter Pounders 4 Pack,£4.59
specially-selected,SPECIALLY SELECTED 100% British Beef Lean Aberdeen Angus Steak Mince 5% Fat,£5.49
specially-selected,SPECIALLY SELECTED 100% Scotch Beef Lean Aberdeen Angus Steak Mince 5% Fat,£5.49
specially-selected,SPECIALLY SELECTED Applewood Smoked Wiltshire Cured Ham 6 Slices,£2.19
specially-selected,SPECIALLY SELECTED Blossom Honey Roasted Wiltshire Cured Ham 6 Slices,£2.19
specially-selected,SPECIALLY SELECTED Salmon Gravadlax,£3.09
specially-selected,SPECIALLY SELECTED Lemon & Pepper Smoked Salmon,£3.09
specially-selected,SPECIALLY SELECTED Garlic Mushroom & Cheddar Lattices 2 Pack,£1.99
specially-selected,SPECIALLY SELECTED Mediterranean Inspired Vegetable & Pesto Lattices 2 Pack,£1.99
specially-selected,SPECIALLY SELECTED Three Cheese & Tomato Lattices 2 Pack,£1.99
specially-selected,SPECIALLY SELECTED Lemon & Coriander Topped Houmous,£1.59
specially-selected,SPECIALLY SELECTED Extra Smooth Houmous With Sriracha & Hot Honey,£1.59
specially-selected,SPECIALLY SELECTED Extra Smooth Classic Houmous,£1.59
specially-selected,SPECIALLY SELECTED Red Pepper Topped Houmous,£1.59
specially-selected,SPECIALLY SELECTED Raspberry Conserve,£1.39
specially-selected,SPECIALLY SELECTED Apricot Conserve,£1.39
specially-selected,SPECIALLY SELECTED Blackcurrant Conserve,£1.39
specially-selected,SPECIALLY SELECTED Cheese Coleslaw,£1.49
specially-selected,SPECIALLY SELECTED Potato Salad,£1.49
specially-selected,SPECIALLY SELECTED Extra Thick Layered Indian Style Loaded Dip,£1.99
specially-selected,SPECIALLY SELECTED Extra Thick Chicken Caesar Loaded Dip,£1.99
specially-selected,SPECIALLY SELECTED Extra Thick Whipped Feta Loaded Dip,£1.99
specially-selected,SPECIALLY SELECTED Premium Mango & Passionfruit Trifles Twinpack,£2.99
specially-selected,SPECIALLY SELECTED Pistachio Tiramisu 2 Pack,£2.29
specially-selected,SPECIALLY SELECTED Chocolate & Hazelnut Tiramisu 2 Pack,£2.29
specially-selected,SPECIALLY SELECTED Slow Roasted Tomato & Halloumi Vegetable Burgers 2 Pack,£1.99
specially-selected,"SPECIALLY SELECTED Harissa, Red Pepper and Chickpea Burgers",£1.99
specially-selected,SPECIALLY SELECTED Kimchi Vegetable Burgers 2 Pack,£1.99
specially-selected,SPECIALLY SELECTED Extra Large Ecuadorian Raw King Prawns,£2.99
specially-selected,SPECIALLY SELECTED Garlic & Herb Ecuadorian Raw King Prawns,£2.99
specially-selected,SPECIALLY SELECTED Denver Premium Wagyu Steak,£6.99
specially-selected,SPECIALLY SELECTED Flat Iron Premium Wagyu Steak,£6.99
specially-selected,SPECIALLY SELECTED Picanha Premium Wagyu Steak,£6.99
specially-selected,SPECIALLY SELECTED Spicy Salami Italian Stonebaked Pizza,£2.89
specially-selected,SPECIALLY SELECTED Margherita Italian Stonebaked Pizza,£2.89
specially-selected,"SPECIALLY SELECTED Ham, Mushroom & Mascarpone Italian Stonebaked Pizza",£2.89
specially-selected,SPECIALLY SELECTED Siracha Flavoured Salads,£1.59
specially-selected,SPECIALLY SELECTED Pesto Coleslaw Salad,£1.59
specially-selected,SPECIALLY SELECTED Caesar Potato Salad,£1.59
specially-selected,SPECIALLY SELECTED Pork & Beef Koftas,£2.49
specially-selected,SPECIALLY SELECTED Meatballs Albondigas,£2.49
specially-selected,SPECIALLY SELECTED Ibérico Ham Croqueta,£2.49
specially-selected,SPECIALLY SELECTED Chargrilled Spanish Chorizo,£2.49
specially-selected,SPECIALLY SELECTED Chicken Parmigiana,£2.49
specially-selected,SPECIALLY SELECTED Spanish Mushroom Croquetas,£2.49
specially-selected,SPECIALLY SELECTED Melt in the Middle Hollandaise & Salmon Fishcakes,£2.29
specially-selected,SPECIALLY SELECTED Melt in the Middle Katsu Cod Fishcakes,£2.29
specially-selected,SPECIALLY SELECTED Mezze & Falafel,£2.75
specially-selected,SPECIALLY SELECTED Morello Cherry Luxury Yogurt,£0.59
specially-selected,SPECIALLY SELECTED Salsa Verde Olives,£2.19
specially-selected,SPECIALLY SELECTED Mexican Style Salad Bowl,£1.39
specially-selected,SPECIALLY SELECTED Caramel Layered Yogurt,£0.69
specially-selected,"SPECIALLY SELECTED SS Flavoured Salads, Chilli Cheese P",£1.59
specially-selected,"SPECIALLY SELECTED SS Flavoured Salads, Variant 5",£1.59
specially-selected,"SPECIALLY SELECTED SS Flavoured Salads, Variant 6",£1.59
specially-selected,"SPECIALLY SELECTED SS Flavoured Salads, Variant 7",£1.59
specially-selected,"SPECIALLY SELECTED SS Flavoured Salads, Variant 8",£1.59
