Category,Name,Price,Price_Numeric
"Baby, Toddler & Kids",ASDA Little Angels Little Angels 40 Sensitive Extra Large Baby Wipes,£1.00,1.0
"Baby, Toddler & Kids",ASDA Little Angels Little Angels Comfort & Protect 10 Bed Mats,£5.00,5.0
"Baby, Toddler & Kids",ASDA Little Angels Little Angels Extra Sensitive Newborn Wipes 4 x 56,£3.95,3.95
"Baby, Toddler & Kids","Aptamil 1 First Infant Baby Milk Liquid Formula Starter Pack, Ready to Feed, From Birth, 6x70 ml",£8.47,8.47
"Baby, Toddler & Kids","Aptamil Advanced 1 First Baby Milk Formula Starter Pack Ready to Use Liquid, from Birth, 6x70 ml",£10.47,10.47
"Baby, Toddler & Kids","Aptamil Advanced 1 First Baby Milk Liquid Formula, From Birth, 200ml",£1.57,1.57
"Baby, Toddler & Kids","Aptamil Advanced 2 Follow On Baby Milk Liquid Formula, Ready to Drink, 6-12 Months, 200 ml",£1.57,1.57
"Baby, Toddler & Kids",Aveeno Baby AVEENO KIDS Shampoo 250ml. With Soothing Oat & Shea Butter. Developed for Your little Superhero,£4.57,4.57
"Baby, Toddler & Kids",Aveeno Baby Aveeno Kids Conditioner with Soothing Oat & Shea Butter 250ml,£4.57,4.57
"Baby, Toddler & Kids","Aveeno Baby Daily Care Moisturising Lotion with Colloidal Oatmeal, For Sensitive Skin, 75ml",£2.54,2.54
"Baby, Toddler & Kids","Baby Likes 7+ Months Butternut Squash, Rice & Lamb 130g",£1.98,1.98
"Baby, Toddler & Kids",Baby Likes Carrot and Lamb Stew 7+ Months 130g,£1.98,1.98
"Baby, Toddler & Kids",Cerelac CERELAC® On The Go 5 Grains 6m + Pouch 110g,£1.50,1.5
"Baby, Toddler & Kids",Cerelac CERELAC® On The Go Honey  12m + Pouch 110g,£1.50,1.5
"Baby, Toddler & Kids",Cerelac Infant Cereals with Milk Rice 6+ Months 160g,£2.58,2.58
"Baby, Toddler & Kids",Cerelac Infant Cereals with Milk Wheat 6+ Months 1kg,£9.06,9.06
"Baby, Toddler & Kids",Childs Farm Baby All Over Balm 50ml Fragrance-Free Moisturiser for Newborns & Sensitive Skin,£6.48,6.48
"Baby, Toddler & Kids",Childs Farm Baby Moisturiser 200ml Baby Soft Scent for Newborns & Sensitive Skin,£5.48,5.48
"Baby, Toddler & Kids",Childs Farm Baby Nappy Cream 100ml Fragrance-Free Formula for Newborns & Sensitive Skin,£5.48,5.48
"Baby, Toddler & Kids",Childs Farm Baby Tear-free Shampoo & Body Wash 250ml Baby Soft Scent for Newborns & Sensitive Skin,£4.78,4.78
"Baby, Toddler & Kids","Childs Farm Fragrance-Free Body Moisturiser 200ml Gentle Hydrating Formula for Kids, Babies & Sensitive Skin",£5.48,5.48
"Baby, Toddler & Kids","Childs Farm SlumberTime Sleep Bath Soak 250ml Lavender & Moon Milk Gentle Bubble Bath for Babies, Kids & Sensitive Skin",actual price£5.00,5.0
"Baby, Toddler & Kids","Childs Farm SlumberTime Sleep Calming Massage Lotion 150ml Lavender & Moon Milk Gentle Moisturiser for Babies, Kids & Sensitive Skin",actual price£6.00,6.0
"Baby, Toddler & Kids",Childs Farm SlumberTime Sleep Mist 100ml Lavender & Moon Milk,actual price£6.00,6.0
"Baby, Toddler & Kids",Cow & Gate 3 Growing Up Milk Formula 1+ Years 200ml,actual price£10.00,10.0
"Baby, Toddler & Kids",Cow & Gate Follow-On Milk from 6 Months 2 x 600g (1.2kg),£13.34,13.34
"Baby, Toddler & Kids",Ella's Kitchen Kids Organic Pea + Basil Wild Crackers 100g,£2.50,2.5
"Baby, Toddler & Kids",Ella's Kitchen Lovely Lamb Roast 7+ Months 130g,£1.48,1.48
"Baby, Toddler & Kids","Ella's Kitchen Organic Mangoes, Pears and Papaya Baby Pouch 4+ Months 120g",£1.26,1.26
"Baby, Toddler & Kids",Garnier Ultimate Blends Ultimate Blends Kids Apricot No Tears Easy Detangling Shampoo for All Hair Types 250ml,£2.50,2.5
"Baby, Toddler & Kids","Heinz Baby Food Pear, Raspberry & Yoghurt Immunity Support Fruit Pouch 7+ Months 85g",£0.93,0.93
"Baby, Toddler & Kids",Heinz Baby Food Strawberry & Yoghurt Immunity Support Fruit Pouch 6+ Months 85g,£0.93,0.93
"Baby, Toddler & Kids",Heinz By Nature Beef & Sweet Potato Mash Baby Food Jar 6+ Months 120g,£0.84,0.84
"Baby, Toddler & Kids",Heinz By Nature Cottage Pie Baby Food Tray 12+ Months 200g,£1.62,1.62
"Baby, Toddler & Kids","Heinz By Nature Mango, Chicken & Veggies Baby Food Jar 7+ Months 200g",£1.07,1.07
"Baby, Toddler & Kids",Heinz By Nature Pasta Bake with Tuna Baby Food Jar 7+ Months 200g,£1.07,1.07
"Baby, Toddler & Kids",Heinz Chicken & Sweetcorn Risotto Tray 12+ Months 200g Baby Food,£1.62,1.62
"Baby, Toddler & Kids","Heinz Peach, Mango, Banana & Apple Baby Food Fruit Puree Pouch 6+ Months 100g",£0.88,0.88
"Baby, Toddler & Kids",Heinz Sunday Chicken Dinner Baby Food Pouch 7+ Months 130g,£1.14,1.14
"Baby, Toddler & Kids",HiPP HiPP Organic Rice Pudding with Apple & Pear Baby Food Jar 7+ Months 160g,£1.14,1.14
"Baby, Toddler & Kids",HiPP HiPP Organic Spaghetti with tomatoes & mozzarella Baby Food Jar 7+ Months 190g,£1.14,1.14
"Baby, Toddler & Kids",HiPP Organic Organic 1 First Infant Milk from Birth 800g,£13.48,13.48
"Baby, Toddler & Kids",Huggies DryNites Bedwetting Pyjama Nappy Pants Girl 3-4yrs 16 Pants,£6.00,6.0
"Baby, Toddler & Kids",Johnson's Bedtime Shampoo 500g,£3.74,3.74
"Baby, Toddler & Kids",Johnson's Shampoom300 ml,£1.85,1.85
"Baby, Toddler & Kids",Kendamil Organic First Infant Milk 1 from Birth 200ml,£1.27,1.27
"Baby, Toddler & Kids",Kendamil Organic Follow-On Milk 2 6-12 Months 200ml,£1.27,1.27
"Baby, Toddler & Kids",Kiddylicious Cheesy Flavoured Veggie Straws 9+ Months 10 x 12g (120g),£6.43,6.43
"Baby, Toddler & Kids",Kiddylicious Raspberry & Beetroot Melty Buttons 9+ Months 6g,£0.78,0.78
"Baby, Toddler & Kids",Kiddylicious Strawberry & Banana Smoothie Melts 12+ Months 6g,£0.78,0.78
"Baby, Toddler & Kids",Kiddylicious Strawberry Wafers 6+ Months 10 x 4g (40g),£2.52,2.52
"Baby, Toddler & Kids",LITTLE ANGELS by ASDA Little Angels by  Comfort & Protect Size 5+ 12-17kg 26-38lbs 64 Nappies,£4.95,4.95
"Baby, Toddler & Kids",LITTLE ANGELS by ASDA Organic Pea Puffs 7+ Months 15g,£0.64,0.64
"Baby, Toddler & Kids",LITTLE ANGELS by ASDA Organic Vegetable & Chicken Curry with Rice 7+ Months 130g,£0.57,0.57
"Baby, Toddler & Kids",LITTLE ANGELS by ASDA by  Bedtime Head to Toe Wash 500ml,£0.92,0.92
"Baby, Toddler & Kids",Little Freddie Organic Mango & Peach Yoghurt Stage 1 +6m Smooth 100g,£1.38,1.38
"Baby, Toddler & Kids",MAM Easy Start Bottle Anti-Colic Bottle 2+ Months 2 x 260 ml,£17.97,17.97
"Baby, Toddler & Kids",MAM Teat 2 2+ Months,£6.86,6.86
"Baby, Toddler & Kids",Munchkin Click Lock Trainer Cup 6M+,£5.86,5.86
"Baby, Toddler & Kids",My Expert Midwife No Harm Bum Balm 30ml,£5.94,5.94
"Baby, Toddler & Kids",My Little Coco Aloe & Pear Detangling Water 150ml,£6.25,6.25
"Baby, Toddler & Kids",Nuby Lots-a-Loops Teether 3m+,actual price£4.48,4.48
"Baby, Toddler & Kids",Nûby Active Cup Insulated Sipper 266ml 12+m,actual price£3.98,3.98
"Baby, Toddler & Kids",Nûby Character Trainer Cup 240ml 6-12m+,actual price£5.48,5.48
"Baby, Toddler & Kids",Organix Banana & Date Fruit Bars Toddler Snacks Multipack 6x17g 12 months+,actual price£2.75,2.75
"Baby, Toddler & Kids",Organix Melty Organic Carrot Baby Snack Puffs 20g 6 months+,£0.76,0.76
"Baby, Toddler & Kids",Organix Raspberry & Apple Soft Oaty Bars Toddler Snacks Multipack 138g (6x23g) 12 months+,actual price£2.50,2.5
"Baby, Toddler & Kids",Organix Summer Fruits Rice Cake Clouds Organic Baby Snacks Multipack 4x18g 7 months+,£2.80,2.8
"Baby, Toddler & Kids","Pampers Baby-Dry Nappy Pants Size 4, 72 Nappies, 9kg-15kg, Jumbo+ Pack",£12.98,12.98
"Baby, Toddler & Kids","Pampers Baby-Dry Nappy Pants Size 8, 22 Nappies, 17kg+, Essential Pack",£9.98,9.98
"Baby, Toddler & Kids","Pampers Baby-Dry Size 5+, 68 Nappies, 12kg-17kg, Jumbo+ Pack",£12.98,12.98
"Baby, Toddler & Kids","Pampers Baby-Dry Size 5, 39 Nappies",actual price£6.00,6.0
"Baby, Toddler & Kids","Pampers Baby-Dry Size 6, 33 Nappies",actual price£6.00,6.0
"Baby, Toddler & Kids","Pampers Baby-Dry Size 8, 52 Nappies, 17kg+, Jumbo+ Pack",£12.98,12.98
"Baby, Toddler & Kids","Pampers Premium Protection Nappy Pants Size 4, 30 Nappies, 9kg-15kg, Essential Pack",£10.98,10.98
"Baby, Toddler & Kids","Pampers Premium Protection Nappy Pants Size 4, 54 Nappies, 9kg-15kg, Jumbo+ Pack",£12.98,12.98
"Baby, Toddler & Kids","Pampers Premium Protection Nappy Pants Size 5, 27 Nappies, 11kg-17kg, Essential Pack",£10.98,10.98
"Baby, Toddler & Kids","Pampers Premium Protection Nappy Pants Size 5, 48 Nappies, 11kg-17kg, Jumbo+ Pack",£12.98,12.98
"Baby, Toddler & Kids","Pampers Premium Protection Nappy Pants Size 6, 42 Nappies, 13kg-19kg, Jumbo+ Pack",£12.98,12.98
"Baby, Toddler & Kids","Pampers Sensitive Baby Wipes, 208 Baby Wet Wipes",£4.78,4.78
"Baby, Toddler & Kids",Paw Patrol Feeding Bowl 6 Months+,£1.98,1.98
"Baby, Toddler & Kids",Regal Siprus Finest Mixed Fruit 1 Litre,actual price£1.60,1.6
"Baby, Toddler & Kids",Tiny to Tots Bath Animals 6m+,£3.20,3.2
"Baby, Toddler & Kids","Tommee Tippee 1x Bottle to Spout Cup, Easy-Grip, 4 Months+, Assorted Colours",£6.00,6.0
"Baby, Toddler & Kids","Tommee Tippee 1x Starter Spout Cup, Easy-Grip, 4 Months+, Assorted Colours",£6.00,6.0
"Baby, Toddler & Kids","Tommee Tippee 2-in-1 Portable Penguin Nursery Night Light, USB-Powered",£29.98,29.98
"Baby, Toddler & Kids","Tommee Tippee 260ml Advanced Anti-Colic Baby Bottle, Slow-Flow Breast-Like Teat",£7.98,7.98
"Baby, Toddler & Kids","Vicks BabyRub Ointment, Jar 50g",£4.48,4.48
"Baby, Toddler & Kids",Vtech V-Hush Mini Sleep Trainer Soother Speaker,£35.00,35.0
Bakery,ASDA Free From 6 Victoria Sponge Cakes,£2.36,2.36
Bakery,ASDA Free From Free From by  4 White Rolls 260g,£1.75,1.75
Bakery,ASDA Free From Free From by  Madeira Party Cake,£7.50,7.5
Bakery,ASDA Hazelnut Croissant 2pk,£1.52,1.52
Bakery,ASDA Lemon & Fruit Pancakes 5 Pack,£1.00,1.0
Bakery,ASDA Plant Based by  OMV! 4 Raspberry & Coconut Macaroon Slices 165g,£2.08,2.08
Bakery,ASDA The Bakery at  Half & Half 9 Cupcakes,£6.00,6.0
Bakery,Baker Street 4 Hot Dog Rolls Pre-Cut,£1.54,1.54
Bakery,Brompton House Fantasy Brownies 10 x 20g (200g),£2.00,2.0
Bakery,Cadbury Dairy Milk Caramel 4 Cookies,£1.88,1.88
Bakery,Disney Cars Disney Pixar Cars Chocolate Celebration Cake,£15.00,15.0
Bakery,Exceptional by ASDA 2 Melt in the Middle Puddings 180g,£2.98,2.98
Bakery,Exceptional by ASDA 4 All-Butter Croissants,£2.38,2.38
Bakery,Exceptional by ASDA 9 Mini Chocolate Cupcakes,£3.50,3.5
Bakery,Exceptional by ASDA Coffee & Walnut Cake,£3.65,3.65
Bakery,Exceptional by ASDA Double Chocolate Pudding 400g,£4.87,4.87
Bakery,Exceptional by ASDA Exceptional by  4 Brioche Burger Buns,£1.42,1.42
Bakery,Exceptional by ASDA Free From Victoria Sponge Cake,£4.18,4.18
Bakery,Exceptional by ASDA Multiseed Stonebaked Baguettes 2 x 125g (250g),£1.83,1.83
Bakery,Exceptional by ASDA Stonebaked Pave Rolls 4 x 75g (300g),£1.83,1.83
Bakery,Exceptional by ASDA Victoria Sponge Cake,£3.65,3.65
Bakery,Exceptional by ASDA White Sourdough Loaf 500g,£2.44,2.44
Bakery,Exceptional by ASDA Wholemeal & Rye Sourdough Sliced Loaf 500g,£2.44,2.44
Bakery,Freddi Barbie Sponge Slices Cocoa & Honey,£2.00,2.0
Bakery,Free From by ASDA 6 Assorted Jam Tarts,£2.00,2.0
Bakery,Genius 2 Brioche Buns,£1.98,1.98
Bakery,Hovis Seed Sensations Seven Seeds 800g,£1.96,1.96
Bakery,Jason's No 06 Majestic Malted Sourdough 450g,£2.13,2.13
Bakery,Jason's No1 The Great White Sourdough 450g,£2.13,2.13
Bakery,Kingsmill 6 Golden Pancakes,£1.10,1.1
Bakery,Lewis & Green Victoria Sponge 800g,£4.98,4.98
Bakery,McVitie's Jamaica Ginger Sticky Pudding Cake 232g,£1.24,1.24
Bakery,Mission Deli Mission Wheat & White Tortilla Wraps 6 Pack,£1.40,1.4
Bakery,Morris Wholemeal Teacake,£1.28,1.28
Bakery,Mr Kipling Almond Cake Slices 6 Pack,£1.67,1.67
Bakery,Mr Kipling Angel Slices Cakes 6 Pack,£2.74,2.74
Bakery,Mr Kipling Birthday Cake Slices 8 Pack,actual price£1.75,1.75
Bakery,Mr Kipling Choc Chip Breakfast Bakes Snack Cakes 4 pack,£1.74,1.74
Bakery,Mr Kipling French Fancies Cakes 8 Pack,actual price£2.00,2.0
Bakery,Mr Kipling Jam Tarts 6 Pack,£2.00,2.0
Bakery,Mr Kipling Strawberries & Cream Tarts 4 Pack,actual price£1.00,1.0
Bakery,Mr Kipling Vanilla Birthday Cake Tarts 4 Pack,actual price£1.00,1.0
Bakery,New York Bakery Sourdough NYC Bagels,£1.90,1.9
Bakery,Oaf Gluten Free White Super Soft Sub Rolls 2 Pack,£2.75,2.75
Bakery,Riya's 4 Light Lavash Bread,£1.50,1.5
Bakery,"Soreen Malt Lunchbox Loaves Snack Bars, 5 x 30g",£1.78,1.78
Bakery,St Pierre 4 Brioche Baguettes,actual price£1.98,1.98
Bakery,St Pierre 4 Brioche Pre-Cut Hot Dog Rolls,actual price£1.50,1.5
Bakery,St Pierre 4 Pre-Sliced Brioche Burger Buns,actual price£2.00,2.0
Bakery,St Pierre 4 Seeded Brioche Burger Buns,actual price£1.98,1.98
Bakery,St Pierre 6 Pains Au Chocolat,£2.30,2.3
Bakery,Summer by ASDA 2 Blackcurrant Tarts,£2.60,2.6
Bakery,Summer by ASDA Peach Melba Custard Tarts 2 x 81g (162g),£2.60,2.6
Bakery,The BAKERY at ASDA 12 Cupcakes,£7.00,7.0
Bakery,The BAKERY at ASDA 18 Confetti Cupcakes,£7.60,7.6
Bakery,The BAKERY at ASDA 6 Assorted Jam Tarts,£0.89,0.89
Bakery,The BAKERY at ASDA 6 Bramley Apple Pies,£1.25,1.25
Bakery,The BAKERY at ASDA 6 Cherry Bakewells,£1.19,1.19
Bakery,The BAKERY at ASDA 6 Iced Finger Buns,£1.64,1.64
Bakery,The BAKERY at ASDA 9 Chocolate Mini Cupcakes,£2.66,2.66
Bakery,The BAKERY at ASDA Birthday Cake Muffin,£1.08,1.08
Bakery,The BAKERY at ASDA Jam & Coconut Traybake 300g,£2.58,2.58
Bakery,The BAKERY at ASDA Letty the Caterpillar Cake,£9.00,9.0
Bakery,The BAKERY at ASDA Pink School Cake Traybake 300g,£2.58,2.58
Bakery,The BAKERY at ASDA The Bakery 6 Chocolate Chip Brioche Swirls 300g,£2.17,2.17
Bakery,The BAKERY at ASDA The Bakery 6 Plain Folded Flatbreads 210g,£1.48,1.48
Bakery,The BAKERY at ASDA The Bakery 6 Plain Mini Naans 282g,£1.50,1.5
Bakery,The BAKERY at ASDA The Bakery 6 Wholemeal Pittas 360g,£0.50,0.5
Bakery,The BAKERY at ASDA The Bakery 8 Sweet Pancakes 480g,£2.93,2.93
Bakery,The BAKERY at ASDA The Bakery Sid the Sausage Dog Cake,£15.00,15.0
Bakery,The BAKERY at ASDA The Bakery White Farmhouse Loaf Sliced 400g,£1.23,1.23
Bakery,The BAKERY at ASDA The Bakery at  2 Ciabatta Rolls,£1.17,1.17
Bakery,The BAKERY at ASDA The Bakery at  4 School Cakes,£2.00,2.0
Bakery,The BAKERY at ASDA The Bakery at  4 White Baps,£1.01,1.01
Bakery,The BAKERY at ASDA The Bakery at  Chocolate Drip Cake,£15.00,15.0
Bakery,The BAKERY at ASDA The Bakery at  Half & Half Cake,£16.00,16.0
Bakery,WW 6 White Wraps,actual price£1.22,1.22
Bakery,Waffulls Double Choc 50g,£0.67,0.67
Bakery,Warburtons 12 White Rolls,£1.95,1.95
Bakery,Warburtons 6 Soft & Sliced Hotdog Rolls,£1.35,1.35
Bakery,Warburtons Family Bakers Gluten Free White Bloomer with Sourdough 400g,£3.33,3.33
"Beer, Wine & Spirits",1000 Stories Zinfandel 75cl,£15.00,15.0
"Beer, Wine & Spirits",19 Crimes Malbec 750ml,£9.75,9.75
"Beer, Wine & Spirits",ASDA Cane Sugar Syrup 50cl,£3.00,3.0
"Beer, Wine & Spirits",ASDA Coconut Bay 70cl,£7.75,7.75
"Beer, Wine & Spirits",ASDA Extra Special Gewurztraminer Vin D'Alsace 75cl,£9.25,9.25
"Beer, Wine & Spirits",ASDA Extra Special Margarita 70cl,£6.00,6.0
"Beer, Wine & Spirits",Angelo Poretti Birrificio Angelo Poretti Premium Lager Beer Bottle 660ml,£1.85,1.85
"Beer, Wine & Spirits","Aperol Aperitivo, 11% ABV - Italian Spritz Cocktail 70cl",actual price£13.00,13.0
"Beer, Wine & Spirits",Baileys Original Irish Cream Liqueur 17% vol 70cl,£17.00,17.0
"Beer, Wine & Spirits",Bankhall British Single Malt Whisky 70cl,£20.00,20.0
"Beer, Wine & Spirits",Barbera d'Asti Superiore 75cl,£8.00,8.0
"Beer, Wine & Spirits",Beaujolais Nouveau 75cl,£7.47,7.47
"Beer, Wine & Spirits",Beefsteak Club Shiraz 750ml,£6.75,6.75
"Beer, Wine & Spirits",Birra Moretti Premium Lager Beer Bottle 4x330ml,actual price£5.75,5.75
"Beer, Wine & Spirits",Birrificio Angelo Poretti Premium Italian Lager 12 x 440ml,£13.00,13.0
"Beer, Wine & Spirits",Blue Moon Belgian Style Wheat Beer 4 x 330ml Can,£6.44,6.44
"Beer, Wine & Spirits","Bombay Sapphire London Dry Gin, 70cl",£23.88,23.88
"Beer, Wine & Spirits",BrewDog Juice Shack Session Neipa 4 x 330ml,£5.86,5.86
"Beer, Wine & Spirits",BrewDog Lost Lager 12 x 440ml,actual price£10.00,10.0
"Beer, Wine & Spirits",Bud Light Lager Beer Cans 18x440ml,£11.50,11.5
"Beer, Wine & Spirits",Budweiser Lager Beer Bottles 4x300ml,actual price£4.50,4.5
"Beer, Wine & Spirits",Bumbu Rum Co. The Original Rum with Natural Flavours 70cl,£35.46,35.46
"Beer, Wine & Spirits",Campo Viejo Tempranillo Red Wine 75cl,£9.25,9.25
"Beer, Wine & Spirits",Captain Morgan Original Spiced Gold 35% vol 1L,£18.50,18.5
"Beer, Wine & Spirits",Carlsberg Danish Pilsner 18 x 440ml,£10.00,10.0
"Beer, Wine & Spirits",Carlsberg Danish Pilsner 660ml,£1.35,1.35
"Beer, Wine & Spirits",Casillero del Diablo Chardonnay 75cl,actual price£7.50,7.5
"Beer, Wine & Spirits",Casillero del Diablo Merlot 75cl,actual price£7.50,7.5
"Beer, Wine & Spirits",Champagne Jacquart Mosaïque Brut 750ml,actual price£30.50,30.5
"Beer, Wine & Spirits",Cruzcampo Sevilla Lager Beer 4.4% ABV Cans 10x440ml,£13.00,13.0
"Beer, Wine & Spirits",Cruzcampo Sevilla Lager Beer 4.4% ABV Pint Cans 4x568ml,£6.74,6.74
"Beer, Wine & Spirits",Dark Horse Chardonnay White Wine 750ml,£10.50,10.5
"Beer, Wine & Spirits",Diablo Dark Red Wine 75cl,£10.75,10.75
"Beer, Wine & Spirits",Disney Angel Cushion Tufted Chill,£10.00,10.0
"Beer, Wine & Spirits",Echo Falls White Zinfandel Rosé Wine 75cl,£5.75,5.75
"Beer, Wine & Spirits",Exceptional by ASDA Adelaide Chardonnay 75cl,£9.00,9.0
"Beer, Wine & Spirits",Exceptional by ASDA Amarone 75cl,actual price£16.00,16.0
"Beer, Wine & Spirits",Exceptional by ASDA Carménère,£9.00,9.0
"Beer, Wine & Spirits",Exceptional by ASDA Chardonnay 75cl,£7.00,7.0
"Beer, Wine & Spirits",Exceptional by ASDA Espresso Martini Chocolate Flavour Cream Liqueur 70cl,£8.00,8.0
"Beer, Wine & Spirits",Exceptional by ASDA Malbec 2.25L,£18.50,18.5
"Beer, Wine & Spirits",Exceptional by ASDA Pinotage 75cl,£7.00,7.0
"Beer, Wine & Spirits",Exceptional by ASDA Sauvignon Blanc 18.7cl,£2.74,2.74
"Beer, Wine & Spirits",Exceptional by ASDA Sparkling Sauvignon Blanc 75cl,£4.00,4.0
"Beer, Wine & Spirits",Famille Perrin Les Cardinaux 750ml,actual price£9.50,9.5
"Beer, Wine & Spirits",Foster's Beer Lager Pint Cans 4 x 568ml,£4.75,4.75
"Beer, Wine & Spirits",Freixenet 0% Alcohol Free Sparkling 750ml,actual price£4.00,4.0
"Beer, Wine & Spirits",Freixenet Italian Rosé 750ml,actual price£8.50,8.5
"Beer, Wine & Spirits",Freixenet Prosecco D.O.C. Sparkling Wine 20cl,£3.90,3.9
"Beer, Wine & Spirits",Gordon's London Dry Gin & Tonic Ready To Drink 5% vol 6x250ml Cans,£6.50,6.5
"Beer, Wine & Spirits",Gordon's Premium Pink Alcohol Free Spirit 0.0% vol 70cl,£15.50,15.5
"Beer, Wine & Spirits",Gordon's Premium Pink Flavoured Gin Based Spirit Drink 35% vol 35cl,actual price£9.00,9.0
"Beer, Wine & Spirits",Gordon's Special Dry London Gin 37.5% vol 70cl,£16.75,16.75
"Beer, Wine & Spirits",Hardys Crest Chardonnay White Wine 75cl,actual price£7.00,7.0
"Beer, Wine & Spirits",Hardys Stamp Shiraz Cabernet Red Wine 187ml,£2.25,2.25
"Beer, Wine & Spirits",Hardys VR Merlot Red Wine 75cl,£6.95,6.95
"Beer, Wine & Spirits",Hardys VR Pinot Grigio White Wine 75cl,£6.95,6.95
"Beer, Wine & Spirits",Heidsieck & Co Monopole Blue Top Champagne 750ml,actual price£26.00,26.0
"Beer, Wine & Spirits",Heineken Original Premium Lager Beer 5% ABV Pint Can 4x568ml,£6.77,6.77
"Beer, Wine & Spirits",Hobgoblin Session IPA Ale Beer Cans 4 x 440ml,£4.27,4.27
"Beer, Wine & Spirits",Inch's Medium Apple Cider 4.5% ABV Multipack Can 10x440ml,£11.40,11.4
"Beer, Wine & Spirits",Inch's Reserve Premium Apple Cider Bottle 7.4% Alc 500ml,£2.75,2.75
"Beer, Wine & Spirits",Jack Daniel's & Coca-Cola 6 x 250ml,actual price£7.00,7.0
"Beer, Wine & Spirits",Jack Daniel's Tennessee Whiskey Blended with Apple Liqueur 35 cL,£13.25,13.25
"Beer, Wine & Spirits",Jack Daniel's and Coca-Cola 330ml Pre-Mixed Can,£2.43,2.43
"Beer, Wine & Spirits",Jacob's Creek Red Wine Juicy & Smooth 75cl,actual price£7.50,7.5
"Beer, Wine & Spirits",Jam Shed Malbec Red Wine 75cl,£8.25,8.25
"Beer, Wine & Spirits",Jam Shed Shiraz Boxed Red Wine 1.5L,actual price£12.50,12.5
"Beer, Wine & Spirits",Jameson Triple Distilled Blended Irish Whiskey 70cl,£25.87,25.87
"Beer, Wine & Spirits",John Smith's Beer Extra Smooth Pale Ale 15 x 440 ml,£13.00,13.0
"Beer, Wine & Spirits",Kahlua Coffee Liqueur 70cl,actual price£12.00,12.0
"Beer, Wine & Spirits",Kopparberg 330ml,£6.00,6.0
"Beer, Wine & Spirits",Kopparberg Premium Cider 18 x 330ml,£13.00,13.0
"Beer, Wine & Spirits",Kopparberg Sweet Vintage Apple Premium Cider 500ml,£2.50,2.5
"Beer, Wine & Spirits",Kronenbourg 1664 Bière Blonde 6 x 330ml,£4.60,4.6
"Beer, Wine & Spirits",La Gioiosa Prosecco Rosé 20cl,£10.00,10.0
"Beer, Wine & Spirits",La Moneda Premium Collection Malbec 75cl,£6.50,6.5
"Beer, Wine & Spirits",La Vieille Rosé Wine 1.5l,£16.00,16.0
"Beer, Wine & Spirits",LaCheteau Sauvignon Blanc 75cl,actual price£7.00,7.0
"Beer, Wine & Spirits",Laphroaig Oak Select Islay Single Malt Scotch Whisky 700ml,actual price£25.00,25.0
"Beer, Wine & Spirits",Le Manoir Chardonnay 75cl,£5.50,5.5
"Beer, Wine & Spirits",Lindeman's Bin 65 Chardonnay 750ml,£8.00,8.0
"Beer, Wine & Spirits",Macon-Villages Chardonnay 750ml,actual price£10.00,10.0
"Beer, Wine & Spirits",Malibu Pre-Mixed Sparkling Cola Rum Drink 250ml,£1.97,1.97
"Beer, Wine & Spirits",Matua New Zealand Sauvignon Blanc 750ml,£12.00,12.0
"Beer, Wine & Spirits",McGuigan Black Label Red Australian Wine 75cl,actual price£6.00,6.0
"Beer, Wine & Spirits",Monkey Shoulder Blended Malt Scotch Whisky 70cl,£31.00,31.0
"Beer, Wine & Spirits",Mount Gay Eclipse Barbados Golden Rum 70cl,£24.46,24.46
"Beer, Wine & Spirits",Nozeco Special Edition Alcohol Free 0% Rosé Fine Sparkling 75cl,£3.32,3.32
"Beer, Wine & Spirits",Old Mout Berries & Cherries Can 10x330ml,actual price£8.50,8.5
"Beer, Wine & Spirits",Old Mout Mango & Passionfruit Cans 10 x 330ml,£8.50,8.5
"Beer, Wine & Spirits",Old Speckled Hen English Pale Ale 500ml,£2.27,2.27
"Beer, Wine & Spirits",Oyster Bay Marlborough Sauvignon Blanc 750ml,actual price£9.00,9.0
"Beer, Wine & Spirits",Peroni Nastro Azzurro Italian Lager Beer 18 x 330ml Bottles,actual price£20.00,20.0
"Beer, Wine & Spirits",Pommery Champagne Brut Royal 750ml,£44.00,44.0
"Beer, Wine & Spirits",Red Stripe Jamaican Lager Beer 4 x 568ml,£7.00,7.0
"Beer, Wine & Spirits",Riunite Sparkling Red 75cl,£6.25,6.25
"Beer, Wine & Spirits",San Miguel Premium Lager  Beer Bottles 12x330ml,actual price£12.00,12.0
"Beer, Wine & Spirits",San Miguel Premium Lager Beer Cans 4x568ml,actual price£6.50,6.5
"Beer, Wine & Spirits",San Miguel Premium Larger Beer Bottle 620ml,£1.97,1.97
"Beer, Wine & Spirits",Schöfferhofer Hefeweizen Premium Wheat Beer 0.5L,£1.85,1.85
"Beer, Wine & Spirits",Sharp's Amber Ale Can 4 x 500ml,£5.82,5.82
"Beer, Wine & Spirits",Shepherd Neame Classic Collection India Pale Ale 500ml,£2.56,2.56
"Beer, Wine & Spirits",Smirnoff Ice Raspberry 4% vol Ready To Drink Premix 70cl Bottle,£2.75,2.75
"Beer, Wine & Spirits",St Austell Brewery IPA 500ml,£1.94,1.94
"Beer, Wine & Spirits",St Austell Proper Јоb  IPA 4 x 440ml,£5.57,5.57
"Beer, Wine & Spirits",Stellenbosch Original Series Cabernet Sauvignon Merlot 75cl,£8.25,8.25
"Beer, Wine & Spirits",Strongbow Original Apple Cider Can 4.5% ABV 4x440ml,£4.46,4.46
"Beer, Wine & Spirits",Studio Zero Alcohol Free Sauvignon Blanc 75cl,£3.18,3.18
"Beer, Wine & Spirits",Symonds Scrumpy Jack Premium British Cider 6.0% Multipack Cans 4x500ml,£5.50,5.5
"Beer, Wine & Spirits",Tamnavulin Speyside Single Malt Scotch Whisky Double Cask,actual price£23.00,23.0
"Beer, Wine & Spirits",Taylor's First Estate Reserve Port 75 cl,£16.50,16.5
"Beer, Wine & Spirits",Thatchers Cloudy Lemon Cider 4 x 440ml,£5.74,5.74
"Beer, Wine & Spirits",The Distiller Strawberry Daiquiri 250ml,£1.22,1.22
"Beer, Wine & Spirits",The Famous Grouse Blender's Edition Smoky Black Blended Scotch Whisky 700ml,£21.75,21.75
"Beer, Wine & Spirits",The Wave Rider Sauvignon Blanc 75cl,£6.00,6.0
"Beer, Wine & Spirits",The Wine Atlas Cinsault 75cl,£5.50,5.5
"Beer, Wine & Spirits",The Wine Atlas Fetească Regala 75cl,£7.00,7.0
"Beer, Wine & Spirits",Thornbridge Jaipur India Pale Ale 500ml,£2.37,2.37
"Beer, Wine & Spirits",Tia Maria Cold Brew Coffee Liqueur 700 ml,actual price£12.00,12.0
"Beer, Wine & Spirits",VK Mixed Pack A Selection of Vodka Mix Drinks 10 x 275ml,£8.00,8.0
"Beer, Wine & Spirits",Vault City Jungle Juice Modern Sour Beer 440ml,£3.77,3.77
"Beer, Wine & Spirits",Vedett Extra IPA Beer 330ml,£1.97,1.97
"Beer, Wine & Spirits",Vermouth Bianco 100cl,£8.32,8.32
"Beer, Wine & Spirits",Villa Maria Private Bin Sauvignon Blanc,£11.00,11.0
"Beer, Wine & Spirits",Villa Maria Sauvignon Blanc Rose,actual price£8.50,8.5
"Beer, Wine & Spirits",Vocation Special Edition Toucan Tropic DDH IPA 440ml,£2.96,2.96
"Beer, Wine & Spirits",Wainwright Amber Ale Beer Bottle 500ml,£2.01,2.01
"Beer, Wine & Spirits",Woodford Reserve Kentucky Straight Bourbon Whiskey 70 cL,£37.75,37.75
Chilled Food,ASDA 10 Breaded Ham Slices 300g,£2.48,2.48
Chilled Food,ASDA 12 Cheese Bites 144g,£2.15,2.15
Chilled Food,ASDA 12 Free Range Medium Eggs,£2.85,2.85
Chilled Food,ASDA 12 Matchday Mozzarella Sticks 240g,actual price£2.74,2.74
Chilled Food,ASDA 30% Less Fat Houmous 200g,£1.30,1.3
Chilled Food,ASDA 4 Cured Pork Lunch Tongue 100g,£2.24,2.24
Chilled Food,ASDA 5 Slices Oven Baked Dry Cured Ham 120g,£2.24,2.24
Chilled Food,ASDA 8 Barber's Cheddar Ploughman's On Grain Bread,£4.00,4.0
Chilled Food,ASDA ASDA Cheesy Garlic Bread Medium Thin Stonebaked Pizza 259g,£3.00,3.0
Chilled Food,ASDA ASDA Salmon & Prawn Sushi Medium Pack,£3.00,3.0
Chilled Food,ASDA Apple Juice 1 Litre,£2.00,2.0
Chilled Food,ASDA BBQ Pulled Pork Large Thin Stonebaked Pizza 786g,£5.00,5.0
Chilled Food,ASDA Black Olives 150g,£2.00,2.0
Chilled Food,ASDA Brie & Chilli Jam Quiche 170g,£1.74,1.74
Chilled Food,ASDA British Milk Semi Skimmed 2 Pints,£1.20,1.2
Chilled Food,ASDA Caramelised Onion Houmous 200g,£1.30,1.3
Chilled Food,ASDA Cheesy Loaded Nachos 208g,£3.00,3.0
Chilled Food,ASDA Chicken & Bacon 225g,£1.75,1.75
Chilled Food,ASDA Chicken & Stuffing 250g,£1.75,1.75
Chilled Food,ASDA Chicken in Mushroom & White Wine Sauce 400g,£3.57,3.57
Chilled Food,ASDA Chilli Beef Wedge 1.4kg,actual price£6.50,6.5
Chilled Food,ASDA Chocolate Squirty Cream 250g,£1.90,1.9
Chilled Food,ASDA Cooked Chicken 125g,£1.00,1.0
Chilled Food,ASDA Corned Beef Hash 400g,£3.57,3.57
Chilled Food,ASDA Egg & Bacon Sandwich,£2.75,2.75
Chilled Food,ASDA Egg & Salad Cream 250g,£1.75,1.75
Chilled Food,ASDA Exceptional by  Freshly Squeezed Orange Juice with Bits 1 Litre,actual price£2.50,2.5
Chilled Food,ASDA Exceptional by  Freshly Squeezed Smooth Orange Juice 1 Litre,actual price£2.50,2.5
Chilled Food,ASDA Finely Sliced Bavarian Style Ham 120g,£2.24,2.24
Chilled Food,ASDA Garlic & Herb Dip 55g,£0.50,0.5
Chilled Food,ASDA Gouda Nutty & Mellow 200g,£1.96,1.96
Chilled Food,ASDA Italian Style Cheesy Garlic Ciabatta Sticks 160g,£3.00,3.0
Chilled Food,ASDA Jalapeño Houmous 200g,£1.30,1.3
Chilled Food,ASDA Large Vegetable Samosa 90g,£1.50,1.5
Chilled Food,ASDA Lemon Cheesecakes 2 x 100g (200g),£1.23,1.23
Chilled Food,ASDA Low Fat Smooth Red Fruit Yogurts 6 x 125g (750g),£1.50,1.5
Chilled Food,ASDA Main for Two Crispy Chicken with Sweet & Sour Sauce 350g,£3.85,3.85
Chilled Food,ASDA Mango & Coconut Chicken Breast Mini Fillets 160g,£2.94,2.94
Chilled Food,ASDA Mango & Passion Fruit Smoothie 750ml,£1.80,1.8
Chilled Food,ASDA Meal for One Carbonara Spaghetti 400g,£3.57,3.57
Chilled Food,ASDA Minestrone Soup 600g,£1.84,1.84
Chilled Food,ASDA Nacho Cheese Pasta Salad 500g,£3.20,3.2
Chilled Food,ASDA Pineapple Juice 1Litre,£2.00,2.0
Chilled Food,ASDA Plain Kefir Yogurt 350g,£1.50,1.5
Chilled Food,"ASDA Protect Strawberry, Guarana, Cherry, Flax Seeds & Blackcurrant Super Smoothie 750ml",£1.80,1.8
Chilled Food,ASDA Raspberry Trifles 2 x 145g (290g),£1.60,1.6
Chilled Food,ASDA Ready Rolled Filo Pastry 200g,£1.20,1.2
Chilled Food,ASDA Salmon & Broccoli Quiche 400g,actual price£2.00,2.0
Chilled Food,ASDA Simply Pepperoni Medium Thin Stonebaked Pizza 317g,£4.00,4.0
Chilled Food,ASDA Singapore Style Noodles 400g,£3.85,3.85
Chilled Food,ASDA Smoky BBQ Chicken Breast Slices 160g,£2.94,2.94
Chilled Food,ASDA Smoky Bean & Cheese Wrap,£3.00,3.0
Chilled Food,ASDA Smooth Orage Juice 1 Litre,£1.58,1.58
Chilled Food,ASDA Spaghetti & Meatballs 400g,£3.57,3.57
Chilled Food,ASDA Spinach & Ricotta Tortelloni 300g,£2.07,2.07
Chilled Food,ASDA Spreadable Slightly Salted 500g,£2.18,2.18
Chilled Food,ASDA Stonebaked Ham & Pineapple Pizza 366g,£2.00,2.0
Chilled Food,ASDA Summer Caramelised Onion & Mature Cheddar Burger Melts 100g,£2.00,2.0
Chilled Food,ASDA Summer by  Chicken & Chorizo on Sun-Dried Tomato Bread,£2.72,2.72
Chilled Food,ASDA Summer by  Coronation Chicken on Onion Seed Bread,£2.66,2.66
Chilled Food,ASDA Swedish Style Meatballs with Buttery Mash 400g,£3.57,3.57
Chilled Food,ASDA Take-Out Club Loaded Cheese & Bacon Potato Skins 262g,£3.00,3.0
Chilled Food,ASDA Tandoori Chicken Breast Mini Fillets 160g,£2.94,2.94
Chilled Food,ASDA The American Style Sizzler Medium Deep Pan Pizza 433g,£4.00,4.0
Chilled Food,ASDA The Deli Spinach & Feta Parcels 128g,£2.98,2.98
Chilled Food,ASDA The Deli by  Tomatoes & Mozzarella in Oil 150g,£2.98,2.98
Chilled Food,ASDA Tropical Fruits Juice Drink 2 Litres,£1.59,1.59
Chilled Food,ASDA Wensleydale 250g,£2.74,2.74
Chilled Food,ASDA Woodfired Italian Style Prosciutto Funghi Pizza with Sourdough 445g,£5.00,5.0
Chilled Food,ASDA the Deli Marinated Garlic & Herb Olives 150g,£2.98,2.98
Chilled Food,ASDA the Deli Marinated Olives with Greek Feta 150g,£2.98,2.98
Chilled Food,"Activia Kefir Mango Gut Health Fruit Yoghurt Drink, 280g",£1.23,1.23
Chilled Food,Activia Strawberry & Mixed Fruit Gut Health Yoghurt Multipack 8x115g,actual price£3.00,3.0
Chilled Food,Activia Vanilla & Granola Low Fat Gut Health Yoghurt Breakfast Pot with Spoon 165g,£1.40,1.4
Chilled Food,Aero Orange & Chocolate Bubbly Mousse 4 x 58g (232g),£1.98,1.98
Chilled Food,Alpro Smooth Subtle Creamy Oat Drink 500ml,£1.14,1.14
Chilled Food,Alpro Soya No Sugar Chilled Dairy Free Drink 1L,£1.76,1.76
Chilled Food,Alpro Soya Vanilla Original Long Life Dairy Free Drink 1L,£1.76,1.76
Chilled Food,Anchor Spreadable Blend of Butter and Rapeseed Oil 400g,£4.08,4.08
Chilled Food,Arla Greek Style 0% Fat Free Natural Yogurt 450g,£1.50,1.5
Chilled Food,Arla Protein Strawberry Yogurt 200g,£1.00,1.0
Chilled Food,Arla Protein Vanilla Flavoured Milk 482ml,£1.72,1.72
Chilled Food,Attack A Snak Ham 'N Cheese Wrap Kit with Tomato Ketchup 86g,£1.50,1.5
Chilled Food,Bio & Me Kefir Vanilla Live Yoghurt 4 x 100g,£2.77,2.77
Chilled Food,Bistro by ASDA 2 Melt in the Middle Belgian Chocolate Puddings 310g (2 x 155g),£3.25,3.25
Chilled Food,Bistro by ASDA 6 Tempura King Prawns 150g,£4.25,4.25
Chilled Food,Bistro by ASDA Fish Pie 700g,£6.50,6.5
Chilled Food,Bistro by ASDA Potato Dauphinoise 400g,£3.25,3.25
Chilled Food,Bom Bahia by ASDA 2 Butter Chicken Samosas 160g,£3.50,3.5
Chilled Food,Bom Bahia by ASDA Garlic Chicken Balti 400g,£5.50,5.5
Chilled Food,Bom Bahia by ASDA Royal Pilau Rice 300g,£3.50,3.5
Chilled Food,Britannia Finest Beef Dripping 250g,£1.25,1.25
Chilled Food,Cadbury Flake Chocolate Dessert 75g,£1.00,1.0
Chilled Food,Castello Creamy Blue Cheese 150g,£2.75,2.75
Chilled Food,Cathedral City Cauliflower Cheese 350g,£3.75,3.75
Chilled Food,Cathedral City Cheddar & Red Leicester Toastie with Bechamel Sauce 145g,actual price£2.00,2.0
Chilled Food,Cathedral City High Protein Half Fat Mature Cheddar Cheese Mini Blocks 6x20g,£2.08,2.08
Chilled Food,Cathedral City Lactose Free Cheddar Cheese 200g,£2.28,2.28
Chilled Food,Cathedral City Macaroni Cheese 1.2kg,£9.00,9.0
Chilled Food,Cathedral City Our Strongest Cheddar Cheese 350g,£3.00,3.0
Chilled Food,Cauldron Lincolnshire Sausages 276g,£2.95,2.95
Chilled Food,Dairylea Dunkers Nachos Cheese Snack 6 pack Multipack (6 x 43g) 258 g,£3.12,3.12
Chilled Food,Delphi Spicy with Cheese & Sun-Dried Tomato Chickpeas Salad 220g,£1.80,1.8
Chilled Food,Doritos Tangy Cheese Crisps Grab Bag Tortilla Chips 44g,£1.17,1.17
Chilled Food,Elmlea Double Light Alternative to Cream 270ml,£1.25,1.25
Chilled Food,Emmi Caffe Latte Cappuccino Iced Coffee 230ml,actual price£1.25,1.25
Chilled Food,Exceptional by ASDA Apple Juice 1 Litre,actual price£2.50,2.5
Chilled Food,Exceptional by ASDA Garlic & Herb West Country Butter 90g,£1.70,1.7
Chilled Food,Exceptional by ASDA Le Gruyère AOP 170g,£3.87,3.87
Chilled Food,Exceptional by ASDA Mediterranean Charcuterie Platter 200g,actual price£5.00,5.0
Chilled Food,Exceptional by ASDA Pork Sausage Rolls 4 x 47g (188g),actual price£2.50,2.5
Chilled Food,Exceptional by ASDA Still Lemonade 1 Litre,£2.90,2.9
Chilled Food,"Exceptional by ASDA Wensleydale, Petit Pois & Red Pepper Quiche 400g",actual price£3.00,3.0
Chilled Food,"Exceptional by ASDA Woodfired Prosciutto Cotto Ham, Garlic Mushroom & Mascarpone Pizza 500g",£4.75,4.75
Chilled Food,Fridge Raiders Slow Roasted Chicken Snack Bites 70g,actual price£1.00,1.0
Chilled Food,Fridge Raiders Southern Style Chicken Snack Bites 3 x 22.5g,actual price£1.00,1.0
Chilled Food,Galbani Italian&nbsp;Mozzarella&nbsp;Cheese 125g,actual price£1.00,1.0
Chilled Food,Ginsters Original Cornish Pasty 130g,£1.65,1.65
Chilled Food,Ginsters Original Cornish Pasty 227g,£2.24,2.24
Chilled Food,Ginsters Peppered Steak Slice 105g,£1.65,1.65
Chilled Food,Happy Monkey Strawberry & Banana Smoothies 4 x 180ml,£2.28,2.28
Chilled Food,Henna Fat Free Natural Yogurt 1kg,£1.85,1.85
Chilled Food,Holland's 3 Beef & Veg Pasties,£3.75,3.75
Chilled Food,Holland's Minced Beef & Onion Pie,£1.77,1.77
Chilled Food,Innocent pure Tropical Juice 1.35L,£4.08,4.08
Chilled Food,JUST ESSENTIALS by ASDA Cheese & Onion Pasty 150g,£0.50,0.5
Chilled Food,JUST ESSENTIALS by ASDA Just Essentials 3 Strawberry Cheesecakes 3 x 90g (270g),£1.10,1.1
Chilled Food,JUST ESSENTIALS by ASDA Orange Juice 1 Litre,£1.45,1.45
Chilled Food,Jack Link's Beef Bar Original Multipack,£3.30,3.3
Chilled Food,Jack Link's Beef Jerky Original 25g,£1.70,1.7
Chilled Food,Jack Link's Beef Jerky Original 60g,£3.60,3.6
Chilled Food,Jus-Rol Croissants 340g,actual price£2.50,2.5
Chilled Food,Kerrygold Pure Irish Butter Unsalted 200g,actual price£2.00,2.0
Chilled Food,Kerrygold Spreadable 400g,£4.42,4.42
Chilled Food,La Famiglia Rana Filled Pan-Fry Gnocchi 'Nduja & Mozzarella 280g,actual price£2.00,2.0
Chilled Food,Laciate UHT Milk 1L,£1.38,1.38
Chilled Food,"Laciate UHT Milk 2,0% Fat Content 1L",£1.38,1.38
Chilled Food,Lancashire Farm Natural Bio Yogurt 500g,£1.25,1.25
Chilled Food,Lindahls Protein+ Immunity Raspberry Flavoured 330ml,£1.00,1.0
Chilled Food,Longley Farm Gooseberry Yogurt 150g,£0.62,0.62
Chilled Food,Lowicz Kefir 1kg,£1.12,1.12
Chilled Food,Lucozade Energy Orange 500ml,£1.74,1.74
Chilled Food,MOJU Turmeric Shot 60ml,£2.12,2.12
Chilled Food,Mattessons 4 Gourmet Hot Dogs Beechwood Smoked 280g,£3.00,3.0
Chilled Food,Milkybar White Chocolate Dessert 4x65g,£1.98,1.98
Chilled Food,Monster Energy Drink Viking Berry 500ml Can,£2.15,2.15
Chilled Food,Muller Bliss Whipped Greek Yogurt with Lemon Meringue Pie,£1.84,1.84
Chilled Food,Muller Bliss Whipped Greek Yogurt with Strawberries & Cream and Biscuits 4 x 100g,£1.84,1.84
Chilled Food,Muller Corner Bliss Bliss Whipped Greek Style Salted Caramel Cheesecake Yogurts,£1.84,1.84
Chilled Food,Muller Corner Mixed Red Fruits Yogurts,£3.78,3.78
Chilled Food,Muller Frijj Fudge Brownie Milkshake,actual price£1.00,1.0
Chilled Food,Muller Light Cheesecake Yogurts 6 x 140g,£3.78,3.78
Chilled Food,Muller Rice Original Low Fat Dessert,£0.62,0.62
Chilled Food,Muller Rice Strawberry Low Fat Dessert 170g,£0.62,0.62
Chilled Food,Munch Bunch Double Up Fromage Frais Strawberry Vanilla 4 x 85g (340g),actual price£1.18,1.18
Chilled Food,Müller Bliss Limited Edition Tiramisu Flavour Whipped Greek Style 400g (4 x 100g),£1.84,1.84
Chilled Food,Naked Gold Machine Super Smoothie 750ml,actual price£2.00,2.0
Chilled Food,Naked Protein Machine Smoothie Pineapple & Mango 750ml,£4.50,4.5
Chilled Food,New Covent Garden Soup Co Lentil & Smoked Bacon 560g,£2.23,2.23
Chilled Food,"Nickelodeon Delicious Slices of Pork Sausage, Cured and Cooked 100g",£1.37,1.37
Chilled Food,Nurishment The Original Hazelnut Swirl Flavour Fusion Milk Drink 400g,£1.64,1.64
Chilled Food,Ocean Spray Chilled Cranberry Classic Juice 1 Litre,actual price£1.80,1.8
Chilled Food,Oykos Salted Caramel Luxury Greek Style Yoghurt Dessert Multipack 4x110g,£2.20,2.2
Chilled Food,Patak's The Original Chicken Korma with Rice 400g,£4.26,4.26
Chilled Food,Peperami Chorizo 5 x 20g (100g),actual price£2.00,2.0
Chilled Food,Peperami Pizza Buns Original 4 x 40g (160g),£2.74,2.74
Chilled Food,Peperami The Original Tender Jerky 50g,£2.14,2.14
Chilled Food,Philadelphia Lactose Free Soft Cheese 150g,£2.75,2.75
Chilled Food,Philadelphia Snack Soft Cheese Dip & Breadsticks 3 Pack Multipack 126g (3 x 42g),£1.37,1.37
Chilled Food,Piatnica Vanilla Fromage Frais 150g,£1.00,1.0
Chilled Food,Pringles Sour Cream & Onion Snacking Crisps 40g,£1.17,1.17
Chilled Food,Pro Mlk Chocolate Protein Shake 330ml,£1.15,1.15
Chilled Food,Pro Mlk Vanilla Protein Shake 330ml,£1.15,1.15
Chilled Food,Pukka Chicken Balti Pie 210g,£2.50,2.5
Chilled Food,Pukka Jerk Chicken Slice 140g,actual price£1.00,1.0
Chilled Food,Pukka Meat and Potato Pie 213g,£2.50,2.5
Chilled Food,Purely Organic 10 Mixed Size Eggs 540g,£4.78,4.78
Chilled Food,Quorn 12 Veggie Turkey and Stuffing Slices 170g,£2.57,2.57
Chilled Food,Quorn Mozzarella & Pesto Escalopes 240g,£3.10,3.1
Chilled Food,Quorn Vegan Smoky Ham Free Deli Slices 100g,£2.67,2.67
Chilled Food,RENOURISH +Thrive Chicken & Vegetable Soup,£2.50,2.5
Chilled Food,Royal 6 Gulabjam 500g,£4.00,4.0
Chilled Food,Rustlers The Classic Doner Kebab With Garlic Mayo & Chilli Sauce 148g,£2.45,2.45
Chilled Food,Shaken Udder White Choc Milkshake 330ml,£1.70,1.7
Chilled Food,Ski Smooth 4 x 120g (480g),£1.33,1.33
Chilled Food,Sprite Zero Sugar Chill Mint 500ml Bottle,£1.80,1.8
Chilled Food,Strings & Things Yollies Yogurt Lollies Strawberry Flavour 100g (4 x 25g),actual price£1.25,1.25
Chilled Food,Summer by ASDA Summer by  Crustless Onion Bhaji Quiche 360g,actual price£2.00,2.0
Chilled Food,The BAKERY at ASDA The Bakery at  2 Raspberry Turnovers,£1.85,1.85
Chilled Food,The Collective Raspberry Suckies 90g,actual price£0.80,0.8
Chilled Food,The Deli by ASDA Hot Honey Halloumi Parcels 100g,£2.98,2.98
Chilled Food,The Gym Kitchen Banoffee Pie Yogurt 200g,£1.00,1.0
Chilled Food,The Happy Egg Co Free Range 10 Large,£3.68,3.68
Chilled Food,The Laughing Cow Dip & Crunch Light 4 x 35g (140g),actual price£1.00,1.0
Chilled Food,The Original Patty Co. Chicken Jamaican Patty 140g,£1.10,1.1
Chilled Food,Tropicana Hydrate+ Refreshing Pineapple with Coconut Water Juice Drink 850ml,actual price£2.50,2.5
Chilled Food,Tropicana Pressed Apple Fruit Juice 900ml,£3.07,3.07
Chilled Food,Tropicana Tropical Fruit Juice 850ml,£3.07,3.07
Chilled Food,UFC Refresh Coconut Twist Pressed Coconut Water 1L,£2.80,2.8
Chilled Food,UFIT Strawberry High-Protein Milkshake 330ml,£1.80,1.8
Chilled Food,Vita Coco The Original Coconut Water 1L,actual price£3.00,3.0
Chilled Food,Vita Coco The Original Coconut Water 4 x 330ml,actual price£4.00,4.0
Chilled Food,Walkers Max Punchy Paprika Grab Bag Crisps 50g,£1.17,1.17
Chilled Food,Wensleydale Creamery Original Yorkshire Wensleydale & Apricots 180g,£2.40,2.4
Chilled Food,Wensleydale Creamery Premium Wensleydale Blue 140g,£2.75,2.75
Chilled Food,Wildlife Wildlife Choobs Kids Strawberry Yoghurt Tubes 6 x 37g,£1.08,1.08
Chilled Food,Yeo Valley Organic Greek Style Natural Yogurt 950g,£2.84,2.84
Chilled Food,Yorkshire Provender Roast Chicken and Traditional Vegetables 560g,£3.44,3.44
Christmas,ASDA Extra Special Extra Special Elegance Bouquet,£14.85,14.85
Christmas,ASDA Sweet & Earthy Savoy Cabbage,£0.77,0.77
Christmas,ASDA Sweet & Nutty Sprouts 300g,£1.34,1.34
Christmas,"Baylis & Harding Jojoba, Vanilla & Almond Oil Luxury Pamper Tin Gift Set",actual price£7.92,7.92
Christmas,Bondi Sands Aloe Vera Cooling Gel 200ml,actual price£7.50,7.5
Christmas,Exceptional By Asda Blonde Chocolate Flavour Cream Liqueur 70cl,£8.00,8.0
Christmas,George Milestone Cube Gift Box,£1.50,1.5
Christmas,George White Shredded Tissue,£1.00,1.0
Christmas,Louvel Fontaine Champagne Rosé Brut 75cl,actual price£22.00,22.0
Christmas,Sanctuary Spa Signature Minis,£12.50,12.5
Christmas,Sanctuary Spa Signature Petite Retreat,£15.00,15.0
Christmas,"The Fuzzy Duck Baylis & Harding  Bergamot, Hemp & Sandalwood Men's Luxury Wash Bag Gift Set",£14.52,14.52
Dietary & Lifestyle,ASDA Free From Free From Macaroni 500g,£0.74,0.74
Dietary & Lifestyle,ASDA Free From Free From by  16 Cream Filled Profiteroles 292g,£2.68,2.68
Dietary & Lifestyle,ASDA Free From Free From by  4 Chicken Burgers 228g,£2.72,2.72
Dietary & Lifestyle,ASDA Free From Free From by  Bourbon Biscuits 160g,£1.38,1.38
Dietary & Lifestyle,ASDA Free From Free From by  Onion Rings 375g,£2.40,2.4
Dietary & Lifestyle,ASDA Plant Based Coleslaw 300g,£1.74,1.74
Dietary & Lifestyle,ASDA Plant Based Organic Super Firm Tofu 200g,£1.07,1.07
Dietary & Lifestyle,Beyond Beyond Meat  Jalapeño Flavour Plant-Based Patties 2 x 100g (200g),actual price£3.00,3.0
Dietary & Lifestyle,"Gosh! Mediterranean Falafel with Chickpeas, Garlic & Basil 266g",£3.10,3.1
Dietary & Lifestyle,Grace Green Plantain Chips Salted 85g,actual price£0.83,0.83
Dietary & Lifestyle,Lindt Classic Recipe Vegan Smooth Chocolate Bar 100g,£3.75,3.75
Dietary & Lifestyle,Mighty Fine Vegan Honeycomb Bar Smothered in Oat Mylk Chocolate 30g,actual price£1.12,1.12
Dietary & Lifestyle,OMV! Deliciously Vegan Plant Based OMV! 2 No Chicken Kievs 280g,£2.37,2.37
Dietary & Lifestyle,OMV! Deliciously Vegan Plant Based OMV! Caesar Style Dressing 250ml,£1.34,1.34
Dietary & Lifestyle,Oatly Oat Drink Semi 1L Chilled,£2.10,2.1
Dietary & Lifestyle,Oatly Oatgurt Greek 400g,£2.60,2.6
Dietary & Lifestyle,Plant Based by ASDA OMV! 6 Loaded Green Arancini 240g,£2.77,2.77
Dietary & Lifestyle,Plant Based by ASDA OMV! 6 Rainbow Vegetable Fritters 240g,£2.17,2.17
Dietary & Lifestyle,Plant Based by ASDA Organic Minced Tofu 200g,£2.54,2.54
Dietary & Lifestyle,Plant Based by ASDA Plant Based by  Mexican Inspired Bean Chilli with Coriander Rice 380g,£3.14,3.14
Dietary & Lifestyle,Schar Gluten-Free Curvies Original 170g,£3.08,3.08
Dietary & Lifestyle,Schar Soft Cookies Double Chocolate 6 x 35g (210g),£2.67,2.67
Dietary & Lifestyle,Seabrook Canadian Ham Flavour The Original Crinkle Cut 6 x 25g,£1.50,1.5
Dietary & Lifestyle,The Tofoo Co. Naked Tofu XL 450g,£3.47,3.47
Dietary & Lifestyle,The Tofoo Co. Original Seitan 225g,actual price£1.97,1.97
Dietary & Lifestyle,The Tofoo Co. Smoked Tofu XL 400g,actual price£4.27,4.27
Dietary & Lifestyle,The Vegetarian Butcher Hentastic Southern Fried Vegan Chicken Fillet 200 g,£3.13,3.13
Dietary & Lifestyle,This Isn't Plant-Based/Vegan Pork Caramelised Onion Sausages 270g,actual price£2.25,2.25
Dietary & Lifestyle,This Isn't THIS Plant-Based/Vegan Chicken Pieces 170g,actual price£2.49,2.49
Dietary & Lifestyle,Violife Greek White Feta Cheese Alternative,£2.84,2.84
Dietary & Lifestyle,Vivera 2 Plant-Based Chicken Breast 180g,£3.13,3.13
Dietary & Lifestyle,Vivera Plant-Based Chicken Pieces 175g,£2.63,2.63
Dietary & Lifestyle,Vivera Plant-Based Shawarma Kebab 175g,actual price£1.97,1.97
Dietary & Lifestyle,We Love Cake 4 Chocolate Orange Slices 132g,actual price£1.94,1.94
Drinks,7UP Zero Sugar Free Lemon & Lime Cans 24 x 330ml,£9.47,9.47
Drinks,ASDA Apple Juice from Concentrate 1 Litre,£1.57,1.57
Drinks,ASDA BBQ Chicken Pasta Salad,£2.50,2.5
Drinks,ASDA BLT Sandwich,£2.75,2.75
Drinks,ASDA Charg Diet Summer Fruits Energy Drink 250ml,£0.53,0.53
Drinks,ASDA Cherries & Berries Squash 1.5 Litres,£1.18,1.18
Drinks,ASDA Chicken & Bacon Caesar Wrap,£2.87,2.87
Drinks,ASDA Classic Cola 2 Litres,£0.84,0.84
Drinks,ASDA Cola Zero 2 Litres,£0.49,0.49
Drinks,ASDA Diet Chrg Energy Drink 8 x 250ml,£3.82,3.82
Drinks,ASDA Diet Dandelion & Burdock 2 Litres,£0.82,0.82
Drinks,"ASDA Fruity Cherry, Plum & Rhubarb Squash 1 Litre",£1.30,1.3
Drinks,ASDA Pink Lady Apple and Grapes 100g,£1.50,1.5
Drinks,ASDA Quadruple Strength Orange Squash 1.5 Litres,£1.84,1.84
Drinks,ASDA Sparkling Apple & Elderflower Flavour Water 1 Litre,£0.77,0.77
Drinks,ASDA Sparkling Soda Water 6 x 250ml,£2.57,2.57
Drinks,ASDA Sweet Chilli Chicken Wrap,£3.00,3.0
Drinks,Belvoir Mocktail Lime & Yuzu Mojito,actual price£2.50,2.5
Drinks,Bigga Fruit Punch Flavour Soft Drink 600ml,£1.43,1.43
Drinks,Bigga Grape Flavour Soft Drink 600ml,£1.43,1.43
Drinks,Bigga Pineapple Flavour Soft Drink 600ml,£1.43,1.43
Drinks,Bottlegreen bottlegreen Summer Raspberry Cordial 500ml,actual price£3.50,3.5
Drinks,Capri-Sun Orange 8 x 200ml Kids' Juice Drink,£2.97,2.97
Drinks,Coca-Cola Cherry 1.75L,£2.58,2.58
Drinks,DASH Cherry Sparkling Water 4 x 330ml,£4.50,4.5
Drinks,DASH Lime Sparkling Water 4 x 330ml,£4.50,4.5
Drinks,Dr Pepper Cream Swirl 8 x 330ml Cans,£4.00,4.0
Drinks,Evian Natural Bottled Mineral Still Water Multipack 6x1.5L,£5.00,5.0
Drinks,Fanta Lemon 2L,£2.17,2.17
Drinks,Fanta Orange 18 x 330ml Cans,actual price£7.00,7.0
Drinks,Fever-Tree Premium Indian Tonic Water 8 x 150ml,actual price£4.64,4.64
Drinks,Fever-Tree Refreshingly Light Elderflower Tonic Water 8 x 150ml,actual price£4.40,4.4
Drinks,Fruit Shoot Fruit Shoot Orange Kids Juice Drink 24 x 200ml,£6.97,6.97
Drinks,Grace Mighty Malt Premium Original Non-Alcoholic Drink 330ml,£1.03,1.03
Drinks,Grace Say Aloe Vera Drink Original Flavour 500ml,£1.38,1.38
Drinks,Highland Spring Lemon & Lime Still Flavoured Spring Water 1.25L,actual price£0.90,0.9
Drinks,Highland Spring Sparkling Spring Water 6 x 1 Litre,£4.14,4.14
Drinks,IRN-BRU IRN-BRU Regular Soft Drink Can Multipack 24x330ml,£9.47,9.47
Drinks,J2O Orange & Passion Fruit Bottles 10 x 275ml,£10.34,10.34
Drinks,Lipton Ice Tea Raspberry 1.25L,£1.77,1.77
Drinks,Lipton Lemon Ice Tea 1.25L,£1.77,1.77
Drinks,Lucozade Energy Drink Original 8 x 380ml Multipack,£4.57,4.57
Drinks,Lucozade SportDrink Ice Kick  Jude Special Edition 500ml,£1.84,1.84
Drinks,Monster Drink Ultra Strawberry Dreams Zero Sugar 500ml,£2.07,2.07
Drinks,Monster Energy Drink Aussie Style Lemonade 4 x 500ml,£6.97,6.97
Drinks,Monster Energy Drink Full Throttle Zero Sugar 4 x 500ml,£5.25,5.25
Drinks,Monster Energy Drink Mega 558ml Resealable Can,£2.27,2.27
Drinks,Monster Energy Drink Nitro 500ml,£2.15,2.15
Drinks,Monster Energy Drink Pipeline Punch  500ml,£2.15,2.15
Drinks,Monster Energy Drink Rio Punch 4 x 500ml,£6.97,6.97
Drinks,Monster Energy Drink Ultra Zero Sugar 500ml,£2.07,2.07
Drinks,Pepsi Max No Sugar Cola Bottle 2L,£2.14,2.14
Drinks,Perfect Ted Sweetened Ceremonial Grade Matcha 35g (7 x 5g),actual price£4.50,4.5
Drinks,Pomegreat Pomegranate Juice Drink No Added Sugar 1L,£1.98,1.98
Drinks,Powerade Golden Mango Sports Drink 4 x 500ml Bottles,£3.97,3.97
Drinks,Purdey's Natural Energy Apple & Grape 330ml Can,£1.87,1.87
Drinks,Red Bull Energy Drink 250ml,£1.94,1.94
Drinks,Red Bull Peach Edition Sugarfree White Peach Energy Drink 250ml 4 Pack,£5.73,5.73
Drinks,Red Bull Pink Edition Sugarfree Forest Fruits Energy Drink 250ml 4 Pack,£5.73,5.73
Drinks,Red Bull Zero Energy Drink 250ml 4 Pack,£5.73,5.73
Drinks,Robinsons Double Strength Orange & Pineapple 1L,actual price£1.50,1.5
Drinks,Rubicon Sparkling Lychee Soft Drink Can 330ml,£0.78,0.78
Drinks,Rubicon Sparkling Mango 8 x 330ml,£4.14,4.14
Drinks,Rubicon Still Deluxe Mango Juice Drink Carton 1L,£2.47,2.47
Drinks,San Pellegrino Sparkling Natural Mineral Water 1L,actual price£1.25,1.25
Drinks,Shloer Zero Red Grape Sparkling Zero Calorie Fruit Drink 750ml,£2.78,2.78
Drinks,Tango Orange Original Bottle 2L,actual price£1.25,1.25
Drinks,Ting Carbonated Grapefruit Juice Drink 330ml,actual price£0.40,0.4
Drinks,Tropical Vibes Exotic Fruits 300ml,£1.22,1.22
Drinks,Tropical Vibes Lemonade Ocean Blue 300ml,£1.22,1.22
Drinks,Vim2o Minis 6 x 250ml,£2.37,2.37
Drinks,Vimto 2 Litre,£3.23,3.23
Drinks,Vimto 8 x 330ml,£3.48,3.48
Drinks,Walkers Prawn Cocktail Grab Bag Crisps 45g,£1.17,1.17
Easter,ASDA 3 Crunchy & Fragrant Brown Onions,£0.95,0.95
Easter,ASDA 4 Fragrant & Bold Garlic,£0.87,0.87
Easter,ASDA Brown Onions 1kg,£0.98,0.98
Easter,ASDA Fragrant & Bold Solo Garlic,£1.78,1.78
Easter,ASDA Garlic,£0.47,0.47
Easter,ASDA Organic 3 Garlic,£1.00,1.0
Easter,ASDA Sweet & Crunchy Red Onions 1kg,£0.95,0.95
Easter,ASDA Sweet & Warming Ginger 85g,£0.97,0.97
Easter,ASDA Warm & Fruity Mixed Chillies 60g,£0.53,0.53
Easter,Exceptional by ASDA Oak Smoked Garlic,£0.88,0.88
Events & Inspiration,"ASDA Baby Corn, Tenderstem Broccoli & Fine Beans 160g",£1.57,1.57
Events & Inspiration,ASDA Berry Medley 210g,£2.28,2.28
Events & Inspiration,ASDA Blackberries 150g,£1.97,1.97
Events & Inspiration,ASDA Blackberries 350g,£2.82,2.82
Events & Inspiration,ASDA British Blackberries 250g,£2.98,2.98
Events & Inspiration,ASDA Crispy Champion Chicken Strips 200g,actual price£2.74,2.74
Events & Inspiration,ASDA Limited Edition Nacho Chilli Beef Pizza 365g,£5.00,5.0
Events & Inspiration,ASDA Loaded Hotshot Cheesy Fries 300g,actual price£2.74,2.74
Events & Inspiration,ASDA Organic Blueberries,£2.36,2.36
Events & Inspiration,ASDA Raspberries 150g,£1.97,1.97
Events & Inspiration,ASDA Stonebaked Chicken Gyros Pizza 355g,£2.00,2.0
Events & Inspiration,ASDA Succulent & Juicy Mixed Berries 200g,£2.74,2.74
Events & Inspiration,"ASDA Tenderstem Broccoli, Carrots & Sugar Snap Peas 160g",£1.57,1.57
Events & Inspiration,ASDA Windscreen Frost Guard,£3.12,3.12
Events & Inspiration,Exceptional by ASDA Exceptional by  Hand Picked Blueberries 200g,£2.97,2.97
Events & Inspiration,Take-Out Club by ASDA Classic Crust Kickin' Nacho Chilli Beef 515g,£5.00,5.0
Exceptional By Asda,ASDA Baked Alaska Sundae 125g,£1.40,1.4
Exceptional By Asda,ASDA Crunchy & Sweet Chinese Leaf,£1.40,1.4
Exceptional By Asda,ASDA Fresh & Crunchy Stir Fry Veg Medley 220g,£2.15,2.15
Exceptional By Asda,ASDA Garlic & Basil Vegetable Medley 210g,£2.14,2.14
Exceptional By Asda,ASDA Minted Summer Vegetable Medley 225g,£2.14,2.14
Exceptional By Asda,Exceptional by ASDA Belgian Chocolate Profiterole Dessert 90g,£2.50,2.5
Exceptional By Asda,Exceptional by ASDA Brie De Gillard 175g,£3.75,3.75
Exceptional By Asda,Exceptional by ASDA Raspberry & Madagascan Vanilla Trifle 150g,£2.50,2.5
Exceptional By Asda,Exceptional by ASDA Raspberry & Strawberry Eton Mess Dessert 105g,£2.50,2.5
Exceptional By Asda,Exceptional by ASDA Salted Caramel & Belgian Chocolate Profiterole Dessert 110g,£2.50,2.5
Exceptional By Asda,"Exceptional by ASDA Tenderstem Broccoli, Baby Corn & Mangetout 160g",£2.00,2.0
Exceptional By Asda,Exceptional by ASDA Toffee & Apple Layered Yogurt 450g,£2.15,2.15
Exceptional By Asda,Exceptional by ASDA Triple Crème Brie 125g,£3.12,3.12
Exceptional By Asda,Summer by ASDA 6 Mini Tikka Pork Pies 300g,actual price£2.00,2.0
Exceptional By Asda,Waterfields 4 Brioche Buns,£1.42,1.42
Food Cupboard,ASDA 300 Sucralose Sweetener Tablets 15.6g,£1.12,1.12
Food Cupboard,ASDA Asda Ready to Roll Pink lcing 250g,£2.00,2.0
Food Cupboard,ASDA BBQ Flavour Staks 165g,£1.32,1.32
Food Cupboard,ASDA Bacon Grill 250g,£1.96,1.96
Food Cupboard,ASDA Banana & Chocolate Chip Soft Bake Bars 5 x 35g,£1.35,1.35
Food Cupboard,ASDA Beef Ravioli in a Rich Tomato Sauce 400g,£0.95,0.95
Food Cupboard,ASDA Beef Stew in a Rich Gravy 392g,£2.00,2.0
Food Cupboard,ASDA Beef Stock Pots 4 x 24g (96g),£1.70,1.7
Food Cupboard,ASDA Black Bean Stir-Fry Sauce 120g,£0.65,0.65
Food Cupboard,ASDA Blueberries 350g,£2.82,2.82
Food Cupboard,ASDA Bolognese Pasta Sauce 500g,£0.69,0.69
Food Cupboard,ASDA Bramley Apple Sauce 280g,£0.76,0.76
Food Cupboard,ASDA British Milk Semi Skimmed 4 Pints,£1.65,1.65
Food Cupboard,ASDA Caramelised Biscuits 250g,£0.96,0.96
Food Cupboard,ASDA Classic Cream Crackers 300g,£0.49,0.49
Food Cupboard,ASDA Classic Distilled Vinegar 1 Litre,£0.57,0.57
Food Cupboard,ASDA Classic Instant Mash Potato 180g,£1.07,1.07
Food Cupboard,ASDA Classic Salad Cream 420g,£1.70,1.7
Food Cupboard,ASDA Cocoa 250g,£3.34,3.34
Food Cupboard,ASDA Cook Garlic Granules 60g,£1.18,1.18
Food Cupboard,ASDA Cook Stir-Fry Oil 250ml,£2.20,2.2
Food Cupboard,ASDA Cream of Tomato Soup 400g,£0.70,0.7
Food Cupboard,ASDA Crunchy Cookies & Cream Flavour Spread 350g,£2.08,2.08
Food Cupboard,ASDA Cucumber,£0.99,0.99
Food Cupboard,ASDA Curry Flavour Instant Noodles 85g,£0.40,0.4
Food Cupboard,ASDA Double Concentrate Tomato Purée 200g,£0.68,0.68
Food Cupboard,"ASDA Exceptional by  ""00"" Grade Pasta & Pizza Flour 1kg",£1.70,1.7
Food Cupboard,ASDA Extra Special Extra Special Ridge Cut Steak & Ale Hand Cooked Crisps 125g,£1.34,1.34
Food Cupboard,"ASDA Extra Special Roasted Garlic, Sage & Red Onion Stuffing 110g",£2.54,2.54
Food Cupboard,ASDA Free From Free From by  Gravy Granules for Beef 170g,£1.50,1.5
Food Cupboard,ASDA Free From Free From by  Plain Crackers 137g,£1.50,1.5
Food Cupboard,ASDA Free From Red Berry Granola 312g,£2.60,2.6
Food Cupboard,ASDA Free From by  Choc Bar 100g,£2.20,2.2
Food Cupboard,ASDA Free From by  Choc Orange Bar 100g,£2.20,2.2
Food Cupboard,ASDA French Style Roasted Ground 227g,£3.50,3.5
Food Cupboard,ASDA Fruit & Fibre 750g,£1.45,1.45
Food Cupboard,ASDA Garlic Flavoured Crackers 185g,£1.25,1.25
Food Cupboard,ASDA Gnocchi 500g,£1.96,1.96
Food Cupboard,ASDA Grated Hard Cheese 80g,£1.38,1.38
Food Cupboard,ASDA Green Pesto Micro Pasta 200g,£1.25,1.25
Food Cupboard,ASDA House Blend Decaf Roasted Ground 227g,£3.50,3.5
Food Cupboard,ASDA Jalapeño Infused Hot Honey 250g,£1.89,1.89
Food Cupboard,ASDA Just Essentials by  850 Calorie Free Sweeteners Tablets 55.25g,£1.00,1.0
Food Cupboard,ASDA Light Balsamic Dressing 250ml,£1.04,1.04
Food Cupboard,ASDA Malted Wheaties 750g,£1.15,1.15
Food Cupboard,ASDA Mandarin Segment in Mandarin Juice 298g,£0.88,0.88
Food Cupboard,ASDA Mango & Strawberry 20 Tea Bags,£0.75,0.75
Food Cupboard,ASDA Mediterranean Style Tomato Cous Cous 100g,£0.65,0.65
Food Cupboard,ASDA Mild French Mustard 185g,£0.60,0.6
Food Cupboard,ASDA Mixed Peel 200g,£1.36,1.36
Food Cupboard,ASDA Multigrain Hoops 500g,£1.15,1.15
Food Cupboard,ASDA Nacho Cheese 280g,£1.50,1.5
Food Cupboard,ASDA Nacho Cheese Flavour Tortilla Chips 180g,£0.80,0.8
Food Cupboard,ASDA New Potatoes Peeled in Water 300g,£0.78,0.78
Food Cupboard,ASDA Nice Biscuits 200g,£0.49,0.49
Food Cupboard,ASDA Organic Strong White Bread Flour 1kg,£1.58,1.58
Food Cupboard,ASDA Organic Wholegrain Porridge Oats 750g,£2.23,2.23
Food Cupboard,ASDA Original Porridge Pot 50g,£0.50,0.5
Food Cupboard,ASDA Peach Slices in Fruit Juice 411g,£1.10,1.1
Food Cupboard,ASDA Pickled Onions 710g,£1.65,1.65
Food Cupboard,ASDA Pickled Silverskin Onions 440g,£1.09,1.09
Food Cupboard,ASDA Pink Frosting 300g,£1.48,1.48
Food Cupboard,ASDA Plant Based Vegetable Chilli 392g,£1.98,1.98
Food Cupboard,ASDA Ristretto Coffee Pods 10 x 5.2g (52g),£1.98,1.98
Food Cupboard,ASDA Roasted & Salted Cashews 200g,£2.53,2.53
Food Cupboard,ASDA Salted Caramel Flavour Frappe 150g,£2.00,2.0
Food Cupboard,ASDA Salted Peanuts 200g,£1.33,1.33
Food Cupboard,ASDA Savoury Worcester Sauce 150ml,£1.30,1.3
Food Cupboard,ASDA Smoky Kansas BBQ Marinade 280g,£1.55,1.55
Food Cupboard,ASDA Spaghetti Loops in a Rich Tomato Sauce 395g,£0.40,0.4
Food Cupboard,ASDA Stevia Granulated Sweetener 75g,£0.88,0.88
Food Cupboard,ASDA Straight to Wok Noodles 300g,£1.00,1.0
Food Cupboard,ASDA Strawberry Flavour Wands 50g,£0.40,0.4
Food Cupboard,ASDA Sultana Bran 500g,£1.75,1.75
Food Cupboard,ASDA Sweet Chilli Flavour Crispy Peanuts 200g,£1.88,1.88
Food Cupboard,ASDA Tangy & Zesty Lemons,£1.40,1.4
Food Cupboard,ASDA Tender & Crunchy Broccoli,£0.79,0.79
Food Cupboard,ASDA Thai Sticky Rice 500g,£1.65,1.65
Food Cupboard,ASDA Tuna Chunks in Brine 4 x 145g (580g),£2.49,2.49
Food Cupboard,ASDA Tuna Chunks in Spring Water 145g,£0.65,0.65
Food Cupboard,ASDA Tuna Chunks in Spring Water 4 x 145g (580g),£2.49,2.49
Food Cupboard,ASDA White Lasagne Sauce 480g,£0.80,0.8
Food Cupboard,ASDA Wild Alaskan Pink Salmon 418g,£3.91,3.91
Food Cupboard,Al Fez Harissa Paste 180g,actual price£2.50,2.5
Food Cupboard,Al'Fez Shawarma Kebab Spice Mix Seasoning 25g,£1.35,1.35
Food Cupboard,Allinson Strong White Bread Flour 3kg,actual price£3.00,3.0
Food Cupboard,Allinson's Plain Flour 1kg,£1.00,1.0
Food Cupboard,Alpen No Added Sugar Muesli Breakfast Cereal 550g,actual price£2.50,2.5
Food Cupboard,Ambrosia Deluxe Belgian Chocolate Custard Dessert Snack Pots 2 x 120g,actual price£1.50,1.5
Food Cupboard,Ambrosia Deluxe Custard Dessert Can 400g,actual price£1.75,1.75
Food Cupboard,Amoy Reduced Salt Soy Sauce 150ml,£1.60,1.6
Food Cupboard,Amoy Straight To Wok Medium Noodles 2 x 150g (300g),£2.15,2.15
Food Cupboard,Angel Delight Banana Instant Dessert Mix 59g,£0.95,0.95
Food Cupboard,Angel Delight Chocolate Flavour 59g,£0.95,0.95
Food Cupboard,Ashoka Mango Pickle Mild 500g,£1.98,1.98
Food Cupboard,Aunt Bessie's Ready to Bake Crumble Mix 400g,£1.08,1.08
Food Cupboard,Ayoola Curry Flavour Instant Noodles 70g,£0.35,0.35
Food Cupboard,BAKE by ASDA BAKE by  20 Disposable Loaf Liners,£2.72,2.72
Food Cupboard,BAKE by ASDA BAKE by  Piping Bag & Nozzle Set,£3.31,3.31
Food Cupboard,BAKE by ASDA BAKE by ASDA Rainbow Sprinkles 65g,£1.21,1.21
Food Cupboard,BAKE by ASDA Bake Dark Chocolate Chips 100g,£1.32,1.32
Food Cupboard,Bahlsen PiCK UP! Minis Milk Chocolate Biscuit Bars 10 pack,£1.64,1.64
Food Cupboard,Batchelor's Batchelors Pasta 'n' Sauce Microwave Ready Meal Pasta with Mushroom and Garlic 200g,actual price£1.75,1.75
Food Cupboard,Batchelors Big Pasta 'n' Sauce Cheese & Broccoli Instant Pot 85g,actual price£1.10,1.1
Food Cupboard,Batchelors Cup a Soup Tomato Soup 4 Instant Soup Sachets 93g,£1.64,1.64
Food Cupboard,Batchelors Pasta 'n' Sauce Cheese & Broccoli Pasta Sachet 99g,£1.20,1.2
Food Cupboard,Batchelors Super Noodles Chicken Noodles 90g,£1.20,1.2
Food Cupboard,Baxters Fermented Cabbage Kraut 480g,£2.10,2.1
Food Cupboard,Ben's Original Bens Original Mixed Pepper Microwave Rice 220g,£1.32,1.32
Food Cupboard,Ben's Original Bens Original Special Fried Microwave Rice 220g,£1.32,1.32
Food Cupboard,Ben's Original Bens Original Sweet and Sour No Added Sugar Sauce 440g,£2.47,2.47
Food Cupboard,Ben's Original Smokey BBQ Microwave Rice 220g,£1.32,1.32
Food Cupboard,Betty Crocker Country Carrot Cake Mix 425g,£3.20,3.2
Food Cupboard,Bisto Creamy White Sauce Mix,£2.98,2.98
Food Cupboard,Bisto Reduced Salt** Chicken Gravy Granules 190g,£2.94,2.94
Food Cupboard,Blue Dragon Fish Sauce 150ml,£1.66,1.66
Food Cupboard,Blue Dragon Thai Green Curry Paste 170g,£2.17,2.17
Food Cupboard,Bonne Maman Salted Butter Caramel Spread 275g,£2.90,2.9
Food Cupboard,Bounty 4 Chocolate & Coconut Cookies 4 x 30g,£2.23,2.23
Food Cupboard,Bounty Coconut Multipack Chocolate Bar 4 x 57g,£2.14,2.14
Food Cupboard,Branston Baked Beans 410g,£0.85,0.85
Food Cupboard,Branston Rich & Fruity Brown Sauce 370g,actual price£1.50,1.5
Food Cupboard,BrewDog Hazy Jane Mango Habanero Sauce 240ml,actual price£1.75,1.75
Food Cupboard,COOK by ASDA ASDA Balti Curry Paste 200g,£2.23,2.23
Food Cupboard,COOK by ASDA Cook Chinese 5 Spice 30g,£1.00,1.0
Food Cupboard,COOK by ASDA Cook Coarse Ground Black Pepper 45g,£1.44,1.44
Food Cupboard,COOK by ASDA Cook Crushed Chillies 28g,£1.00,1.0
Food Cupboard,COOK by ASDA Cook Ground Nutmeg 42g,£1.00,1.0
Food Cupboard,COOK by ASDA Cook Mixed Herbs 12g,£1.00,1.0
Food Cupboard,COOK by ASDA Cook Onion Granules 50g,£1.00,1.0
Food Cupboard,COOK by ASDA Cook Paprika 46g,£1.00,1.0
Food Cupboard,COOK by ASDA Cook Rosemary 27g,£1.00,1.0
Food Cupboard,COOK by ASDA Cook Smoked Paprika 45g,£1.00,1.0
Food Cupboard,COOK by ASDA CookTurmeric Ground 45g,£1.00,1.0
Food Cupboard,COOK by ASDA Massaman Paste 200g,£2.45,2.45
Food Cupboard,Cadbury Boost Chocolate Bar 48.5g,£0.97,0.97
Food Cupboard,Cadbury Caramilk Chocolate Bar 90 g,actual price£1.50,1.5
Food Cupboard,Cadbury Caramilk Golden Caramel Chocolate Buttons Bag 100g,actual price£1.50,1.5
Food Cupboard,Cadbury Curly Wurly Chocolate Bar 4 Pack Multipack 86g (4 x 21.5g),actual price£1.00,1.0
Food Cupboard,Cadbury Dairy Milk Biscoff Biscuit Chocolate Bar 105 g,actual price£1.50,1.5
Food Cupboard,Cadbury Dairy Milk Chocolate Bar 4 Pack Multipack 134g (4 x 33.5g),£1.97,1.97
Food Cupboard,Cadbury Dairy Milk Chocolate Bar 45g,£0.97,0.97
Food Cupboard,Cadbury Dairy Milk Freddo Chocolate Bar 4 Pack Multipack 72g (4 x 18g),actual price£1.00,1.0
Food Cupboard,Cadbury Dairy Milk Little Bar Chocolate 18g,£0.38,0.38
Food Cupboard,Cadbury Dairy Milk Little Bars Chocolate Bar 4 Pack Multipack 72g (4 x 18g),actual price£1.00,1.0
Food Cupboard,Cadbury Fruit and Nut Chocolate Bar 180 g,£2.94,2.94
Food Cupboard,Cadbury Fudge Chocolate Bar 4 Pack Multipack 88 g (4 x 22g),actual price£1.00,1.0
Food Cupboard,Cadbury Highlights Hot Chocolate Drink Jar 180g,£4.59,4.59
Food Cupboard,Cadbury Milk Tray Chocolate Pralines Gifting Box 312 g,actual price£4.50,4.5
Food Cupboard,Cadbury Wispa Chocolate Bar 7 Pack Multipack 165.9g (7 x 23.7g),actual price£2.50,2.5
Food Cupboard,Cake Decor Edible Eyes 25g,£1.62,1.62
Food Cupboard,Cape Herb & Spice Rub Texan Steakhouse Seasoning 100g,£3.95,3.95
Food Cupboard,Colman's Classic Comforts Meal Maker One Pot Mac and Cheese 40 g,£1.00,1.0
Food Cupboard,Costa Intense Amazonian Blend Coffee Beans 200g,£4.50,4.5
Food Cupboard,Crisp 'n Dry Vegetable Oil 100% Rapeseed 1L,£2.94,2.94
Food Cupboard,Crucials Spicy Mayo 500ml,£1.30,1.3
Food Cupboard,Dawtona Gherkins 900g,actual price£1.94,1.94
Food Cupboard,Dawtona Sour Cucumbers 900g,actual price£1.94,1.94
Food Cupboard,Deans Shortbread Assortment 360g,£4.26,4.26
Food Cupboard,Deliciously Ella Chocolate Orange Dipped Almonds 27g,actual price£1.00,1.0
Food Cupboard,Dole Mandarin in Juice 4 x 113g (452g),£2.20,2.2
Food Cupboard,Dole Peach in Strawberry Flavour Jelly 4 x 123g (492g),£2.20,2.2
Food Cupboard,Dole Pineapple in Juice 665g,£3.00,3.0
Food Cupboard,Dolmio Bolognese Chunky Mushroom  Pasta Sauce 675g,£3.00,3.0
Food Cupboard,Dolmio Lasagne Creamy White Pasta Sauce 440g,£2.47,2.47
Food Cupboard,Dolmio Lasagne Creamy White Pasta Sauce 655g,£3.00,3.0
Food Cupboard,Doritos Cool Original Tortilla Chips Sharing Crisps 180g,actual price£1.50,1.5
Food Cupboard,Dr Oetker White Chocolate 100g,actual price£1.75,1.75
Food Cupboard,Dr. Moo Strawberry Flavour Magic Sipper 10 x 6g (60g),£1.10,1.1
Food Cupboard,Dr. Oetker 12 Pastel Birthday Candles,£1.75,1.75
Food Cupboard,Drink Me Chai Vegan Chai Latte 250g,£4.00,4.0
Food Cupboard,Exceptional By Asda Hand Cooked Sea Salted Crisps 150g,£1.50,1.5
Food Cupboard,Exceptional By Asda Ugandan Dark Chocolate 100g,£2.28,2.28
Food Cupboard,Exceptional by ASDA Exceptional 8 Meringue Nests,actual price£1.25,1.25
Food Cupboard,Exceptional by ASDA Exceptional by  Beef Gravy 350g,£3.25,3.25
Food Cupboard,Exceptional by ASDA Italian Orzo 500g,£1.90,1.9
Food Cupboard,Exceptional by ASDA Italian Pennoni Rigati 500g,£1.90,1.9
Food Cupboard,FUEL10K FUEL10K Banana High Protein Milk Breakfast Shake Drink 330ml,£1.28,1.28
Food Cupboard,FUEL10K FUEL10K Chocolate High Protein Milk Breakfast Shake Drink 330ml,£1.28,1.28
Food Cupboard,FUEL10K Salted Caramel Protein Cereal Oat Bars 3x45g,£2.68,2.68
Food Cupboard,Fearne & Rosie Strawberry Jam 70% Fruit,actual price£2.50,2.5
Food Cupboard,Fibre One 90 Calorie Chocolate Fudge Brownies 4 x 24g (96g),actual price£1.00,1.0
Food Cupboard,Filippo Berio Balsamic Vinegar of Modena 250ml,£3.23,3.23
Food Cupboard,Filippo Berio Sun-Dried Tomato Pesto 190g,actual price£1.98,1.98
Food Cupboard,Fox's Chocolatey Biscuits Viennese Milk Chocolate Dipped Fingers 105g,£2.25,2.25
Food Cupboard,Frank's Red Hot Original Cayenne Pepper Sauce 354ml,£3.99,3.99
Food Cupboard,Fray Bentos Minced Beef & Onion 425g,£3.15,3.15
Food Cupboard,French's American Classic Yellow Squeezy Mustard 226G,£2.47,2.47
Food Cupboard,French's Classic Yellow Mustard 382ml,£3.00,3.0
Food Cupboard,Fry's Turkish Delight Chocolate Bar 3 Pack Multipack 153g (3 x 51g),£1.62,1.62
Food Cupboard,Frylight 1 Cal Buttery Baking Spray 190ml,£2.74,2.74
Food Cupboard,Fuel FUEL10K Chocolate Multigrain Hoops High Protein Breakfast Cereal 350g,£3.50,3.5
Food Cupboard,Fuel10k High Protein Cinnamon Bun Porridge Oat Cereal Pot 70g,£1.60,1.6
Food Cupboard,Goldenfry Original Gravy Granules Beef 300g,£1.31,1.31
Food Cupboard,Graze Lemon Blueberry Oat Boosts Flapjacks (4 x 30g) 120g,£2.12,2.12
Food Cupboard,HARIBO Football Frenzy 400g,£2.50,2.5
Food Cupboard,HP Fruity 470g,£2.98,2.98
Food Cupboard,HP Original Woodsmoke Barbecue Sauce 465g,£2.98,2.98
Food Cupboard,Haribo Limited Edition Football Frenzy Jelly Sweets Sharing Bag 160g,£1.00,1.0
Food Cupboard,Hartley's 10 Cal Orange Flavour Jelly 175g,£0.84,0.84
Food Cupboard,Hartley's Raspberry Flavour Jelly 135g,£1.15,1.15
Food Cupboard,Hartley's Raspberry Flavour Jelly 460g (4 x 115g),£2.50,2.5
Food Cupboard,Hartley's Raspberry Flavour Jelly 6 x 125g (750g),£2.48,2.48
Food Cupboard,Hartley's Strawberry Flavour Jelly Sugar Free Twin Pack 23g,£1.22,1.22
Food Cupboard,Heinz Baked Beans 4 x 415g,actual price£3.48,3.48
Food Cupboard,Heinz Baked Beans Pizza Flavoured 390g,£1.40,1.4
Food Cupboard,Heinz Beef & Vegetable Chunky Big Soup 400g,£2.17,2.17
Food Cupboard,Heinz Broccoli & Stilton Soup 400g,£1.64,1.64
Food Cupboard,Heinz Chipotle Mayo 400mL,£3.38,3.38
Food Cupboard,Heinz Cream of Tomato Soup 400g,£1.64,1.64
Food Cupboard,Heinz Despicable Me Minions Shapes in Tomato Sauce 205g,£0.90,0.9
Food Cupboard,Heinz French Onion Soup 400g,£1.64,1.64
Food Cupboard,Heinz Light Mayonnaise 490g,£2.48,2.48
Food Cupboard,Heinz Light Mayonnaise 815g,£3.88,3.88
Food Cupboard,Heinz Mulligatawny Soup 400g,£1.64,1.64
Food Cupboard,Heinz No Added Sugar Tinned Baked Beans  in a Rich Tomato Sauce 6 x 200g,£3.97,3.97
Food Cupboard,Heinz Seriously Good Mayonnaise 400ml,£2.00,2.0
Food Cupboard,Heinz Spaghetti 200g,£0.90,0.9
Food Cupboard,Heinz Spaghetti In a Rich Tomato Sauce With Richmond Pork Sausages 200g,£1.37,1.37
Food Cupboard,Heinz Steak and Onion Chunky Big Tinned Soup 400g,£2.20,2.2
Food Cupboard,Heinz Sun-Ripened Cherry Tomato And Basil Pasta Sauce 350G,£1.56,1.56
Food Cupboard,Heinz Tinned Baked Beans in a Rich Tomato Sauce 6 x 415g,£5.24,5.24
Food Cupboard,Heinz Tomato Ketchup Glass Bottle 342g,£2.75,2.75
Food Cupboard,Heinz Truffle Mayonnaise 380g,£3.38,3.38
Food Cupboard,Hellmann's Garlic & Herbs Sauce 430ml,£3.50,3.5
Food Cupboard,Hellmann's Light Squeezy Mayonnaise 750ml,£3.87,3.87
Food Cupboard,Herbapol Purple Plum Spread 290g,£2.28,2.28
Food Cupboard,Homepride Chilli Cooking Sauce 485g,£2.65,2.65
Food Cupboard,Horlicks Instant 32g,£0.34,0.34
Food Cupboard,Hula Hoops Cheese & Onion Multipack Crisps 6 Pack,£1.84,1.84
Food Cupboard,Hula Hoops Original Multipack Crisps 6 Pack,£1.84,1.84
Food Cupboard,Idahoan Perfect Mash Buttery 109g,£1.68,1.68
Food Cupboard,"Illy Ground Coffee, Espresso, Classico Roast 250g",£6.28,6.28
Food Cupboard,JUST ESSENTIALS by ASDA Just Essentials Casserole Sauce 500g,£1.10,1.1
Food Cupboard,JUST ESSENTIALS by ASDA Just Essentials Peach Slices in Light Syrup 411g,£0.49,0.49
Food Cupboard,JUST ESSENTIALS by ASDA Just Essentials Rice Pudding 400g,£0.35,0.35
Food Cupboard,JUST ESSENTIALS by ASDA Just Essentials by  Mushy Peas 300g,£0.39,0.39
Food Cupboard,JUST ESSENTIALS by ASDA Smart Price Baked Beans & Sausages in Tomato Sauce 405g,£0.52,0.52
Food Cupboard,Jacob's Baked Cheddars Cheese Crackers 150g,actual price£1.25,1.25
Food Cupboard,Jacob's Crinklys Prawn Cocktail 6x23g,£1.85,1.85
Food Cupboard,Jacob's Mini Cheddars Multipacks12x23g,£3.48,3.48
Food Cupboard,John West No Drain Fridge Pot Tuna Steak with a Little Brine MSC 110g,£1.87,1.87
Food Cupboard,John West No Drain Fridge Pot Tuna Steak with a Little Sunflower Oil MSC 110g,£1.87,1.87
Food Cupboard,John West No Drain Fridge Pot Tuna Steak with a Little Sunflower Oil MSC 3x110g,£4.24,4.24
Food Cupboard,John West Tangy Jalapeño No Drain Tuna Infusions 80g,£1.79,1.79
Food Cupboard,John West Tuna Chunks in Brine MSC 125g (102g drained),£1.38,1.38
Food Cupboard,John West Tuna Chunks in Sunflower Oil 4x125g (95g drained),£4.24,4.24
Food Cupboard,Jordans Popped Oat Crunch Chocolate Breakfast Cereal 425g,actual price£2.75,2.75
Food Cupboard,Jordans Super Berry Granola Breakfast Cereal 500g,actual price£3.00,3.0
Food Cupboard,Juicy Drop Gummy Dipperz,£1.99,1.99
Food Cupboard,KP Honey Roast Peanuts 225g,£3.25,3.25
Food Cupboard,KTC Sarson Ka Saag 800g,£3.24,3.24
Food Cupboard,KTC Spanish Extra Virgin Olive Oil 1L,£8.98,8.98
Food Cupboard,Kallo Rice Cakes 110g,£1.97,1.97
Food Cupboard,Kellogg's Bran Flakes Breakfast Cereal 750g,actual price£2.50,2.5
Food Cupboard,Kellogg's Coco Pops Chocolate Breakfast Cereal 295g,£2.35,2.35
Food Cupboard,Kellogg's Crunchy Nut Caramelised Hazelnut Breakfast Granola 380g,actual price£2.85,2.85
Food Cupboard,Kellogg's Crunchy Nut Fruit & Nuts Breakfast Granola 380g,actual price£2.85,2.85
Food Cupboard,Kellogg's Oaties Original Crunch breakfast cereal 500g,actual price£2.50,2.5
Food Cupboard,Kenco Decaff Instant Coffee Paper Refill 150G,£4.70,4.7
Food Cupboard,Kenco Latte Instant Coffee Sachets 8x16.3g (130.4g),£1.86,1.86
Food Cupboard,Kenco Smooth Instant Coffee 190g,£8.35,8.35
Food Cupboard,Kinder Happy Hippo Milk Chocolate and Hazelnut Biscuits Multipack 5 x 20.7g (103g),£1.74,1.74
Food Cupboard,Kinder Milk Chocolate Fun Size Treat Snack Bars Multipack 8 x 12.5g,actual price£1.35,1.35
Food Cupboard,KitKat F1 Salted Caramel Chocolate Sharing Bar 99g,£1.97,1.97
Food Cupboard,Knorr Aromat Chilli All Purpose Savoury Seasoning 90g,£1.50,1.5
Food Cupboard,Knorr Chicken & Leek Dry Packet Soup 4 Servings 60g,actual price£1.00,1.0
Food Cupboard,Knorr Florida Spring Vegetable Dry Packet Soup 4 servings 48g,actual price£1.00,1.0
Food Cupboard,Knorr Super Chicken Noodle Dry Packet Soup 4 Servings 51g,actual price£1.00,1.0
Food Cupboard,L'OR Espresso Lungo Profondo Coffee Pods x40 Intensity 8,£9.00,9.0
Food Cupboard,L'OR Lungo Profondo Coffee Pods X10 Intensity 8,£3.30,3.3
Food Cupboard,L'OR Ristretto Coffee Pods x40 Intensity 11,£9.00,9.0
Food Cupboard,LU Milk Chocolate Biscuits 75g,£1.40,1.4
Food Cupboard,La Vieja Fábrica Seville Orange Fine Cut Marmalade 365g,£1.70,1.7
Food Cupboard,Lavazza Crema E Gusto Classico Coffee Beans 1kg,actual price£16.50,16.5
Food Cupboard,Lindt Lindor Extra Dark Chocolate Truffles Box 200g,£7.50,7.5
Food Cupboard,Loyd Grossman Italian Red Sun-Dried Tomato Pesto 190g,£2.95,2.95
Food Cupboard,Lucy Bee Extra Virgin Organic Raw Coconut Oil Fair Trade 500ml,£5.50,5.5
Food Cupboard,M&M'S Cookie Dough Milk Chocolate Bag 102g,£1.88,1.88
Food Cupboard,M&M's Cookie Dough Milk Chocolate Bag 176g,actual price£2.65,2.65
Food Cupboard,MAOAM Limited Edition Football Fun Stripes 140g,£1.25,1.25
Food Cupboard,Maggi Juicy Aromatic Garlic Chicken Herbs and Spices Recipe Mix 30g,£0.70,0.7
Food Cupboard,Maple Crest Pancake Syrup 330g,£2.98,2.98
Food Cupboard,Marmite Spread Classic Yeast Extract 250 g,£3.00,3.0
Food Cupboard,"Mars Snickers, Twix, Maltesers & Milky Way Funsize Milk Chocolate Bars 20 packs",£5.78,5.78
Food Cupboard,McCoy's Classic Variety Multipack Crisps 6 Pack,£1.84,1.84
Food Cupboard,McVitie's Hobnobs Vanilla Creams Biscuits 160g,£0.98,0.98
Food Cupboard,McVitie's Milk Chocolate Hobnobs Biscuits - The Oaty One 262g,actual price£1.85,1.85
Food Cupboard,McVitie's Tasties Bourbon Cream Biscuits 300g,£1.14,1.14
Food Cupboard,McVitie's White Digestive Biscuits 232g,actual price£1.85,1.85
Food Cupboard,Millions Bubblegum Flavour 45g,£0.50,0.5
Food Cupboard,Mondelez Cheesey Pasta,£1.82,1.82
Food Cupboard,Moo Free Cookie Crunch Bar 35g,£1.48,1.48
Food Cupboard,Mr Freeze Jubbly Cola Ice Lollies 8 x 62ml,£1.10,1.1
Food Cupboard,Mug Shot Creamy Cheese Pasta 62g,£0.68,0.68
Food Cupboard,Mug Shot Macaroni Cheese Flavour Pasta 62g,£0.68,0.68
Food Cupboard,Nairn's Delightfully Intense Stem Ginger Oat Biscuit Breaks 160g,£2.00,2.0
Food Cupboard,Nakd nakd. Fruit & Fibre Strawberry & Raspberry Bars 3 x 44g,actual price£2.25,2.25
Food Cupboard,Nakd nakd. Protein Peanut Butter Fruit & Nut Bars 3 x 45g,actual price£2.00,2.0
Food Cupboard,Nando's Churrasco BBQ Perinaise Peri-Peri Mayo 265g,£2.48,2.48
Food Cupboard,Nando's Garlic Perinaise Peri-Peri Mayo 465g,£3.48,3.48
Food Cupboard,Nando's XX Hot Peri-Peri Sauce 250g,£2.78,2.78
Food Cupboard,Napolina Peeled Plum Tomatoes in a Rich Tomato Juice 4 x 400g,£3.50,3.5
Food Cupboard,Napolina Penne 500g,£1.50,1.5
Food Cupboard,Napolina Red Kidney Beans in Water 400g,£0.95,0.95
Food Cupboard,Napolina Roasted Garlic & Herbs Flavoured Olive Oil 250ml,actual price£3.00,3.0
Food Cupboard,Napolina Sieved Tomatoes Passata 690g,£1.38,1.38
Food Cupboard,Napolina Spaghetti 500g,£1.50,1.5
Food Cupboard,Natco Fine Corn Meal 1kg,£1.98,1.98
Food Cupboard,Natco Ground Rice 1kg,£2.48,2.48
Food Cupboard,Natco Medium Corn Meal 1kg,£1.98,1.98
Food Cupboard,Nescafe 3 in 1 Original 8 x 16g (128g),£1.22,1.22
Food Cupboard,Nescafe Dolce Gusto Americano Decaffeinato Coffee Pods x16 (16 Servings),£4.48,4.48
Food Cupboard,Nescafe Espresso Instant Coffee 190g,£8.77,8.77
Food Cupboard,Nescafe Original Instant Coffee 190g,£6.65,6.65
Food Cupboard,Nescafé Lion Mocha Flavour 7 x 20g = (140g),£1.85,1.85
Food Cupboard,Nickelodeon Cupcake Kit 183g,£2.25,2.25
Food Cupboard,Nissin Cup Noodles Spicy Hot Chilli Instant Ramen Style Pot 66g,£1.78,1.78
Food Cupboard,OMV! Deliciously Vegan Plant Based OMV! Fruity Flapjack Cookies 180g,£1.00,1.0
Food Cupboard,Old El Paso Chili & Garlic One Pan Rice Meal Kit 355g,actual price£2.73,2.73
Food Cupboard,Old El Paso Thick 'N Chunky Mild Salsa 226g,£2.25,2.25
Food Cupboard,Olivio 500ml,actual price£2.00,2.0
Food Cupboard,Oreo OREO Vanilla Latte Flavour Sandwich Biscuits 157g,actual price£0.85,0.85
Food Cupboard,Oxo 24 Beef Stock Cubes 142g,£3.50,3.5
Food Cupboard,Oxo 24 Reduced Salt Beef Stock Cubes 142g,£3.50,3.5
Food Cupboard,Oxo Ready to Use Stock Signature Rich Beef 500ml,£2.48,2.48
Food Cupboard,Pastificio Liguori Penne Rigate 500g,£2.09,2.09
Food Cupboard,Patak's Indian Madras Curry Sauce Kit 270G,£2.68,2.68
Food Cupboard,Patak's Pataks Indian Korma Curry Paste 283G,£2.86,2.86
Food Cupboard,Patak's Pataks Indian Rogan Josh Curry Paste 283g,£2.86,2.86
Food Cupboard,Paxo Quick Cook Sage & Red Onion Stuffing Mix 150g,£2.48,2.48
Food Cupboard,Paxo Sage & Onion Low Salt Stuffing Mix 170g,£2.64,2.64
Food Cupboard,Post The Original Grape-Nuts 580g,£3.95,3.95
Food Cupboard,Pot Noodle Beef & Tomato King 114 g,£1.38,1.38
Food Cupboard,Prewett's Chocoful 5 x 20g (100g),£2.38,2.38
Food Cupboard,Princes Lean Corned Beef 200g,£3.89,3.89
Food Cupboard,Princes Sunflower Oil Jack Mackerel Fillets 125g,£1.75,1.75
Food Cupboard,Pringles Sour Cream & Onion Sharing Crisps 165g,£1.75,1.75
Food Cupboard,Proper Chips Sea Salt Lentil Chips 5 x 14g (70g),£1.57,1.57
Food Cupboard,Pågen Pågen  Wholegrain Toasts 240g,£1.78,1.78
Food Cupboard,Quaker Oat So Simple Big Bowl Original Porridge Sachets 6x38.5g,actual price£1.85,1.85
Food Cupboard,Quaker Oat So Simple Caramelised Biscuit Porridge Sachets 10 x 33.4g,£3.75,3.75
Food Cupboard,Quaker Oat So Simple Golden Syrup Big Pack Porridge Sachets 20x36g,£4.75,4.75
Food Cupboard,Quaker Oat So Simple Golden Syrup Porridge Big Pot 76g,£1.15,1.15
Food Cupboard,Quaker Oats High Protein Golden Syrup Porridge Pot 63g,£1.22,1.22
Food Cupboard,Regal Fine Foods Sweet & Spicy Chilli Garlic 500ml,£1.74,1.74
Food Cupboard,Rocky Mountain Mega Marshmallows 340g,actual price£2.00,2.0
Food Cupboard,Rowntree's Randoms Sweets Carton 320g,actual price£2.50,2.5
Food Cupboard,Rowse Defence Honey + Manuka + Vitamin C 250g,£4.00,4.0
Food Cupboard,Rowse Runny Honey 680g,£3.98,3.98
Food Cupboard,Sarsons Delicious Sweet Onions 460g,£2.49,2.49
Food Cupboard,Schar Gluten-Free Pizza Base with Sourdough 2 x 150g (300g),actual price£2.74,2.74
Food Cupboard,Schwartz Air Fryer Spicy Korean BBQ Seasoning Drum 125g,£2.27,2.27
Food Cupboard,Schwartz Allspice Ground 37g,£2.00,2.0
Food Cupboard,Schwartz Fajita Seasoning 46g,£2.00,2.0
Food Cupboard,Schwartz Ginger Ground 26g,£2.00,2.0
Food Cupboard,Schwartz Ground Cloves 35g,£2.00,2.0
Food Cupboard,Schwartz Mild Chilli Powder 38g,£2.00,2.0
Food Cupboard,Schwartz Mixed Spice 28g,£2.00,2.0
Food Cupboard,Schwartz Paprika & Onion Chicken Seasoning 50g,£2.00,2.0
Food Cupboard,Schwartz Roast Potato Seasoning 60g,£2.00,2.0
Food Cupboard,Schwartz Sea Salt 60g,£3.00,3.0
Food Cupboard,Schwartz Spaghetti Bolognese Recipe Mix 40g,£1.00,1.0
Food Cupboard,Schär Maxi Sorrisi 250g,£3.20,3.2
Food Cupboard,Seabrook Variety Pack 12 x 25g,£2.64,2.64
Food Cupboard,Shades by Niko The Originals 150g,£1.68,1.68
Food Cupboard,Shan Special Kheer Mix 150g,£1.98,1.98
Food Cupboard,Sharwood's Indian Balti Curry Cooking Sauce 420g,£2.65,2.65
Food Cupboard,Sharwood's Indian Bhuna Curry Cooking Sauce 420g,£2.65,2.65
Food Cupboard,Sharwood's Low Fat Plain Poppadom 8 Pack,£1.65,1.65
Food Cupboard,Sharwood's Reduced Sugar Sweet & Sour Cooking Sauce 425g,£2.65,2.65
Food Cupboard,Silver Spoon Sugar White Cubes 500g,£1.45,1.45
Food Cupboard,Skinny Crunch Crunch Light Raspberry & White Choc Bars 5 x 19g,£0.94,0.94
Food Cupboard,Skinny Whip Orange & Chocolate Flavour Bars 5 x 20g,£0.98,0.98
Food Cupboard,Skippy Super Chunk Crunchy Peanut Butter 340g,£2.76,2.76
Food Cupboard,Skittles Crazy Sour Sweets Fruit Flavoured Pouch Bag 136g,£1.10,1.1
Food Cupboard,Smarties Milk Chocolate Tube 4 Pack Multipack 136g,£1.97,1.97
Food Cupboard,Smint 150 Sugarfree Peppermint 105g,£3.00,3.0
Food Cupboard,Smint XXL Spearmint Sugarfree 50 Mints 35g,£1.47,1.47
Food Cupboard,Snack a Jacks Snack A Jacks Jumbo Salt & Vinegar Rice Cakes Sharing Crisps 117g,£2.46,2.46
Food Cupboard,Snickers Creamy Peanut Butter Chocolate Multipack 4 x 36.5g,£2.14,2.14
Food Cupboard,Splenda Low Calorie Sweetener Granulated 125g,£3.00,3.0
Food Cupboard,Squishmallows Original Cam Sprinkle Mix 105g,£1.50,1.5
Food Cupboard,Sun-Pat Smooth Peanut Butter 570g,£3.75,3.75
Food Cupboard,Surprise Egg 10g,£0.90,0.9
Food Cupboard,SweetZone Party Mix 200g,£1.33,1.33
Food Cupboard,Swizzels Squashies Strawberry & Cream 140g,£0.87,0.87
Food Cupboard,Tassimo L'OR Caramel Latte Macchiato Coffee Pods x7,£5.30,5.3
Food Cupboard,Tassimo Milk Creamer Pods x16,£4.75,4.75
Food Cupboard,Taylors of Harrogate Lazy Sunday Beans Roast Coffee 200g,£4.98,4.98
Food Cupboard,Taylors of Harrogate Yorkshire Tea 160 Tea Bags 500g,actual price£4.00,4.0
Food Cupboard,Terry's Chocolate Orange Milk 90g,£1.34,1.34
Food Cupboard,Terry's Exploding Candy Minis 105g,£1.48,1.48
Food Cupboard,Tetley 40 Redbush Tea Bags 100g,£1.66,1.66
Food Cupboard,Tetley 75 Smooth Decaf Finest Black Tea Bags 237g,£2.75,2.75
Food Cupboard,Tetley Green Tea Mango & Passionfruit Tea Bags x50,actual price£2.00,2.0
Food Cupboard,Tetley Pure Green 50 Tea Bags 100g,actual price£2.00,2.0
Food Cupboard,The Bakehouse Minis Dipped Chocolate Chip Cookies 150g,actual price£1.00,1.0
Food Cupboard,The Fruit Factory Strawberry Hearts 5 x 20g (100g),£2.28,2.28
Food Cupboard,The Health Menu by ASDA The Health Menu Spicy Piri Piri Style Mixed Grains & Pulses 250g,£1.58,1.58
Food Cupboard,The Skinny Food Co. Maple Syrup 425ml,£2.08,2.08
Food Cupboard,The Skinny Food Co. Salted Caramel Flavour Syrup with Sweetener 425ml,£2.15,2.15
Food Cupboard,The Skinny Food Co. Shots Barista French Vanilla Flavour Syrup Concentrate with Sweetener 60ml,£2.00,2.0
Food Cupboard,The Spice Tailor Balti Indian Curry Sauce Meal Kit 300g,actual price£3.00,3.0
Food Cupboard,The Spice Tailor Thai Red Curry 275g,actual price£3.00,3.0
Food Cupboard,Tilda Wholegrain Pilau Rice 250g,£1.00,1.0
Food Cupboard,"Tony's Chocolonely Milk Chocolate with Caramel, Pretzel, Almond, Nougat and Sea Salt 180g",£3.97,3.97
Food Cupboard,Tropical Sun Golden Sella Pure Basmati Rice 5kg,£12.98,12.98
Food Cupboard,Tropical Sun Green Seasoning 280g,£2.98,2.98
Food Cupboard,Twinings Camomile & Honey 20 Tea Bags 30g,£2.55,2.55
Food Cupboard,Twinings English Breakfast Decaffeinated 80 Tea Bags 218g,actual price£3.50,3.5
Food Cupboard,Twinings Lemon & Ginger 80 Tea Bags 120g,£4.53,4.53
Food Cupboard,Twinings Superblends Cleanse Matcha & Green Tea 20 Tea Bags 40g,£3.47,3.47
Food Cupboard,Tyrrells Lightly Sea Salted Sharing Crisps 150g,£2.75,2.75
Food Cupboard,Tyrrells Sea Salted Veg Sharing Crisps 125g,£2.75,2.75
Food Cupboard,Uncle Joe's Favourites Treacle Caramels 104g,£1.25,1.25
Food Cupboard,Uncle Joe's Mint Balls 84g,£1.00,1.0
Food Cupboard,Veetee Long Grain Rice 2 x 130g (260g),£1.08,1.08
Food Cupboard,Walkers Meaty Variety Multipack Crisps Box 20x25g,£5.25,5.25
Food Cupboard,Walkers Mint Cream 150g,£1.94,1.94
Food Cupboard,Walkers Worcester Sauce Lea & Perrins  Multipack Crisps 6x25g,actual price£1.50,1.5
Food Cupboard,Weetabix Crispy Minis Chocolate Chip 500g,£2.75,2.75
Food Cupboard,Werthers Sugar Free Butter Candies 80g,£1.24,1.24
Food Cupboard,Wikinger 8 Hot Dogs Bockwurst Style in Brine 1030g,£3.00,3.0
Food Cupboard,Wilkin & Sons Ltd Tiptree Tomato Ketchup 310g,£3.14,3.14
Food Cupboard,Wrigley's Extra Cool Breeze Sugarfree Chewing Gum 10 Pieces,£0.82,0.82
Food Cupboard,Wrigley's Extra Cool Breeze Sugarfree Chewing Gum Multipack 5x10 Pieces,£2.48,2.48
Food Cupboard,Wrigley's Extra Spearmint Sugarfree Chewing Gum Bottle 46 Pieces,£2.45,2.45
Food Cupboard,Wrigley's Extra White Bubblemint Sugar Free Chewing Gum x10 Pieces,£0.82,0.82
Food Cupboard,Wrigley's Menthol & Eucalyptus Sugarfree Chewing Gum Multipack 5x10 Pieces,£2.68,2.68
Food Cupboard,Wrigley's Menthol Sugar Free Chewing Gum x46 Pieces,£2.48,2.48
Food Cupboard,YO! Korean Style Sweet Chill 100g,£0.96,0.96
Food Cupboard,Yutaka Sushi Nori Roasted Seaweed 5 Sheets 11g,£2.00,2.0
Free From...,ASDA Free From Free From by  Penne 500g,£0.74,0.74
Free From...,ASDA Lactose Free Creamy Greek Yogurt 450g,£1.85,1.85
Free From...,ASDA Mild & Delicate Courgettes 330g,£1.07,1.07
Free From...,ASDA Mild & Tender Baby Spinach 180g,£1.10,1.1
Free From...,Arla LactoFREE LactoFREE Long Life Semi Skimmed Milk Drink 1L,£1.98,1.98
Free From...,Arla LactoFREE LactoFREE Long Life Whole Milk Drink 1L,£1.98,1.98
Free From...,Arla LactoFREE LactoFREE Organic Semi Skimmed Milk Drink 1L,£1.70,1.7
Free From...,Arla LactoFREE LactoFREE Semi Skimmed Milk Drink 1L,actual price£1.50,1.5
Free From...,Arla LactoFREE LactoFREE Semi Skimmed Milk Drink 2L,£2.98,2.98
Free From...,Arla LactoFREE LactoFREE Skimmed Milk Drink 1L,actual price£1.50,1.5
Free From...,Arla LactoFREE LactoFREE Whole Milk Drink 1L,actual price£1.50,1.5
Free From...,Arla LactoFREE LactoFREE Whole Milk Drink 2 Litre,£2.98,2.98
Free From...,Arla LactoFREE Natural Yogurt 400g,£1.47,1.47
Free From...,Arla LactoFREE Strawberry Yogurt 400g,£1.47,1.47
"Fresh Fruit, Vegetables & Flowers",ASDA 4 Juicy & Sweet Nectarines,£2.34,2.34
"Fresh Fruit, Vegetables & Flowers",ASDA 4 Sweet & Juicy Sweetcorn Cobettes,£1.37,1.37
"Fresh Fruit, Vegetables & Flowers","ASDA Almonds, Walnuts, Cashews & Hazelnuts Nut Selection 60g",£0.97,0.97
"Fresh Fruit, Vegetables & Flowers",ASDA Black Pepper & Sea Salt Oven Baked Croutons 40g,£0.47,0.47
"Fresh Fruit, Vegetables & Flowers",ASDA Blueberries 500g,£4.32,4.32
"Fresh Fruit, Vegetables & Flowers",ASDA British Crispy Potato Slices 300g,£1.42,1.42
"Fresh Fruit, Vegetables & Flowers",ASDA British Swede,£0.62,0.62
"Fresh Fruit, Vegetables & Flowers",ASDA Caesar Dressing 175ml,£1.32,1.32
"Fresh Fruit, Vegetables & Flowers",ASDA Cashew Nuts 150g,£1.82,1.82
"Fresh Fruit, Vegetables & Flowers",ASDA Cashews 200g,£1.98,1.98
"Fresh Fruit, Vegetables & Flowers",ASDA Cashews 60g,£0.97,0.97
"Fresh Fruit, Vegetables & Flowers",ASDA Creamed Cabbage 250g,£1.90,1.9
"Fresh Fruit, Vegetables & Flowers",ASDA Crunchy & Fragrant Vine Ripened Tomatoes,£1.37,1.37
"Fresh Fruit, Vegetables & Flowers",ASDA Earthy & Rich Jumbo Mushrooms 250g,£1.06,1.06
"Fresh Fruit, Vegetables & Flowers",ASDA Exceptional by  Beef Dripping Chunky Chips 400g,£2.27,2.27
"Fresh Fruit, Vegetables & Flowers",ASDA Fruit & Nut Selection 60g,£0.97,0.97
"Fresh Fruit, Vegetables & Flowers",ASDA Galia Melon,£1.47,1.47
"Fresh Fruit, Vegetables & Flowers",ASDA Garlic & Herb Oven Baked Croutons 40g,£0.47,0.47
"Fresh Fruit, Vegetables & Flowers",ASDA Garlic 5 Bulbs,£2.15,2.15
"Fresh Fruit, Vegetables & Flowers",ASDA Green Power Salad 125g,£1.50,1.5
"Fresh Fruit, Vegetables & Flowers",ASDA Herby Mediterranean Style Vegetables 400g,£1.78,1.78
"Fresh Fruit, Vegetables & Flowers",ASDA Hot Honey Style Dressing 175ml,£1.32,1.32
"Fresh Fruit, Vegetables & Flowers",ASDA Light & Nutty Cauliflower,£1.18,1.18
"Fresh Fruit, Vegetables & Flowers",ASDA Loose Yellow Pepper,£0.70,0.7
"Fresh Fruit, Vegetables & Flowers",ASDA Mediterranean Style Medley 420g,£1.53,1.53
"Fresh Fruit, Vegetables & Flowers",ASDA Melon Medley 380g,£3.17,3.17
"Fresh Fruit, Vegetables & Flowers",ASDA Middle Eastern Style Salad 310g,£1.96,1.96
"Fresh Fruit, Vegetables & Flowers",ASDA Mild & Sweet Spring Greens,£0.84,0.84
"Fresh Fruit, Vegetables & Flowers",ASDA Organic Organic Baby Potatoes 750g,£1.42,1.42
"Fresh Fruit, Vegetables & Flowers",ASDA Pineapple Fingers 200g,£1.58,1.58
"Fresh Fruit, Vegetables & Flowers",ASDA Pistachios in Shell 50g,£0.97,0.97
"Fresh Fruit, Vegetables & Flowers",ASDA Pomegranate,£1.33,1.33
"Fresh Fruit, Vegetables & Flowers",ASDA Rainbow Vegetable Medley 325g,£2.14,2.14
"Fresh Fruit, Vegetables & Flowers",ASDA Rocket & Parmesan Salad 90g,£1.63,1.63
"Fresh Fruit, Vegetables & Flowers",ASDA Seedless Red Grapes 500g,£1.94,1.94
"Fresh Fruit, Vegetables & Flowers",ASDA Sweet & Delicate Conference Pears 4 Pack,£1.97,1.97
"Fresh Fruit, Vegetables & Flowers",ASDA Sweet & Earthy Parsnips 500g,£0.74,0.74
"Fresh Fruit, Vegetables & Flowers",ASDA Sweet & Fruity Baby Plum Tomatoes 300g,£0.92,0.92
"Fresh Fruit, Vegetables & Flowers",ASDA Sweet & Tangy Pickled Beetroot 300g,£1.00,1.0
"Fresh Fruit, Vegetables & Flowers",ASDA Sweet & Warming Ginger 500g,£1.85,1.85
"Fresh Fruit, Vegetables & Flowers",ASDA Tangy & Crunchy Rhubarb 400g,£1.36,1.36
"Fresh Fruit, Vegetables & Flowers",ASDA Tart & Juicy Apricots,£1.97,1.97
"Fresh Fruit, Vegetables & Flowers",ASDA Three Raisin Mix 200g,£1.78,1.78
"Fresh Fruit, Vegetables & Flowers",ASDA Washed Potatoes 7.5kg,£4.00,4.0
"Fresh Fruit, Vegetables & Flowers",ASDA Watermelon Fans 300g,£1.77,1.77
"Fresh Fruit, Vegetables & Flowers",ASDA Zingy & Zesty Limes,£1.18,1.18
"Fresh Fruit, Vegetables & Flowers",Exceptional by ASDA 4 Golden Kiwi,£2.48,2.48
"Fresh Fruit, Vegetables & Flowers",Exceptional by ASDA 4 Lemongold Lemons,£1.67,1.67
"Fresh Fruit, Vegetables & Flowers",Exceptional by ASDA Aromatico Tomatoes 220g,£2.07,2.07
"Fresh Fruit, Vegetables & Flowers",Exceptional by ASDA Aromatico Tomatoes 440g,£3.26,3.26
"Fresh Fruit, Vegetables & Flowers",Exceptional by ASDA Baby Portobello Mushrooms 250g,£1.58,1.58
"Fresh Fruit, Vegetables & Flowers",Exceptional by ASDA Baked Nut Mix 175g,£2.47,2.47
"Fresh Fruit, Vegetables & Flowers",Exceptional by ASDA Extra Large Onions,£1.84,1.84
"Fresh Fruit, Vegetables & Flowers",Exceptional by ASDA Hand Picked Seasonally Selected Pears,actual price£1.97,1.97
"Fresh Fruit, Vegetables & Flowers",Exceptional by ASDA Petite Plum Vine Tomatoes 220g,£2.07,2.07
"Fresh Fruit, Vegetables & Flowers",Exceptional by Asda Green Vegetable Selection 210g,£2.54,2.54
"Fresh Fruit, Vegetables & Flowers",Just Add Ginger Purée 75g,£0.98,0.98
Frozen Food,ASDA 12 Party Duck Spring Rolls 216g,£2.57,2.57
Frozen Food,ASDA 14 Hazelnut & Chocolate Flavoured Mini Donuts 160g,£1.94,1.94
Frozen Food,ASDA 30 Omega 3 Fish Fingers 900g,£3.28,3.28
Frozen Food,ASDA 38 Battered Chicken Dippers 684g,£4.00,4.0
Frozen Food,ASDA 4 Battered Haddock Fillets 440g,£4.48,4.48
Frozen Food,ASDA 4 Beef & Smoky Onion Mega Burgers 680g,£5.92,5.92
Frozen Food,ASDA 4 Breaded Cod Fillets 440g,£4.56,4.56
Frozen Food,ASDA 6 All-Butter Pains Au Chocolat 420g,£3.72,3.72
Frozen Food,ASDA 6 Battered Crispy Chicken 570g,£4.00,4.0
Frozen Food,ASDA 72 Battered Chicken Nuggets 1.275kg,£6.78,6.78
Frozen Food,ASDA 8 Breaded Chicken Burgers 456g,£3.00,3.0
Frozen Food,ASDA ASDA 2 Buttermilk Chicken Thigh Burgers 300g,actual price£2.00,2.0
Frozen Food,ASDA Apple Strudel 600g,£1.60,1.6
Frozen Food,ASDA Bake at Home 4 Cinnamon Swirls 318g,£3.75,3.75
Frozen Food,ASDA Basa Fillets 450g,£4.00,4.0
Frozen Food,ASDA Chilli Beef Noodles 400g,£2.00,2.0
Frozen Food,ASDA Chocolate & Hazelnut Ice Cream Cones 4 x 110ml (440ml),£1.62,1.62
Frozen Food,ASDA Crispy Chicken Pops 600g,£4.38,4.38
Frozen Food,ASDA Crispy Skin-On Fries 750g,£2.20,2.2
Frozen Food,ASDA Double Pepperoni Deep Pan Pizza 401g,£1.65,1.65
Frozen Food,ASDA Free From Free From by  Pepperoni Pizza 390g,£2.77,2.77
Frozen Food,ASDA Fruit Spiral Lollies 5 x 70ml (350g),£1.34,1.34
Frozen Food,ASDA Lemon Cheesecake 470g,£2.74,2.74
Frozen Food,ASDA Loaded Caramelised Biscuit Ice Cream 425ml,£2.75,2.75
Frozen Food,ASDA PLANT BASED by ASDA 4 Tikka Burgers 454g,£2.98,2.98
Frozen Food,ASDA Petits Pois 1kg,£1.86,1.86
Frozen Food,ASDA Plant Based by  6 Meat-Free Sausages 270g,£1.80,1.8
Frozen Food,ASDA Really Creamy Triple Chocolate Ice Cream 900ml,£2.67,2.67
Frozen Food,ASDA Salted Caramel Ice Cream Cones 4 x 110ml (440ml),£1.62,1.62
Frozen Food,ASDA Sweet & Sour Chicken with Egg Fried Rice 400g,£2.00,2.0
Frozen Food,ASDA Sweet Chilli Chicken Breast Strips 400g,£3.98,3.98
Frozen Food,Annabel Karmel Meat-Free Mini Burgers Kids 3+ Years  220g (5 x 44g),£2.95,2.95
Frozen Food,Annabel's Bolognese Mac & Cheese with Veggies 1+ Years 200g,£2.20,2.2
Frozen Food,Ben & Jerry's Cool-Lection Cookie & Brownie Ice Cream Multipack 4 x 100ml,£5.48,5.48
Frozen Food,Ben & Jerry's Sundae Dulce De-Lish Ice Cream Tub Dessert 427ml,actual price£3.75,3.75
Frozen Food,"Bic 4 Colours Ball Point Pens, Metallic Shine, Pack of 1",£3.50,3.5
Frozen Food,Birds Eye 2 Original Chicken Breast Steaks 170g,£2.96,2.96
Frozen Food,Birds Eye 4 Chicken Quarter Pounders Burgers 454g,actual price£3.50,3.5
Frozen Food,Birds Eye 4 Ham & Mozzarella Crispy Pancakes 250g,£3.00,3.0
Frozen Food,Birds Eye Get Real Protein Indian Chicken Curry 350g,£3.72,3.72
Frozen Food,Birds Eye Get Real Protein Red Thai Chicken Curry 350g,£3.72,3.72
Frozen Food,Birds Eye Steamfresh 2 Tender Green Vegetable Rice Steam Bags 380g,£2.58,2.58
Frozen Food,Birds Eye Steamfresh 4 Super Sunshine Steam Bags 540g,£2.84,2.84
Frozen Food,Bluey Bluey-Berry Frozen Yogurt 480ml,actual price£2.47,2.47
Frozen Food,Cadbury Dairy Milk Minis Ice Creams 6 x 50ml (300ml),actual price£2.98,2.98
Frozen Food,Chicago Town Cheese & Tomato Subs Pizza 2 x 125g (250g),£1.90,1.9
Frozen Food,Chicago Town Ham & Pineapple Subs Pizza 2 x 125g (250g),£1.90,1.9
Frozen Food,Chicago Town Meat Supreme Subs Pizza 2 x 125g (250g),£1.90,1.9
Frozen Food,Cornetto Mint Ice Cream Cones 6x 90 ml,£3.47,3.47
Frozen Food,Del Monte Mango & Coconut Swir 3 x 90ml (270ml),£2.18,2.18
Frozen Food,Discover-In Doner Kebab Meat 350g,£3.98,3.98
Frozen Food,"Dr. Oetker Suprema La Calabria Salami, Nduja & Hot Honey Pizza 454g",actual price£3.50,3.5
Frozen Food,Dr. Oetker Suprema La Margherita Mozzarella & Pecorino Pizza 414g,actual price£3.50,3.5
Frozen Food,English Lakes Luxury Ice Cream Double Jersey 1 Litre,£4.00,4.0
Frozen Food,Exceptional by ASDA 6 Chunky Beer Battered Fish Fingers 400g,£3.74,3.74
Frozen Food,Exceptional by ASDA Cooked & Hand-Peeled Jumbo King Prawns 200g,£4.66,4.66
Frozen Food,Exceptional by ASDA Exceptional by  Triple Cooked Beef Dripping Skin-on Chunky Chips 750g,£3.00,3.0
Frozen Food,Exceptional by ASDA Hand Finished Toffee & Pecan Roulade 420g,£5.73,5.73
Frozen Food,Exceptional by ASDA Sicilian Lemon Meringue Dairy Ice Cream 500ml,£3.27,3.27
Frozen Food,Fox's Biscuits Rocky STACK'd Chocolate Cream Flavour Biscuit Bars 5 Bars Multipack 125g,actual price£1.25,1.25
Frozen Food,Fox's Biscuits Rocky STACK'd Vanilla Cream Flavour Biscuit Bars 5 Bars Multipack 125g,actual price£1.25,1.25
Frozen Food,Genius 2 Steak Pies 320g,£3.42,3.42
Frozen Food,Haagen-Dazs Salted Caramel Ice Cream 460ml,£5.46,5.46
Frozen Food,Halo Top Ice Cream Gooey Brownie 460ml,actual price£3.74,3.74
Frozen Food,Humza 5 Original Paratha 400g,£1.90,1.9
Frozen Food,Humza 5 Wholemeal Lacha Paratha 400g,£2.00,2.0
Frozen Food,Humza Chicken Sausages 672g,£3.50,3.5
Frozen Food,Humza Signature Aloo Paratha 400g,£1.30,1.3
Frozen Food,Itsu 12 chicken gyoza dinner dumplings 240g,£4.24,4.24
Frozen Food,Itsu Korean style crispy chicken 340g,£4.48,4.48
Frozen Food,JUST ESSENTIALS by ASDA Just Essentials Pepperoni Pizza 314g,£1.10,1.1
Frozen Food,JUST ESSENTIALS by ASDA Just Essentials by  4 Battered White Fish Fillets 500g,£2.49,2.49
Frozen Food,Jahan Hot & Spicy Chicken Strips 500g,£3.15,3.15
Frozen Food,Kelly's Raspberry Cheesecake with Cornish Clotted Cream 425ml,actual price£2.75,2.75
Frozen Food,Kirsty's Vegetable Lasagne 325g,£2.84,2.84
Frozen Food,Little Moons Refreshos Vegan Very Berry Mochi Sorbet Frozen Snack 6 x 32g,actual price£3.50,3.5
Frozen Food,Lotus Biscoff Sandwiches 320ml,£3.50,3.5
Frozen Food,Magnum Bonbon White Chocolate & Cookies Ice Cream Frozen Snack 12 x 17ml,actual price£3.00,3.0
Frozen Food,Magnum Milk Chocolate & Cherry Bonbon Bite-Sized Ice Cream 12x 17 ml (204 ml),actual price£3.00,3.0
Frozen Food,Magnum Signature Pistachio Ice Cream Sticks 3x 90 ml,actual price£2.50,2.5
Frozen Food,Manchester City Stress Ball,£6.00,6.0
Frozen Food,McCain Air Fryer Hash Brown Bites 600g,£2.24,2.24
Frozen Food,McCain Crispy French Fries 900g,£3.18,3.18
Frozen Food,McCain Gastro Triple Cooked Chips 600g,£2.98,2.98
Frozen Food,McCain Home Chips Chunky 1kg,£2.58,2.58
Frozen Food,McCain Naked Oven Chips Straight Cut 900g,£2.00,2.0
Frozen Food,Nuii Dark Chocolate & Nordic Berry 3 x 270ml,£4.48,4.48
Frozen Food,Nuii Ice Cream Adventure Salted Caramel & Australian Macadamia  270ml,£4.48,4.48
Frozen Food,Oreo 6 Ice Cream Mini Sticks with Oreo Cookie Pieces 300ml,£3.50,3.5
Frozen Food,Peperami The Original 5 x 20g (100g),actual price£2.00,2.0
Frozen Food,Plant Based by ASDA Plant Based Meat-Free Mince 454g,£1.96,1.96
Frozen Food,Pot Noodle Chicken & Mushroom Instant Noodles 90 g,actual price£0.75,0.75
Frozen Food,Reese's Peanut Butter & Milk Chocolate Ice Cream 3 x 80ml (240ml),£4.48,4.48
Frozen Food,Reese's Peanut Butter & Milk Chocolate Ice Cream 310g,actual price£3.67,3.67
Frozen Food,Solero Berry Bliss Ice Cream Sticks 3 x 90ml,£2.74,2.74
Frozen Food,Surya Sliced Okra Bhindi 300g,£0.95,0.95
Frozen Food,The BAKERY at ASDA The Bakery 8 White Wraps 488g,£1.32,1.32
Frozen Food,Unearthed Pastel De Nata 6 x 60g,£3.74,3.74
Frozen Food,White Rabbit Gluten Free Sourdough Pepperoni Pizzetta 175g,£2.50,2.5
Frozen Food,Young's Admiral's Pie 300g,£2.44,2.44
Frozen Food,Young's Chip Shop 2 Extra Large Beer Batter Fish 300g,£2.00,2.0
Kiosk,Benson & Hedges Blue Rolling Tobacco 30g,£23.90,23.9
Kiosk,Benson & Hedges Blue Rolling Tobacco 50g,£39.50,39.5
Kiosk,Blu pod Blueberry Ice Vape Pods 20mg/ml,£5.99,5.99
Kiosk,Bull Brand Electronic 4 Pack,£1.15,1.15
Kiosk,Bull Brand Turbo/WindProof Lighter,£1.15,1.15
Kiosk,COOK by ASDA Cook Whole Black Peppercorns 106g,£2.86,2.86
Kiosk,Carlton KS Original 20s,£14.95,14.95
Kiosk,Carlton SKS Bright 20s,£14.95,14.95
Kiosk,Carlton SKS Original 20s,£14.95,14.95
Kiosk,Chesterfield Blue Superking 20 Cigarettes,£13.60,13.6
Kiosk,Chesterfield Red KS 20 Cigarettes,£13.60,13.6
Kiosk,Chesterfield Red Superking 20 Cigarettes,£13.60,13.6
Kiosk,Clipper 9 Flints,£1.10,1.1
Kiosk,Clipper Jet Flame Lighter Solid Colours Pack of 24,£1.50,1.5
Kiosk,Clipper Printed Design Lighter,£1.40,1.4
Kiosk,Cutters Choice Extra Fine 30g Necotina Ptersucgas,£26.40,26.4
Kiosk,Delia Classic Gold 20 Smartcore Sticks,£6.00,6.0
Kiosk,Dunhill International 20 Cigarettes,£19.50,19.5
Kiosk,Durex Strawberry Lube Water Based Flavoured Edible 100ml,actual price£8.30,8.3
Kiosk,Elf Bar 600 Banana Ice Prefilled Pod Kit 20mg/ml,£6.15,6.15
Kiosk,Elf Bar 600 Cherry Ice Prefilled Pod Kit 20 mg/ml,£6.15,6.15
Kiosk,Elf Bar Strawberry Raspberry Cherry Ice 2 Prefilled Pod,£6.15,6.15
Kiosk,Elfbar 2 Banana Ice Prefilled Pod 20mg/ml,£6.15,6.15
Kiosk,Elfbar 2 Prefilled Pod Spearmint 20mg/ml,£6.15,6.15
Kiosk,Elfbar 2 Strawberry Ice Prefilled Pod 20mg/ml,£6.15,6.15
Kiosk,Frugo Energy Watermelon & Strawberry 330ml,£0.68,0.68
Kiosk,Golden Virginia The Original The Original Includes Cigarette Papers 30g,£28.00,28.0
Kiosk,Golden Virginia Yellow Yellow Includes Cigarette Papers 30g,£26.35,26.35
Kiosk,Grafix Marble Mountain ( Age 5 Years +),£6.98,6.98
Kiosk,Herbal Essences Chamomile Smooth & Shine Shampoo 350ml to Bring Shine to Dull Hair,£5.98,5.98
Kiosk,IVG Pro Refill Pineapple Ice 20mg/ml,£8.15,8.15
Kiosk,IVG Pro Refills Blue Raspberry Ice 20mg/ml,£8.15,8.15
Kiosk,Innocent pure Orange Juice with Bits 1.35L,£4.08,4.08
Kiosk,JUST ESSENTIALS by ASDA Just Essentials Mayonnaise 500ml,£0.92,0.92
Kiosk,L&B Blue 20 Green Fusion,£15.20,15.2
Kiosk,Levia 20 Strawberry with Watermelon Pearl Flavoured Nicotine Sticks,£5.00,5.0
Kiosk,Levia Deep Mint Flavoured Nicotine Sticks,£5.00,5.0
Kiosk,Mayfair 20 Cigarettes Silver,£14.90,14.9
Kiosk,Mayfair 20 Cigarettes Superkings Silver,£14.90,14.9
Kiosk,McGuigan McGuiClassic Chardonnay Australian White Wine 75cl,£5.50,5.5
Kiosk,NiQuitin 21mg Nicotine 7 Patches (Step 1) - 24 Hour Craving Control - 1 Week Treatment Patches To Quit Or Reduce - Discreet Transparent Stop Smoking & Vaping Aids,actual price£10.00,10.0
Kiosk,Nordic Spirit Frosty Berry X-Strong Nicotine Pouches 11mg,£5.00,5.0
Kiosk,OCB Rice Slim and Tips Consumer,£1.39,1.39
Kiosk,Oxford Landing Chardonnay 750ml,£6.25,6.25
Kiosk,Rizla Classic King Size Combi 32,£1.80,1.8
Kiosk,Rizla Menthol Ultra Slim Filter Tips 120s,£1.15,1.15
Kiosk,Rothmans Blue KS,£15.25,15.25
Kiosk,Rothmans Blue Superkings 20 Cigarettes,£15.25,15.25
Kiosk,Rothmans Silver 20 Cigarettes,£15.25,15.25
Kiosk,Royal Dutch Filter 10 Cigarillos,£10.66,10.66
Kiosk,SKE 600 Pro 2 Cola Ice Prefilled Pods 20mg/ml,£5.20,5.2
Kiosk,SKE 600 Pro 2 Lemon & Lime Pod 20mg/ml,£5.20,5.2
Kiosk,SKE 600 Pro 2 Watermelon Ice Pod 20mg/ml,£5.20,5.2
Kiosk,Signature Action 17 Filter Cigarillos,£10.25,10.25
Kiosk,Signature Action Mix 10 Filter Cigarillos,£6.50,6.5
Kiosk,Signature Red Filter Multipack 5x10 Cigars,£40.01,40.01
Kiosk,Swan Swan Red Kingsize Slim Medium Weight 32 Superior Quality Gummed Papers,£1.10,1.1
Kiosk,TRESemme Lamellar Gloss Salon-grade Shampoo preps the hair fibre 400 ml,£5.25,5.25
Kiosk,The BAKERY at ASDA Cheese & Garlic Tear & Share Bread 230g,actual price£1.82,1.82
Kiosk,Zone Cool Mint Nicotine Pouches 11mg,£6.50,6.5
Kiosk,Zone Watermelon Ice Nicotine Pouches 10mg,£6.50,6.5
Kiosk,blu bar kit Creamy Tobacco Vape Device 20mg/ml,£5.99,5.99
Laundry & Household,1001 Carpet Fresh Pet Thai Orchid & Passionfruit Carpet Fresh Pet 300ml,£2.50,2.5
Laundry & Household,ASDA 10 Flat Top Wheelie Bin Liners 240 Litres,£2.55,2.55
Laundry & Household,ASDA 2 Multi-Purpose Microfibre Cloths,£1.52,1.52
Laundry & Household,ASDA 2 Non-Scratch Bathroom Sponge Cleaners,£1.20,1.2
Laundry & Household,ASDA 20 Tall Kitchen Bin Liners 50 Litres,£4.49,4.49
Laundry & Household,ASDA 4 Cotton Dusters,£1.96,1.96
Laundry & Household,ASDA 6 Bananas,£0.94,0.94
Laundry & Household,ASDA ASDA 15 Lemon Floor Wipes,£1.00,1.0
Laundry & Household,ASDA All in 1 Citrus Dishwasher Tablets 40 x 14g (560g),£3.50,3.5
Laundry & Household,ASDA Cherry Blossom & Peony Air Freshener 250ml,£2.11,2.11
Laundry & Household,ASDA Cool Aqua Toilet Liquid Gel Cleaner 750ml,£0.74,0.74
Laundry & Household,ASDA Large Reusable Bag (colour and style may vary),£0.90,0.9
Laundry & Household,ASDA Lemon Cream Cleaner 500ml,£1.00,1.0
Laundry & Household,ASDA Limited Edition Spiced Pumpkin & Plum Air Freshener 250ml,£2.11,2.11
Laundry & Household,ASDA Melon & Jasmine Washing Up Liquid 500ml,£0.69,0.69
Laundry & Household,ASDA Outdoor 2 In 1 Bug Control,£3.47,3.47
Laundry & Household,ASDA Pine Fresh Thick Disinfectant 1 Litre,£1.47,1.47
Laundry & Household,ASDA Spring Bloom Air Freshener 250ml,£2.11,2.11
Laundry & Household,ASDA Sunset Breeze Liquid Scent Booster 27 Washes,£2.30,2.3
Laundry & Household,ASDA Triple Action Non-Bio Sensitive Capsules 20 Washes,£3.28,3.28
Laundry & Household,ASDA Tropical Laundry Capsules 42 Washes,£2.98,2.98
Laundry & Household,Ace Ultra for Colours Fresh Perfume 1L,actual price£1.98,1.98
Laundry & Household,"Air Wick Active Fresh Refill, Berries & Peach Blossom Air Freshener, 228ml",£6.64,6.64
Laundry & Household,Air Wick Pure Serenity Freshmatic Autospray Twin Refill 2x250ml,£5.74,5.74
Laundry & Household,Air Wick Spring Delight Freshmatic Autospray Refill 250ml,£3.75,3.75
Laundry & Household,Andrex Fresh & Soothe Hygiene Wipes single pack (36 sheets),actual price£1.25,1.25
Laundry & Household,Andrex Ultimate Quilts Toilet roll 9 Mega Rolls,actual price£7.50,7.5
Laundry & Household,"Ariel 4in1 PODS®, Washing Capsules 70",actual price£14.50,14.5
Laundry & Household,"Ariel Washing Liquid, 50 Washes, Original",£8.98,8.98
Laundry & Household,Astonish Specialist Hob Power Cream 500ml,£2.00,2.0
Laundry & Household,Bar-Be-Quick Barbecue and Fire Lighting Gel,£2.50,2.5
Laundry & Household,Bar-Be-Quick Safety Matches 10cm 50 Pack,£1.25,1.25
Laundry & Household,Bloo Power Active Lemon Toilet Rim Blocks 2 x 50g,£2.70,2.7
Laundry & Household,"Bold Lavender and Camomile Liquid Laundry Detergent Gel 63 Washes, 1.953l",£9.50,9.5
Laundry & Household,Calgon washing machine cleaner tablets limescale protection 15 tablets,£5.98,5.98
Laundry & Household,Cif Infinite Clean All in One Cleaner Lavender & Eucalyptus 280 ml,£3.97,3.97
Laundry & Household,Cif Infinite Clean Lime & Lemongrass All in One Cleaner 280 ml,£3.97,3.97
Laundry & Household,Comfort Pure Dreams Cashmere Soft Fabric Conditioner 48 washes (1.44 L),£3.73,3.73
Laundry & Household,Cushelle Simply Soft Toilet Roll 9 Standard Rolls,actual price£4.00,4.0
Laundry & Household,Daz Universal Whites & Colours 4kg,actual price£9.00,9.0
Laundry & Household,Dettol 80 24 Hour Antibacterial Multi Surface Ocean Fresh Wipes,£3.00,3.0
Laundry & Household,Dettol Fresh Cotton Laundry Sanitiser 2.5L,actual price£6.00,6.0
Laundry & Household,Dettol Laundry Sanitiser Spring Blossom 2.5L,£6.00,6.0
Laundry & Household,Dishmatic Style Fillable Washing Up Handle and Bonus Refill,£2.00,2.0
Laundry & Household,Domestos Power 5 Lavender Toilet Rim Blocks 2x 50 g,£2.23,2.23
Laundry & Household,Dr Beckmann Original Non-Bio Travel Wash 100ml,£1.25,1.25
Laundry & Household,Fairy 30 Minute Miracle Platinum Plus Dishwasher Tablets 45 Capsules,£13.47,13.47
Laundry & Household,"Fairy Fabric Softener, 29 Washes",actual price£2.25,2.25
Laundry & Household,"Fairy Non Bio PODS, 22 Washes",£6.98,6.98
Laundry & Household,"Fairy Non Bio PODS, 44 Washes",£12.48,12.48
Laundry & Household,Fairy Non Bio Silk Tree Blossom & Jasmine Washing Pods 44 Washes,£12.48,12.48
Laundry & Household,Febreze 3Volution Air Freshener Plug-In Refill Exotic Bloom 2x20ml,£7.00,7.0
Laundry & Household,Febreze 3Volution Air Freshener Starter Kit Mrs Hinch's Midsummer 20ML,£6.48,6.48
Laundry & Household,Febreze Bathroom Continuous Air Freshener Cotton Fresh 1Ct,£2.75,2.75
Laundry & Household,Finish Quantum All In One Dishwasher Tablets  Fresh - 36 Tabs,£9.48,9.48
Laundry & Household,Finish Ultimate All In One  Dishwasher Tablets Lemon - 21 Tabs,£4.98,4.98
Laundry & Household,Finish Ultimate All In One  Dishwasher Tablets Lemon - 92 Tabs,actual price£14.00,14.0
Laundry & Household,Flash All-Purpose Roll Handy Sheets,actual price£2.00,2.0
Laundry & Household,Flash Multipurpose Floor Liquid Cleaner Bergamot 1.5L,£3.00,3.0
Laundry & Household,Flash Multipurpose Floor Liquid Cleaner Cherry Blossom 1.5L,£3.00,3.0
Laundry & Household,Flash Power Spray Mop Floor Cleaner All-in-One Starter Kit,£34.00,34.0
Laundry & Household,Flash Spray Wipe Done Shower Alpine Fresh Cleaning Spray 800ml,£2.44,2.44
Laundry & Household,George Home Recycled Plastic Round Washing Up Bowl Grey,£2.00,2.0
Laundry & Household,George Home Silver Dish Drainer,£5.00,5.0
Laundry & Household,George Home Sponge Brush Refill Set,£1.50,1.5
Laundry & Household,Glade Aerosol Air Freshener Clean Linen 300ml,£1.78,1.78
Laundry & Household,Glade Aerosol Air Freshener Peach Paradise 300ml,£1.78,1.78
Laundry & Household,Glade Aerosol Air Freshener Sweet Chocolate Treat 300ml,£1.78,1.78
Laundry & Household,Glade Aerosol Air Freshener Vanilla Blossom 300ml,£1.78,1.78
Laundry & Household,Glade Automatic Spray Air Freshener Holder & Refill Relaxing Zen 269ml,actual price£7.00,7.0
Laundry & Household,Glade Sense  Spray Air Freshener Refill Tropical Blossom 18ml,£2.00,2.0
Laundry & Household,Glade Sense & Spray Air Freshener Holder & Refill Clean Linen 18ml,£6.00,6.0
Laundry & Household,Glade Sense & Spray Air Freshener Refill Floral Cherries 18ml,£2.00,2.0
Laundry & Household,Haber Easy Thread Needles 10 Pieces,£1.23,1.23
Laundry & Household,Harpic Power Plus Deep Clean Tabs Original,actual price£3.00,3.0
Laundry & Household,"Jelly Belly Jelly Belly 3D Gel Hanging Car Air Freshener, Tutti-Fruitti Scent",actual price£3.25,3.25
Laundry & Household,Jelly Belly Tutti-Frutti Air Freshener 70g,£4.12,4.12
Laundry & Household,Kleenex Allergy Comfort Tissues,£2.97,2.97
Laundry & Household,Kleenex Extra Large Tissues - Compact Quad Pack,actual price£4.00,4.0
Laundry & Household,Kleenex Tissues Mr Doodle NEW Limited Edition Cube – 48 Tissues per box,£0.75,0.75
Laundry & Household,"Lenor In-wash Scent Booster 280g, First Day of Spring",£5.74,5.74
Laundry & Household,Lenor Unstoppables Fresh Scent Booster 280g,actual price£5.00,5.0
Laundry & Household,Little Joe Scents Little Joe New Car Air Freshener,£3.48,3.48
Laundry & Household,Little Trees Little Tree Air Freshener Sherbet Lemon,£1.54,1.54
Laundry & Household,Natural 100% Cotton Plain Sateen Fitted Sheet Super King,£14.50,14.5
Laundry & Household,Persil Bio Laundry Washing Liquid Detergent 95 washes (2.565 L),£14.98,14.98
Laundry & Household,Persil Washing Powder XL Family Pack Non Bio 60 washes (3 kg),£9.95,9.95
Laundry & Household,Plenty Original Kitchen Roll 1 Roll,actual price£2.00,2.0
Laundry & Household,Regina Soft Bamboo 9R Toilet Tissue,£3.98,3.98
Laundry & Household,Roar 10 Drawstring Bin Bags 100 Litres,actual price£2.00,2.0
Laundry & Household,Shades by ASDA Aloe Vera 6 Rolls Toilet Tissue,£3.68,3.68
Laundry & Household,Shades by ASDA Quilted 6 Rolls Toilet Tissue,£3.68,3.68
Laundry & Household,Stardrops The Miracle Multi-Purpose Cleaner 850ml,£1.08,1.08
Laundry & Household,Stardrops The Pink Stuff The Miracle Cleaning Paste 850g,£1.49,1.49
Laundry & Household,Surf Tropical Lily Laundry Washing Liquid Detergent 95 washes 2.565 L,£10.98,10.98
Laundry & Household,Vanish ' Oxi Action Fabric Stain Remover Pre-Wash Spray 250ml,£2.48,2.48
Laundry & Household,Vanish Oxi Action Fabric Stain Remover Powder 1.5 kg,£10.00,10.0
Laundry & Household,Vileda Supermocio 3 Action XL,actual price£2.50,2.5
Laundry & Household,Vileda Supermocio Microfibre & Cotton,£4.50,4.5
Laundry & Household,Yankee Candle Car Jar Scented Air Freshener,£2.48,2.48
Laundry & Household,Zig-Zag Electronic Lighters 4 Pack,£1.00,1.0
Live Better,ASDA Medium Egg Noodles 250g,£1.15,1.15
Live Better,ASDA Mild & Crunch Baby Corn 145g,£1.24,1.24
Live Better,ASDA Mild & Crunchy Mixed Vegetable Stir-Fry 600g,£1.80,1.8
Live Better,ASDA Rice Noodles 225g,£1.07,1.07
Live Better,Blue Dragon Medium Egg Noodles 250g,£1.33,1.33
"Meat, Poultry & Fish",ASDA 2 Buttery Garlic & Herb Chicken Kievs 260g,£3.13,3.13
"Meat, Poultry & Fish",ASDA 4 Delicate Sea Bass Fillets 360g,£9.85,9.85
"Meat, Poultry & Fish",ASDA 4 Sticky Chinese Style Pork Loin Steaks 440g,£3.56,3.56
"Meat, Poultry & Fish",ASDA 8 Herby Lincolnshire Pork Sausages 454g,£1.79,1.79
"Meat, Poultry & Fish",ASDA ASDA 8 Succulent Chicken Sausages 454g,£2.98,2.98
"Meat, Poultry & Fish",ASDA Aromatic Sweet Chilli Pork Stir Fry Strips 400g,actual price£2.26,2.26
"Meat, Poultry & Fish",ASDA Beef & Pork Mince 750g,£4.88,4.88
"Meat, Poultry & Fish",ASDA British Strawberries 600g,£2.96,2.96
"Meat, Poultry & Fish",ASDA Creamy 2 Cheese & Bacon Chicken Kievs 260g,£3.13,3.13
"Meat, Poultry & Fish",ASDA Delicate 2 Hake Fillets 240g,£4.40,4.4
"Meat, Poultry & Fish",ASDA Delicate 2 Smoked Basa Fillets 230g,£2.75,2.75
"Meat, Poultry & Fish",ASDA Delicious Lean Unsmoked Diced Bacon 2 x 155g (310g),£2.97,2.97
"Meat, Poultry & Fish",ASDA Firm & Flavoursome Baby Potatoes 1kg,actual price£0.86,0.86
"Meat, Poultry & Fish",ASDA Free Range Egg Noodles Stir-Fry 300g,£1.07,1.07
"Meat, Poultry & Fish",ASDA Juicy Lamb Rump Joint (Typically 0.425KG),£6.37,6.37
"Meat, Poultry & Fish",ASDA Organic 4 Kiwi Fruit,£1.88,1.88
"Meat, Poultry & Fish",ASDA Organic Organic Free Range 6 Mixed Eggs 328g,£2.47,2.47
"Meat, Poultry & Fish",ASDA Pig Liver (Typically 0.4kg),£1.63,1.63
"Meat, Poultry & Fish",ASDA Rainbow Vegetable Stir-Fry 320g,£1.08,1.08
"Meat, Poultry & Fish",ASDA Slow Cooked Beef Joint with Onion Gravy 500g,£5.57,5.57
"Meat, Poultry & Fish",ASDA Smoked Bacon Rashers 60g,£2.94,2.94
"Meat, Poultry & Fish",ASDA Stir-Fry Protein Egg Noodles 300g,£1.07,1.07
"Meat, Poultry & Fish",ASDA Succulent Boneless Chicken Thigh Fillets 1kg,£6.84,6.84
"Meat, Poultry & Fish",ASDA Succulent Pork Belly Slices 500g,£4.42,4.42
"Meat, Poultry & Fish",ASDA Tender 2 Poached Salmon Fillets 180g,£5.65,5.65
"Meat, Poultry & Fish",ASDA Tender 4 Pork Shoulder Steaks 700g,actual price£3.95,3.95
"Meat, Poultry & Fish",ASDA Warming 2 Sweet Chilli Kiln Roasted Salmon Fillets 180g,£5.65,5.65
"Meat, Poultry & Fish",Asda Flavoursome Oak Smoked Salmon 50g,£1.80,1.8
"Meat, Poultry & Fish",Asda Tender Turkey Drumstick (Typically 0.8KG),£3.64,3.64
"Meat, Poultry & Fish",Barbie Twinning Looks Doll and Accessories,£24.98,24.98
"Meat, Poultry & Fish",Exceptional By ASDA Roast Chicken Gravy 450g,£2.52,2.52
"Meat, Poultry & Fish",Exceptional by ASDA 12 British Beef Meatballs 340g,£4.97,4.97
"Meat, Poultry & Fish",Exceptional by ASDA 2 Buttered Miso Beef Steak Burgers 340g,£4.46,4.46
"Meat, Poultry & Fish",Exceptional by ASDA 4 British Quarter Pounder Beef Burgers 454g,£5.22,5.22
"Meat, Poultry & Fish",Exceptional by ASDA 6 Bacon & Maple Syrup Pork Sausages 400g,£3.17,3.17
"Meat, Poultry & Fish",Exceptional by ASDA 6 Traditional Style Cheddar Cheese & Caramelised Red Onion Pork Sausages 450g,£3.98,3.98
"Meat, Poultry & Fish",Exceptional by ASDA British Aberdeen Angus Diced Beef,£6.47,6.47
"Meat, Poultry & Fish",Exceptional by ASDA British Aberdeen Angus Grass & Forage Fed Sirloin Steak 10oz 284g,£13.42,13.42
"Meat, Poultry & Fish",Exceptional by ASDA British Aberdeen Angus Thick Cut 11oz Rump Steak 320g,£8.54,8.54
"Meat, Poultry & Fish",Exceptional by ASDA Cooked & Peeled Cold Water Prawns 150g,£4.25,4.25
"Meat, Poultry & Fish",Exceptional by ASDA Delicate & Flavoursome 2 Scottish Salmon Fillets 240g,£6.15,6.15
"Meat, Poultry & Fish",Exceptional by ASDA EX PASTRAMI,£3.50,3.5
"Meat, Poultry & Fish",Exceptional by ASDA King Prawn & Cod Fishcakes 290g,£3.57,3.57
"Meat, Poultry & Fish","Exceptional by ASDA Salmon, Spinach & Lemon Fishcakes 290g",£3.57,3.57
"Meat, Poultry & Fish",Finnebrogue Naked 6 Smoked Back Bacon Rashers 200g,£3.48,3.48
"Meat, Poultry & Fish",Finnebrogue Naked 6 Unsmoked Back Bacon Rashers 200g,£3.48,3.48
"Meat, Poultry & Fish",George Home Red Strawberry-Shaped Cushion,£11.00,11.0
"Meat, Poultry & Fish",Gingham Tufted Strawberries Duvet Set Double,£19.00,19.0
"Meat, Poultry & Fish",HECK! 97% Pork Gluten Free Sausages 6 pack 400g,actual price£2.00,2.0
"Meat, Poultry & Fish",JUST ESSENTIALS by ASDA Beef Roasting Joint (Typically 1.4KG),£14.69,14.69
"Meat, Poultry & Fish",JUST ESSENTIALS by ASDA Smoked Back Bacon 300g,£1.25,1.25
"Meat, Poultry & Fish",Jack Link's Protein Snacks MrBeast Beef Jerky Sweet & Hot 40g,£2.75,2.75
"Meat, Poultry & Fish",Leap Wild Smoked Sockeye Salmon 100g,£8.50,8.5
"Meat, Poultry & Fish",Shazans Chicken Drumsticks 1kg,£4.23,4.23
"Meat, Poultry & Fish",Shazans Chicken Wings 2kg,£6.56,6.56
"Meat, Poultry & Fish",Shazans Peri Peri Diced Chicken Breast 500g,£4.23,4.23
"Meat, Poultry & Fish",Shazans SHAZANS WHOLE CHICKEN SMALL 1.0-1.4KG,£4.66,4.66
"Meat, Poultry & Fish",Summer Grill by ASDA 4 Miso & Honey Pork Kebabs 350g,£4.42,4.42
"Meat, Poultry & Fish",Summer Grill by ASDA 4 Red Thai Salmon Smash Burgers 340g,£4.40,4.4
"Meat, Poultry & Fish",Summer Grill by ASDA 8 Quarter Pounder Beef Burgers 908g,£7.92,7.92
"Meat, Poultry & Fish",Summer Grill by ASDA Limited Edition Corndog Battered King Prawns 210g,£3.42,3.42
"Meat, Poultry & Fish",Summer Grill by ASDA Minted Lamb Leg Steaks 600g,actual price£9.47,9.47
Other,ASDA Banana Flavoured Milk 1 Litre,£1.07,1.07
Other,ASDA Strawberry Flavoured Milk 1 Litre,£1.07,1.07
Other,"Bio-Oil Skincare Oil 200ml, Skincare That Reduces Appearance Of Stretch Marks & Scars",£16.40,16.4
Other,Blue Dino Cot Bed Jersey Cotton Sheets - Set of 2,£9.00,9.0
Other,Floral Love Heart Reversible Duvet Set Double,£12.00,12.0
Other,George Home Black Checkerboard Smiley Face Duvet Set Single,£10.00,10.0
Other,George Home Blue Chambray Super Soft Cotton Bath Mat,£6.00,6.0
Other,George Home Chenille Bath Mat - Coral,£6.00,6.0
Other,George Home Dinosaur Reversible Toddler Duvet Set,£9.00,9.0
Other,George Home George Home Anti Allergy Cot bed Pillow,£4.00,4.0
Other,George Home Green Marvel The Incredible Hulk Fleece Throw,£7.50,7.5
Other,George Home Honey Jumbo Cord Cushion,£7.00,7.0
Other,George Home Lightweight Summer Cotbed Duvet - 1 Tog,£10.00,10.0
Other,George Home Red Spider-Man Head Cushion,£10.00,10.0
Other,Hapello Hapello Blue Jumbo Racket,£6.00,6.0
Other,LITTLE ANGELS by ASDA Newborn Soothers 0-3m,£2.72,2.72
Other,Marvel Marvel Spider-Man Single Fitted Sheet Single,£7.00,7.0
Other,Tanqueray No. TEN Gin 47.3% vol 70cl,£35.46,35.46
Other,"WaterWipes Sensitive+ Newborn & Baby Wipes, 3-In-1 Cleans, Cares, Protects, 99.9% Water, Unscented, 240 Count",£9.74,9.74
Pet Food & Accessories,"Bakers Rewards Chicken, Beef and Lamb Dog Treats 100g",£1.24,1.24
Pet Food & Accessories,Bakers Superfoods Puppy Chicken with Vegetables Dry Dog Food 2.85kg,£8.18,8.18
Pet Food & Accessories,Bob Martin Clear Plus 134mg / 120.6mg Spot-On Solution for Medium Dogs Treatment 1 Pipette,£7.84,7.84
Pet Food & Accessories,Burgess Excel Feeding Hay with Meadow Flowers 500g,£3.24,3.24
Pet Food & Accessories,Cesar Classic Terrine Wet Dog Food tray Lamb & Chicken in Loaf 150g,£1.18,1.18
Pet Food & Accessories,"Cesar Country Stew Wet Dog Food tray Poultry,Beef & Lamb in Gravy 8 x 150g",actual price£5.00,5.0
Pet Food & Accessories,"Cesar Creations Wet Dog Food Pouch Poultry,Beef,Lamb in Sauce 40 x 100g",£17.97,17.97
Pet Food & Accessories,Encore Chicken Selection in Broth 8 x 70g,£8.00,8.0
Pet Food & Accessories,Encore Natural Wet Cat Food Fish Selection Broth 8 x 70g Tins,£8.00,8.0
Pet Food & Accessories,Felix As Good As it Looks Meaty with Ham Selection in Jelly Wet Cat Food 12x85g,£4.98,4.98
Pet Food & Accessories,Felix As Good As it Looks Senior 7+ Mixed in Jelly Wet Cat Food 12x85g,£4.98,4.98
Pet Food & Accessories,Felix Crispies Salmon and Trout Cat Treats 45g,£1.18,1.18
Pet Food & Accessories,Felix FELIX As Good As it Looks Meaty Selection in Jelly Wet Cat Food 12x85g,£4.98,4.98
Pet Food & Accessories,Forthglade Duck with Potato & Vegetables Complete Meal Adult 1 Yr+ 395g,£1.63,1.63
Pet Food & Accessories,Forthglade Turkey with a Sweet Potato & Vegetables Complete Meal Adult 1 Yr+ 395g,£1.63,1.63
Pet Food & Accessories,Go-Cat Chicken and Duck Dry Cat Food 4kg,actual price£8.48,8.48
Pet Food & Accessories,Go-Cat Indoor Chicken Dry Cat Food 750g,£2.44,2.44
Pet Food & Accessories,Good Boy Chewy Dog Toy,£3.00,3.0
Pet Food & Accessories,Good Boy Fetch Dog Toy Ball on Rope,£1.00,1.0
Pet Food & Accessories,Good Boy Meaty Treaty Chewy Chicken Dumbbells 90g,£2.29,2.29
Pet Food & Accessories,Good Boy Meaty Treaty Chewy Chicken Strips 230g,£5.58,5.58
Pet Food & Accessories,Good Boy Meaty Treaty Chewy Chicken with Rice Sticks 220g,£5.58,5.58
Pet Food & Accessories,Good Boy Meaty Treaty Chewy Duck with Rice Sticks 60g,£2.29,2.29
Pet Food & Accessories,Good Boy Meaty Treaty Crunchy Chicken Calcium Bones 90g,£2.29,2.29
Pet Food & Accessories,Good Boy Meaty Treaty Tender Beef Strips 280g,£5.58,5.58
Pet Food & Accessories,"Gourmet GOURMET Perle Juicy Mini Fillets in Gravy 7+  (Chicken, Salmon) Wet Cat Food 40x85g",actual price£15.50,15.5
Pet Food & Accessories,"Gourmet GOURMET Perle Juicy Mini Fillets in Gravy 7+ (Chicken, Salmon) Wet Cat Food 12x85g",£5.74,5.74
Pet Food & Accessories,"Gourmet GOURMET Perle Mini Fillets in Gravy Chef's Collection (Turkey,Tuna,Duck,Lamb) Wet Cat Food 12x85g",£5.74,5.74
Pet Food & Accessories,Gourmet GOURMET Perle Mini Fillets in Gravy Connoisseur's Collection Wet Cat Food 12x85g,£5.74,5.74
Pet Food & Accessories,Gourmet GOURMET Perle Mini Fillets in Gravy Connoisseur's Duo Wet Cat Food 12x85g,£5.74,5.74
Pet Food & Accessories,Gourmet GOURMET Perle Mini Fillets in Gravy Seaside Duo Wet Cat Food 12x85g,£5.74,5.74
Pet Food & Accessories,Gourmet GOURMET Revelations Mousse Chicken Wet Cat Food 4x57g,actual price£2.00,2.0
Pet Food & Accessories,Gourmet Gold Savoury Cake Chicken Wet Cat Food 85g,£0.66,0.66
Pet Food & Accessories,Gourmet Gold Savoury Cake Meat and Veg Variety Wet Cat Food 8x85g,actual price£3.74,3.74
Pet Food & Accessories,Gourmet Perle Juicy Mini Fillets in Gravy Delighter's Collection Wet Cat Food 40x85g,actual price£15.50,15.5
Pet Food & Accessories,"Harringtons Adult Complete Wet Dog Food – Fresh Poultry Recipes with Potato & Veg, 6x400g Free 6 x 400g",£7.50,7.5
Pet Food & Accessories,Harringtons Rich in Lamb & Rice Dry Adult Dog Food 4kg,£11.48,11.48
Pet Food & Accessories,Harringtons Rich in Turkey with Veg Dry Adult Dog Food 4kg,£11.48,11.48
Pet Food & Accessories,Harringtons Wet Cat Food Pouches Fish in Jelly 12x85g,£5.38,5.38
Pet Food & Accessories,"Hero by ASDA Adult Dog with Chicken, Rice & Veg 5kg",£5.92,5.92
Pet Food & Accessories,"Hero by ASDA Adult with Chicken, Rice & Veg 12kg",£9.96,9.96
Pet Food & Accessories,Hero by ASDA Hero by  Beef Flavour Gravy Bones 800g,£2.58,2.58
Pet Food & Accessories,HiLife with Tasty Beef 2kg,£5.90,5.9
Pet Food & Accessories,Iams Advanced Nutrition Senior Dry Cat Food Chicken 2kg,£10.47,10.47
Pet Food & Accessories,Lily's Kitchen Classic Dinners Multipack Adult Wet Dog Food 6 x 150g,£8.50,8.5
Pet Food & Accessories,Lily's Kitchen The Best Ever Beef Mini Burgers Dog Treats 70g,£3.67,3.67
Pet Food & Accessories,PEDIGREE ® COMPLETE™ Adult Dry Dog Food Poultry and Vegetables 1.4kg,£4.64,4.64
Pet Food & Accessories,PEDIGREE ® TENDER GOODNESS™ Dry Adult Small Dog Poultry 800g,actual price£2.80,2.8
Pet Food & Accessories,Pampered Paws 50 Dog Poo Bags,£1.42,1.42
Pet Food & Accessories,Pampered Paws 80 Pawfect Pet Wipes,£3.12,3.12
Pet Food & Accessories,Pampered Paws Deshed Tool for Pets,£6.56,6.56
Pet Food & Accessories,Park Life Puggy's Tasty Treats Bacon and Raspberry Flavour,£1.03,1.03
Pet Food & Accessories,Pedigree COMPLETE™ Adult Small Dog Dry Food Poultry and Vegetables 3kg,£7.97,7.97
Pet Food & Accessories,Pedigree Junior Puppy Wet Dog Food Mixed Selection In Jelly 12 x 100g Pouch,£4.94,4.94
Pet Food & Accessories,Pedigree PEDIGREE® RANCHOS™ SUPERFOOD Beef Dog Treat Blueberries & Wholegrains 70g,actual price£1.47,1.47
Pet Food & Accessories,Purina ONE Chicken Dry Cat Food 3kg,£15.00,15.0
Pet Food & Accessories,Purina ONE Senior 11+ Chicken Dry Cat Food 750g,£6.48,6.48
Pet Food & Accessories,Rosewood Interactive Cat Laser Chaser,£4.37,4.37
Pet Food & Accessories,Sheba SHEBA Filets Adult Wet Cat Food With Chicken & Fish in gravy 60g Tray,£1.17,1.17
Pet Food & Accessories,Sheba SHEBA Soup Adult Wet Cat Food Pouch with Tuna 4 x 40g,actual price£2.10,2.1
Pet Food & Accessories,Sheba ® Fresh & Fine Adult Wet Cat Food Fish In Gravy 15 x 50g Pouches,£4.97,4.97
Pet Food & Accessories,Sheba ® Select Slices Adult Wet Cat Food Poultry Selection in Gravy 12x85g Pouch,actual price£5.24,5.24
Pet Food & Accessories,Simply Nibbles 4 Sun-Ripened Corn Halves 200g,£2.36,2.36
Pet Food & Accessories,TidyZ 50 Doggy Bags Tie Handles,£2.00,2.0
Pet Food & Accessories,Tiger by ASDA Tiger Sticks 6 x 5g (30g),£0.97,0.97
Pet Food & Accessories,Tiny Friends Farm Harry Hamster Yippees with Apple & Sweetcorn 120g,£1.75,1.75
Pet Food & Accessories,Vamoosh Pet Hair Dissolver 3 Sachets,£3.95,3.95
Pet Food & Accessories,Wagg Active Goodness Complete Rich in Beef & Veg 12kg,actual price£10.00,10.0
Pet Food & Accessories,Wagg Meaty Goodness Adult Complete Beef Dinner Dry Dog Food 2kg,£3.75,3.75
Pet Food & Accessories,Webbox 20 Chomping Chews Beef 200g,£1.25,1.25
Pet Food & Accessories,Webbox 6 Tasty Sticks with Cheese 30g,£1.20,1.2
Pet Food & Accessories,Webbox Lick-e-Lix with Liver Sausage & Cat Grass 5 x 15g (75g),£1.40,1.4
Pet Food & Accessories,Webbox Lick-e-Lix with Salmon 5 x 15g (75g),£1.28,1.28
Pet Food & Accessories,Webbox Pounce Textured Mice,£3.00,3.0
Pet Food & Accessories,Whiskas 1+ DUO Surf & Turf Wet Cat Food Pouches in Jelly 12 x 85g,£4.74,4.74
Pet Food & Accessories,Whiskas 1+ DUO Surf & Turf Wet Cat Food Pouches in Jelly 40 x 85g,£12.94,12.94
Pet Food & Accessories,Whiskas 1+ Dry CHICKEN Cat Food 1.9kg,£5.96,5.96
Pet Food & Accessories,Whiskas 1+ Dry TUNA Cat Food 800g,£3.46,3.46
Pet Food & Accessories,Whiskas 1+ TASTY MIX Catch Of The Day Wet Cat Food Pouches in Gravy 12 x 85g,£4.74,4.74
Pet Food & Accessories,Whiskas Kitten 2-12 mnths Dry CHICKEN Cat Food 1.9kg,£5.96,5.96
Pet Food & Accessories,Whiskas Senior 7+ Dry CHICKEN Cat Food 800g,£3.46,3.46
Pet Food & Accessories,Whiskas Senior 7+ MIXED Menu&nbsp; Wet Cat Food Pouches in Gravy 12 x 85g,£4.74,4.74
Pet Food & Accessories,Whiskas WHISKAS 1+ DUO Surf & Turf Dry Cat Food 1.9kg,£5.96,5.96
Pet Food & Accessories,Whiskas ® Dentabites Adult Cat Treats with Chicken 40g,£1.08,1.08
Pet Food & Accessories,Wild Bird Fat Feast Triple Pack 3 x 280g,£2.72,2.72
Pet Food & Accessories,Winalot Meaty Chunks Mixed in Jelly Wet Dog Food 12x100g,actual price£4.00,4.0
Pet Food & Accessories,Winalot Meaty Chunks Puppy Mixed in Gravy Wet Dog Food 12x100g,actual price£4.00,4.0
Pet Food & Accessories,Winalot Sunday Dinner Mixed in Gravy Wet Dog Food 40x100g,£13.98,13.98
Pet Food & Accessories,Winalot WINALOT Meaty Chunks Small Dog Mixed in Gravy Wet Dog Food 40x85g,£13.98,13.98
Ramadan,ASDA Chayote (Typically 0.4KG),£0.92,0.92
Ramadan,ASDA Dudhi (Typically 0.4KG),£2.30,2.3
Ramadan,ASDA Eddoes (Typically 0.14KG),£0.49,0.49
Ramadan,ASDA Fennel,£0.97,0.97
Ramadan,ASDA Tender & Sweet Baby Aubergines 300g,£2.00,2.0
Ramadan,COOK by ASDA Cook Fennel Seeds 37g,£1.00,1.0
Ramadan,L'Oréal L'Oreal Paris Infallible 24H More Than Concealer 320 Porcelain,£11.00,11.0
Ramadan,"Maybelline New York Concealer, Lifter Concealer, Full Coverage, All Day Wear, Shade: 05",£10.00,10.0
Rollback,ASDA Beansprouts Stir-Fry 200g,£0.52,0.52
Rollback,ASDA Celeriac (Typically 1KG),£1.55,1.55
Rollback,ASDA Isabella Bouquet,actual price£4.97,4.97
Rollback,ASDA Mild & Crisp Pak Choi 200g,£1.12,1.12
Rollback,ASDA Rose & Spray Carnation Posy,£3.72,3.72
Rollback,ASDA Sunflower,£3.98,3.98
Rollback,ASDA The Deli Marinated Ploughman's Pot 130g,£2.98,2.98
Rollback,ASDA The Deli Salami Grazing Platter 133g,£2.98,2.98
Rollback,ASDA The Deli by  Chorizo Grazing Platter 145g,£2.98,2.98
Rollback,George Home Moon Light,£7.00,7.0
Rollback,Gingham Tufted Strawberries Duvet Set King,£23.00,23.0
Rollback,Ginsters Creamy Garlic Mushroom Slice 170g,actual price£1.42,1.42
Rollback,Lubella Filini Pasta 400g,£1.34,1.34
Summer,ASDA 3 Sweet & Crunchy Red Onions,£0.95,0.95
Summer,ASDA Blueberries 150g,£1.67,1.67
Summer,ASDA Crisp & Fragrant Sweet Peppers 3 Pack,actual price£1.58,1.58
Summer,ASDA Crunchy & Sweet Carrots 1kg,£0.69,0.69
Summer,ASDA Delicate & Peppery Baby Leaf & Rocket Salad 75g,£1.08,1.08
Summer,ASDA Exceptional by  Hand Cooked Roast Chicken & Thyme Crisps 150g,£1.50,1.5
Summer,ASDA Fragrant & Crunchy Spring Onions,£0.68,0.68
Summer,ASDA Vine Ripened Cherry Tomatoes,£1.15,1.15
Summer,ASDA Wild Rocket Strong & Peppery 60g,£0.96,0.96
Summer,Plant Based by ASDA 2 Tofu & Harissa Burgers 227g,£2.37,2.37
Summer,The Deli by ASDA Bravas Chicken 140g,£3.24,3.24
Summer,The Deli by ASDA The Deli Chicken Shawarma 140g,£3.24,3.24
Summer,The Deli by ASDA The Deli Chilli Mozzarella Pearls 130g,£2.98,2.98
"Sweets, Treats & Snacks",ASDA Chilli Flavour Tortilla Chips 180g,£0.80,0.8
"Sweets, Treats & Snacks",ASDA Yogurt Coated Strawberry Fruity Bits 5 x 25g (125g),£2.06,2.06
"Sweets, Treats & Snacks",Dove Men+Care Advanced Total Comfort Anti-Perspirant Roll On 50 ml,£3.00,3.0
"Sweets, Treats & Snacks",Eat Real Multiseed Tortillas Smoky Tomato Salsa Flavour with A Hint of Chilli 160g,£1.50,1.5
"Sweets, Treats & Snacks",Eat Real Multiseed Tortillas with A Touch of Sea Salt 160g,£1.50,1.5
"Sweets, Treats & Snacks",Free From by Asda Digestive Biscuits 188g,£1.98,1.98
"Sweets, Treats & Snacks",Graze Chilli & Lime Nut Medley 120g,£2.77,2.77
"Sweets, Treats & Snacks",Kit Kat 4 Finger Milk Chocolate Biscuit Bar 8 Pack Multipack 332g,£3.00,3.0
"Sweets, Treats & Snacks",KitKat 2 Finger Milk Chocolate Biscuit Bar 18 Pack Multipack 372.6g,£3.74,3.74
"Sweets, Treats & Snacks",KitKat 2 Finger Mocha Flavour Chocolate Biscuit Bars Multipack 165.6g,£2.18,2.18
"Sweets, Treats & Snacks",KitKat 2 Finger White Biscuit Bar 8 Pack Multipack 165.6g,£2.18,2.18
"Sweets, Treats & Snacks",Marmite Cashews 110g,£2.86,2.86
"Sweets, Treats & Snacks",Palse Crunchy Peas Sea Salt & Vinegar 50g,£1.25,1.25
"Sweets, Treats & Snacks",Proper House Hot Sauce Lentil Chips 85g,£1.57,1.57
"Sweets, Treats & Snacks",Pulse Crunchy Broad Beans Sweet Paprika 50g,£1.25,1.25
"Sweets, Treats & Snacks",Regal Balti Mix 300g,£1.48,1.48
"Sweets, Treats & Snacks",Schar Gluten-Free Digestive 3 x 50g (150g),actual price£1.30,1.3
"Sweets, Treats & Snacks",Seabrook Toy Story Cheesy Pizza Flavour Lentil Hoops 6 x 17g,£1.35,1.35
"Sweets, Treats & Snacks",Seabrook Toy Story Wild West BBQ Flavour Lentil Hoops 6 x 17g,£1.35,1.35
"Sweets, Treats & Snacks",Seabrook Waffle Bites Extra Cheesy Flavour 90g,£1.25,1.25
"Sweets, Treats & Snacks",Seabrook Waffle Bites Maple Bacon Flavour 90g,£1.25,1.25
"Sweets, Treats & Snacks",Snack Treat Peanut & Sesame Bar 45g,£0.68,0.68
Toiletries & Beauty,ASDA 20 Super Plus Tampons with Applicator,£1.28,1.28
Toiletries & Beauty,ASDA 20 Super Tampons with Applicator,£1.28,1.28
Toiletries & Beauty,ASDA 30 Small Soft Interdental Brushes,£3.13,3.13
Toiletries & Beauty,ASDA 5 Male 3 Blade Refill,£4.50,4.5
Toiletries & Beauty,ASDA 5 Male 3 Blade Shaving System,£4.50,4.5
Toiletries & Beauty,ASDA Classic Fragrance Anti-Dandruff Shampoo 500ml,£1.62,1.62
Toiletries & Beauty,ASDA Fresh Fragrance Anti-Dandruff Shampoo & Conditioner 500ml,£1.62,1.62
Toiletries & Beauty,ASDA Head Lice Spray 6 Months+ 120ml,£5.50,5.5
Toiletries & Beauty,ASDA Musk Body Fragrance Amber Musk 75ml,£1.00,1.0
Toiletries & Beauty,ASDA Protect by  High SPF 30 Moisturising Sun Lotion Spray 200ml,£4.00,4.0
Toiletries & Beauty,ASDA Protect by ASDA Cooling After Sun Lotion 200ml,£2.85,2.85
Toiletries & Beauty,ASDA Rechargeable Power USB Toothbrush,£14.84,14.84
Toiletries & Beauty,ASDA Unique Body Spray 150ml,£1.00,1.0
Toiletries & Beauty,Always Daily Fresh Normal Wrapped Panty Liners 20 Liners,£0.94,0.94
Toiletries & Beauty,Always Ultra Sanitary Towels Moderate Flow Day  (Size 2) Wings 11 Pads,£1.50,1.5
Toiletries & Beauty,Always Ultra Sanitary Towels Super Heavy Flow Night (Size 6) Wings 12 Pads,£3.12,3.12
Toiletries & Beauty,Ambre Solaire Ambre Solaire After Sun Tinted Tan Maintainer 200ml,£6.00,6.0
Toiletries & Beauty,Ambre Solaire Ambre Solaire Invisible Protect Sun Cream Spray SPF30 150ml,£7.00,7.0
Toiletries & Beauty,Ambre Solaire Ambre Solaire Soothing After Sun  Aloe Vera Lotion 400ml,£7.25,7.25
Toiletries & Beauty,Aoura Solar Flower Hair & Body Fragrance Mist 100ml,£4.00,4.0
Toiletries & Beauty,"Aquafresh Kids Toothbrush, Buzz On Battery Powered, Ages 6-12 Years",£7.48,7.48
Toiletries & Beauty,Arm & Hammer Charcoal White Pro Baking Soda Toothpaste 75ml,actual price£2.34,2.34
Toiletries & Beauty,Astonish Nourishment Shower Crème Moisturising Exotic Coconut 400ml,£0.97,0.97
Toiletries & Beauty,Astonish Protect + Care Anti-Bacterial Handwash Peony Bloom 600ml,£1.00,1.0
Toiletries & Beauty,Aussie 3 Minute Miracle Moisture Conditioner,£3.50,3.5
Toiletries & Beauty,Aussie Mighty Mega Lightweight Conditioner 100ml. Daily Moisturiser for All Hair Types,£2.50,2.5
Toiletries & Beauty,Aussie Mighty Mega Lightweight Conditioner 200ml. Daily Moisturiser for All Hair Types,£4.98,4.98
Toiletries & Beauty,Aussie Mighty Mega Lightweight Conditioner 275ml. Daily Moisturiser for All Hair Types,£4.00,4.0
Toiletries & Beauty,Aussie Mighty Mega Shampoo 300ml. Gently Cleansing Shampoo for Soft and Shiny Hair,£4.98,4.98
Toiletries & Beauty,Aveeno Daily Moisturising Body Lotion Moisturiser Sensitive Skin 200ml,£6.15,6.15
Toiletries & Beauty,Ayumi Naturals Pure Castor Oil,actual price£4.93,4.93
Toiletries & Beauty,Banana Boat Aloe Vera Gel 230g,£3.50,3.5
Toiletries & Beauty,Bassett's Vitamins Pregnancy+ Raspberry & Lime Flavour 30 Pastilles One-A-Day,£14.00,14.0
Toiletries & Beauty,Batiste Original Classic Fresh Dry Shampoo 350ml,£4.50,4.5
Toiletries & Beauty,"Baylis & Harding Jojoba, Vanilla & Almond Oil Luxury Travel Wash Bag Gift Set",actual price£9.24,9.24
Toiletries & Beauty,Baylis & Harding Royale Garden Luxury Hand Care Gift Set,actual price£6.60,6.6
Toiletries & Beauty,Baylis & Harding Signature Tropical Fruit Cocktail Hand Wash 500ml,£2.23,2.23
Toiletries & Beauty,Bluey Bath & Shower Bubbles 400ml,£2.08,2.08
Toiletries & Beauty,Brut Deodorant Original 200ml,£2.00,2.0
Toiletries & Beauty,Bull Dog Original Moisturiser Travel Mini 30ml,£2.50,2.5
Toiletries & Beauty,Calypso Sun Kids Disappearing Coloured Roll-On SPF50 50ml,£2.50,2.5
Toiletries & Beauty,Calypso Sun SPF 15 Medium Sun Lotion 200ml,£4.00,4.0
Toiletries & Beauty,Calypso Sun SPF 50 Scalp Protection Clear Protection Spray 50ml,£2.50,2.5
Toiletries & Beauty,Cantu Detangle Brush,£8.98,8.98
Toiletries & Beauty,Carex Editions Antibacterial Hand Wash Cherry On Top 250ml,£1.00,1.0
Toiletries & Beauty,Claire's 10 Soft Elastic Bands,£4.50,4.5
Toiletries & Beauty,Claire's 2 Black Hair Claws,£6.00,6.0
Toiletries & Beauty,Claire's Black Knit Headwrap,£6.00,6.0
Toiletries & Beauty,Claire's Denim Print Hair Claw,£5.50,5.5
Toiletries & Beauty,Claire's Extra Large Black Scrunchie,£8.00,8.0
Toiletries & Beauty,Clairol Nice'n Easy Tone + Gloss Semi Permanent Hair Dye - 550/81 Mahogany,£7.00,7.0
Toiletries & Beauty,Clairol Nice’n Easy Nice'n Easy Permanent Colour 8 Medium Blonde,£7.97,7.97
Toiletries & Beauty,Clairol Nice’n Easy Nice'n Easy Permanent Hair Dye 4 Dark Brown,£7.97,7.97
Toiletries & Beauty,Clairol Root Touch-Up Permanent Hair Dye 6 Light Brown,£6.24,6.24
Toiletries & Beauty,Clairol Root Touch-Up Permanent Hair Dye 7 Dark Blonde,£6.24,6.24
Toiletries & Beauty,Clean & Clear Deep Cleansing Lotion Face Wash Sensitive Skin 200ml,£3.30,3.3
Toiletries & Beauty,Clean & Clear Dual Action Moisturiser Face Cream 100ml,£3.30,3.3
Toiletries & Beauty,Colgate Harry Potter Sonic Kids Battery Toothbrush,actual price£6.00,6.0
Toiletries & Beauty,Colgate Kids 3-5 Years Bluey Extra Soft Manual Toothbrush x2,actual price£2.00,2.0
Toiletries & Beauty,Colgate Little Kids' Smiles 3+ Years Delicate Mint Toothpaste Travel Sized 20ml,£1.10,1.1
Toiletries & Beauty,Colgate Max White Ultra+ Sensitive Teeth Whitening Toothpaste 75ml,actual price£8.00,8.0
Toiletries & Beauty,Colgate Portable Travel Soft Manual Toothbrush,£1.50,1.5
Toiletries & Beauty,Colgate Total Active Prevention Original Travel Toothpaste 20ml,£1.50,1.5
Toiletries & Beauty,Colgate Twister Fresh Medium Manual Toothbrush 2 pack,£2.00,2.0
Toiletries & Beauty,Collection 10W Buttermilk Warm Lasting Perfection Full Coverage Foundation 27ml,£8.00,8.0
Toiletries & Beauty,Collection 8N Beige Neutral Lasting Perfection Full Coverage Foundation 27ml,£8.00,8.0
Toiletries & Beauty,Collection Gel Effect Spotlight Shine Frosted Rose 25 10.5ml,actual price£3.00,3.0
Toiletries & Beauty,Collection Glossy Butter Balm 1 Pink Frosting 8ml,£4.00,4.0
Toiletries & Beauty,Collection Glossy Butter Balm 2 Toasted Rose 8ml,£4.00,4.0
Toiletries & Beauty,Collection Glow Dewy Blush Liquid 1 Bare Rose 5ml,£4.00,4.0
Toiletries & Beauty,Collection Hydrating Lipstick Sweet Rose 28,£4.00,4.0
Toiletries & Beauty,Collection IncrediBrow Browkit,£4.50,4.5
Toiletries & Beauty,Collection Lasting Perfection 5C Fair Cool Full Coverage Foundation 27ml,£8.00,8.0
Toiletries & Beauty,Collection Lasting Perfection Concealer Ivory 3,£5.00,5.0
Toiletries & Beauty,Collection Lasting Perfection Full Coverage Foundation 27ml,£8.00,8.0
Toiletries & Beauty,Collection Lasting Perfection Shade 8W Beige Warm Full Coverage Foundation 27ml,£8.00,8.0
Toiletries & Beauty,Collection Nail Polish Remover 3in1 150ml,£2.00,2.0
Toiletries & Beauty,Collection Pressed Powder Translucent,£3.00,3.0
Toiletries & Beauty,ColourBurst Full Sized Slant Tweezer Orange,£2.44,2.44
Toiletries & Beauty,Colourless Hair Colour Remover 3 x 60ml,£9.98,9.98
Toiletries & Beauty,Cuticura Original Crisp & Fresh Anti Bacterial Hand Gel 50ml,£1.00,1.0
Toiletries & Beauty,Dove Advanced Care Invisible Dry Anti-Perspirant Aerosol 150 ml,£3.26,3.26
Toiletries & Beauty,Dove Fresh Care Anti-Perspirant Aerosol 150 ml,£2.25,2.25
Toiletries & Beauty,Dove Men+Care Advanced Sandalwood + Vanilla Anti-Perspirant Aerosol 200 ml,£4.94,4.94
Toiletries & Beauty,"Dove Men+Care FIFA Limited Collection Active Comfort 3-in-1 Hair, Face and Body Wash 400 ml",actual price£2.50,2.5
Toiletries & Beauty,"Dove Men+Care Sandalwood + Vanilla 3-in-1 Hair, Face and Body Wash 400 ml",actual price£2.50,2.5
Toiletries & Beauty,Dove Scalp + Hair Therapy Soothing Hydration Conditioner 400 ml,£5.98,5.98
Toiletries & Beauty,Dove Summer Revived Sunkissed Glow Light to Medium Gradual Tan Lotion 75 ml,actual price£2.00,2.0
Toiletries & Beauty,Dove scalp + hair therapy Density & Growth¹ Conditioner 400 ml,£5.97,5.97
Toiletries & Beauty,Dove scalp + hair therapy Density & Growth¹ Root Lift Hair Spray 100 ml,£5.00,5.0
Toiletries & Beauty,Duo Quick-Set Striplash Adhesive 7g,£6.96,6.96
Toiletries & Beauty,E45 Daily Moisturiser Body Cream for Dry & Sensitive Skin - 400ml,£8.00,8.0
Toiletries & Beauty,EcoTools Start the Day Beautifully Brush Set,£12.94,12.94
Toiletries & Beauty,Elegant Touch Brush On Nail Glue Clear 6ml,£3.00,3.0
Toiletries & Beauty,Essie 37 Lilacism Pale Purple Nail Polish 13.5ml,£7.18,7.18
Toiletries & Beauty,Essie Essie Nail 17 Muchi muchi,£7.18,7.18
Toiletries & Beauty,Essie Original Nail Polish 750 Not Red-Y for Bed Red Nail Polish 13.5ml,£7.18,7.18
Toiletries & Beauty,Eylure Volume Lashes - 103,£6.64,6.64
Toiletries & Beauty,Fixodent Ultimate No Flavour,£4.50,4.5
Toiletries & Beauty,"Garnier Hyaluron Fresh & Plump Hydrating Sorbet Cream​, with 4% Hyaluronic Acid & Niacinamide",£7.50,7.5
Toiletries & Beauty,"Garnier Hyaluron Glass Skin Jelly Sheet Mask,  4% [Glycerin, Hyaluronic Acid, Cucumber Extract]",£3.45,3.45
Toiletries & Beauty,"Garnier Micellar Water, Gentle Face Cleanser & Makeup Remover for Sensitive Skin, 700ml",£6.50,6.5
Toiletries & Beauty,"Garnier Micellar Water, Gentle face cleanser & Makeup Remover for Sensitive Skin, Travel Size 100ml",£2.25,2.25
Toiletries & Beauty,Garnier Natural Rose Cleansing Milk Sensitive Skin 200ml,£3.50,3.5
Toiletries & Beauty,Garnier Nutrisse Nutrisse 9.13 Light Ash Blonde Permanent Hair Dye,£8.50,8.5
Toiletries & Beauty,"Garnier Nutrisse Nutrisse Blonde Lift Dye, Vegan, UL3 Honey Blonde Lift, warm, sun-kissed tones.",£8.50,8.5
Toiletries & Beauty,"Garnier Nutrisse Nutrisse Ultra Color Dye, Vegan, 4.26 Ultra Violet, electrifying and bold hair appearance.",£8.50,8.5
Toiletries & Beauty,"Garnier Nutrisse Nutrisse Ultra Crème Dye, Vegan, 4 Dark Brown, deep, lustrous hair color, 8 weeks of shine.",£8.50,8.5
Toiletries & Beauty,"Garnier Nutrisse Nutrisse Ultra Crème Vegan Dye, 5.3 Golden Brown: Warm, shimmering tones, 8-week colour.",£8.50,8.5
Toiletries & Beauty,"Garnier Olia Olia 5.0 Brown: 100% Grey Coverage, No Ammonia, providing vibrant, lasting color.",£9.98,9.98
Toiletries & Beauty,"Garnier Olia Olia 6.0 Light Brown: 100% Grey Coverage, No Ammonia, for beautiful, soft color.",£9.98,9.98
Toiletries & Beauty,"Garnier Olia Olia 7.25 Vinyl Blush Red Lacquer: Intense, Shiny Reds, No Ammonia, for vibrant, deep color.",£10.00,10.0
Toiletries & Beauty,Garnier Summer Body Gradual Tan Moisturiser Light 400ml,actual price£6.00,6.0
Toiletries & Beauty,"Garnier Ultimate Blends Ultimate Blends Hair Food, Banana 3-in-1 Dry Hair Mask Treatment, 400ml",actual price£4.50,4.5
Toiletries & Beauty,"Garnier Vitamin C Brightening + Glow Boosting Face Mask, Powered with Vitamin C + Niacinamide",actual price£2.35,2.35
Toiletries & Beauty,Gillette Cool Wave Antiperspirant 70ml,£3.25,3.25
Toiletries & Beauty,Gillette Fusion5 Razor For Men,actual price£7.33,7.33
Toiletries & Beauty,Gillette Gillette  Pro ComfortGlide Sensitive Women’s Razor with a Touch of Aloe,actual price£10.50,10.5
Toiletries & Beauty,Gillette Labs With Exfoliating Bar Men’s Razor,actual price£13.50,13.5
Toiletries & Beauty,"Gillette SkinGuard Sensitive, 8 Blade Refills",actual price£19.20,19.2
Toiletries & Beauty,Glow Theory Mask Gel 100ml,£5.00,5.0
Toiletries & Beauty,Got2b got2b Glued 4 Brows & Edges Tinted Dark Brown to Black 16ml,£7.00,7.0
Toiletries & Beauty,Hawaiian Tropic Enriching After Sun Shea Body Butter 250ml,£6.25,6.25
Toiletries & Beauty,Hawaiian Tropic Glowing Protection Sunscreen Spray SPF 15 177ml,£9.00,9.0
Toiletries & Beauty,Hawaiian Tropic Glowing Protection Sunscreen Spray SPF 30 180ml,£9.00,9.0
Toiletries & Beauty,Head & Shoulders Supreme Colour Protect Anti-Dandruff Shampoo 400ml,£4.75,4.75
Toiletries & Beauty,"Herbal Essences Rose Scent Petal Soft Shampoo 350ml to Nourish Dry Hair, Silicone Free",£5.98,5.98
Toiletries & Beauty,INEOS Limited Edition Hibiscus + Coconut 53 Moisturising Hand Wash 500ml,actual price£1.50,1.5
Toiletries & Beauty,Imperial Leather Mandarin & Neroli Shower Gel 250ml,£0.98,0.98
Toiletries & Beauty,John Frieda Frizz Ease Dream Curls Shampoo 250ml,£8.98,8.98
Toiletries & Beauty,John Frieda Frizz Ease Infinite Smooth Conditioner 250ml,£7.98,7.98
Toiletries & Beauty,John Frieda Frizz Ease Infinite Smooth Shampoo 250ml,£7.98,7.98
Toiletries & Beauty,John Frieda Pro Filler+ Thickening Spray 150ml,actual price£6.65,6.65
Toiletries & Beauty,John Frieda Radiant Red Red Boosting Shampoo 250ml,actual price£5.33,5.33
Toiletries & Beauty,Kiss 28 Nude Medium Nails,£7.62,7.62
Toiletries & Beauty,"L 'Oreal L'Oreal Paris Mascara, Volume Million Lashes Panorama Mascara, Black, 9.9ml",£14.00,14.0
Toiletries & Beauty,L 'Oreal L'Oréal Men Expert  Hydra Energetic Extreme Sport 72H Anti-Perspirant Deodorant 250ml,actual price£3.25,3.25
Toiletries & Beauty,"L 'Oreal L'Oréal Men Expert Hydra Energetic 3-in-1 Shower Gel Large XXL, for Body, Face, Hair, 1L",£6.00,6.0
Toiletries & Beauty,L'Oreal Casting Casting Crème Gloss 323 Dark Chocolate,£12.25,12.25
Toiletries & Beauty,L'Oreal Casting Casting Crème Gloss 360 Black Cherry,£12.25,12.25
Toiletries & Beauty,L'Oreal Casting Casting Crème Gloss 426 Auburn,£12.25,12.25
Toiletries & Beauty,"L'Oreal Elvive L'Oreal Paris Elvive Bond Repair Conditioner, for Damaged Hair, for Deep Repair, 150ml",actual price£6.50,6.5
Toiletries & Beauty,L'Oreal Elvive L’Oréal Paris Elvive Extraordinary Oil Midnight Serum for Dry Hair 100ml,actual price£7.50,7.5
Toiletries & Beauty,"L'Oreal Excellence Excellence Créme 9.1 Light Ash Blonde: 100% Grey, enhanced quality, for a cool tone.",£12.25,12.25
Toiletries & Beauty,"L'Oreal Excellence L'Oréal Excellence 01: Neutralized Supreme Blonde, offering premium scalp care and luminous results.",£12.25,12.25
Toiletries & Beauty,"L'Oreal L'Oreal Paris Foundation True Match Liquid Foundation 2C Rose Vanilla, HA Acid & SPF 16 30ml",£12.00,12.0
Toiletries & Beauty,"L'Oreal L'Oreal Paris Foundation, Infallible 32H Fresh Wear Foundation, Shade 125 Natural Beige 9g",£14.00,14.0
Toiletries & Beauty,"L'Oreal L'Oreal Paris Infallible Brows 24H Volumising Brow Mascara- Transparent, 5ml",£11.00,11.0
Toiletries & Beauty,"L'Oreal L'Oreal Paris Mascara, Telescopic Mascara for up to 36hr Wear, Shade Black, 8ml",£12.00,12.0
Toiletries & Beauty,L'Oreal L'Oréal Studio Line Xtreme Hold Gel 150ml,£3.50,3.5
Toiletries & Beauty,"L'Oreal Men Expert L'Oréal Men Expert Carbon Protect, Anti-Perspirant Deodorant Spray, 48H, 250ml",actual price£3.25,3.25
Toiletries & Beauty,"L'Oreal Paris Elvive Fibrology Thickening Shampoo, for Fine or Thin Hair, 250ml",£2.75,2.75
Toiletries & Beauty,"L'Oreal Paris Elvive Fibrology Thickening Shampoo, for Fine or Thin Hair, 400ml",actual price£3.50,3.5
Toiletries & Beauty,L'Oreal Paris Infallible 24H Brow Filling Triangular Pencil 6.0 Dark Blonde,£10.00,10.0
Toiletries & Beauty,"L'Oreal Paris L'Oreal Paris Color Riche Intense Volume Matte, 241 Coral Irreverent",£10.00,10.0
Toiletries & Beauty,"L'Oreal Paris L'Oreal Paris Mascara, Paradise Big Deal Volumising Mascara, Shade Black, 9.9ml",£12.99,12.99
Toiletries & Beauty,L'Oreal Paris L'Oreal Paris Revitalift Filler Hyaluronic Acid Replumping Tissue Mask,£6.00,6.0
Toiletries & Beauty,"L'Oreal Paris L’Oréal Paris Collagen Expert Retightening Day Cream SPF30 with Micro Collagen Peptides, 50ml",£16.00,16.0
Toiletries & Beauty,"L'Oreal Paris L’Oréal Paris Elvive Hydra Pure 72H Purifying Shampoo, for Oily Scalp & Dehydrated Lengths, 400ml",£6.00,6.0
Toiletries & Beauty,L'Oreal Paris Paris Infallible 24H Brow Filling Triangular Pencil 5.0 Light Brunette,£10.00,10.0
Toiletries & Beauty,L'Oréal Paris Hyaluron Expert Replumping Micellar Water,£3.50,3.5
Toiletries & Beauty,"L'Oréal Paris L'Oreal Paris Setting Spray XL, Infallible Setting Mist, up to 36hr Wear, 150ml",£15.00,15.0
Toiletries & Beauty,L'Oréal Paris L’Oréal Paris Elvive Glycolic Gloss Shine Boosting Shampoo for Dull Hair 400ml,£6.00,6.0
Toiletries & Beauty,Lil-Lets Smartfit 32 Super Non-Applicator Tampons,£2.84,2.84
Toiletries & Beauty,Listerine Smart Rinse Mild Mint Mouthwash 250ml,£3.00,3.0
Toiletries & Beauty,Listerine Total Care Stay White Intense Taste Classic Mouthwash 1L,£6.38,6.38
Toiletries & Beauty,Little Soap Company Naturals Citrus & Lavender 100g,£2.75,2.75
Toiletries & Beauty,Lynx Black 3-in-1 Body Wash 225 ml,£1.43,1.43
Toiletries & Beauty,Lynx Fine Fragrance Collection Indigo Haze Premium Body Spray 150 ml,£5.95,5.95
Toiletries & Beauty,Lynx Limited Edition FIFA Africa 3-in-1 Body Wash 500 ml,£3.73,3.73
Toiletries & Beauty,Matey Bubble Bath Molly 450 ml,actual price£2.00,2.0
Toiletries & Beauty,Maybelline Lifter Gloss Plumping Hydrating Lip Gloss Hyaluronic Acid 007 Amber,£9.00,9.0
Toiletries & Beauty,Maybelline Lifter Gloss Plumping Hydrating Lip Gloss Hyaluronic Acid 009 Topaz,£9.00,9.0
Toiletries & Beauty,"Maybelline Maybelline Concealer Instant Anti Age Eraser Eye, For Dark Circles and Blemishes, 07 Sand, 6.8ml",£10.00,10.0
Toiletries & Beauty,Maybelline Maybelline Lifter Liner Lip Liner with Hyaluronic Acid - Player,£7.00,7.0
Toiletries & Beauty,"Maybelline Maybelline Lip Gloss, Lifter Gloss Hydrating Lip Gloss with Hyaluronic Acid 005 Petal, 5.4ml",£9.00,9.0
Toiletries & Beauty,"Maybelline Maybelline Mascara, Lash Sensational Sky High, Lengthening, Waterproof Black, 7.2ml",£13.00,13.0
Toiletries & Beauty,"Maybelline Maybelline Mascara, Lash Sensational Waterproof Mascara, Volumizing and Thickening, Colour: Black",£10.00,10.0
Toiletries & Beauty,Maybelline Maybelline Super Stay Ink Border (Shade: Midnight Red),£8.00,8.0
Toiletries & Beauty,Maybelline Maybelline Super Stay Ink Border (Shade: Sheer White),£8.00,8.0
Toiletries & Beauty,Maybelline Maybelline Super Stay up to 24H Skin Tint Foundation + Vitamin C* - Shade 66,£14.00,14.0
Toiletries & Beauty,Maybelline Maybelline Super Stay up to 24H Skin Tint Foundation + Vitamin C* - Shade 78,£14.00,14.0
Toiletries & Beauty,Maybelline Maybelline Superstay Matte Ink Crayon Lipstick 15 Lead The Way,£11.00,11.0
Toiletries & Beauty,Maybelline Maybelline Superstay Matte Ink Liquid Lipstick 10 Dreamer,£12.00,12.0
Toiletries & Beauty,"Maybelline New York Cloudtopia Blush Cheek & Lip Mousse Up to 14H Cheek Colour, 7 Moonlit Rose",£10.00,10.0
Toiletries & Beauty,"Maybelline New York Foundation, Lifter Plump & Glow Foundation, All Day Wear, Shade 119",£11.00,11.0
Toiletries & Beauty,Maybelline New York Oil-in-Gel Lip Gloss - Mintini,£8.00,8.0
Toiletries & Beauty,"Maybelline Primer, The Grippy Serum Makeup Primer, up-to 24H grip, 30ml",£12.00,12.0
Toiletries & Beauty,Maybelline Tattoo Brow Longlasting Peel Off Semi Permanent Eyebrow Gel Tint Medium Brown,£13.00,13.0
Toiletries & Beauty,Maybelline Tattoo Eye Liner Longlasting Quick Drying Eyeliner Gel Pencil White,£6.00,6.0
Toiletries & Beauty,Mitchum Men 48HR Protection Ice Fresh Antiperspirant & Deodorant Roll-On 100ml,actual price£2.50,2.5
Toiletries & Beauty,Monday ORIGINAL Dry Shampoo 200ml,£4.47,4.47
Toiletries & Beauty,Monday SMOOTH Conditioner 350 mL,£5.00,5.0
Toiletries & Beauty,NIVEA Blackberry Shine Lip Balm 4.80g,£3.00,3.0
Toiletries & Beauty,NIVEA MEN Hydrocare Post Shave Balm 100ml,actual price£4.57,4.57
Toiletries & Beauty,Nip+Fab Salicylic Fix Serum Extreme 2%,£10.00,10.0
Toiletries & Beauty,Nivea 72h Pearl & Beauty Anti-perspirant Mini Spray 35ml,£1.65,1.65
Toiletries & Beauty,Nivea BB Tinted Day Cream Light Skin Tone SPF15 50ml,actual price£4.12,4.12
Toiletries & Beauty,Nivea Babies & Kids Sensitive Protect Roll-On Sun Cream 50ml,actual price£6.93,6.93
Toiletries & Beauty,Nivea Caring Day Face Cream with SPF30 50ml,£1.80,1.8
Toiletries & Beauty,Nivea Caring Night Face Cream with Hyaluronic Acid 50ml,£5.50,5.5
Toiletries & Beauty,Nivea Men NIVEA  Creme 150ML,£5.04,5.04
Toiletries & Beauty,Nivea Protect & Dry Touch Invisible Sun Spray SPF30 200ml,actual price£7.92,7.92
Toiletries & Beauty,Nivea Protect & Moisture Lotion sun cream SPF30 200ml,actual price£6.90,6.9
Toiletries & Beauty,"Nivea Q10 + Vitamin C Firming Body Lotion for Normal Skin, 400ml",£9.75,9.75
Toiletries & Beauty,Nivea Q10 Anti-Wrinkle Power Extra Firming DAY Cream 50ml,£15.00,15.0
Toiletries & Beauty,Nivea Q10 Firming+ Energising Body Serum-Lotion  200ML,actual price£6.74,6.74
Toiletries & Beauty,Nivea Radiance Waterproof Eye Make-Up Remover 125ml,actual price£2.50,2.5
Toiletries & Beauty,Nivea Refreshing Night Cream 50ml,£2.48,2.48
Toiletries & Beauty,Nivea Rich Nourishing Body Lotion for Dry Skin 400ml,actual price£4.20,4.2
Toiletries & Beauty,Nivea Sun After Sun Moisture Spray 200ml,£6.00,6.0
Toiletries & Beauty,Nivea Sun Kids Protect & Care Roll-on 50ml,actual price£6.93,6.93
Toiletries & Beauty,"Olay Beauty Fluid Face & Neck Lotion , 200ml",£6.50,6.5
Toiletries & Beauty,Oral-B 3DWhite Luxe Perfection Toothpaste 2x75ml,£4.74,4.74
Toiletries & Beauty,Oral-B Allrounder Black Toothbrush x3,£1.90,1.9
Toiletries & Beauty,"Oral-B ORAL-B PRO-CLEAN PULSAR Battery-Powered Toothbrush –  Superior 5-Way Plaque Removal, 1",£4.73,4.73
Toiletries & Beauty,Oral-B Pro Kids Electric Toothbrush,£25.00,25.0
Toiletries & Beauty,Original Source Mint & Tea Tree Shower Gel Body Wash 250ml,£1.65,1.65
Toiletries & Beauty,Original Source Wake Up Call Gift Set with Shower Gel and Circular&Co Travel Mug,actual price£9.10,9.1
Toiletries & Beauty,Palmer's Cocoa Butter Formula Natural Bronze Sunless Tanning Moisturizer 250ml,£5.20,5.2
Toiletries & Beauty,Palmer's Olive Oil Formula Shine Therapy Shampoo 400ml,£4.50,4.5
Toiletries & Beauty,Palmolive Aquarium Liquid Handwash Soap 300ml,actual price£1.00,1.0
Toiletries & Beauty,Palmolive Naturals Milk & Honey Shower Gel Body Wash 600ml,£1.98,1.98
Toiletries & Beauty,Pantene Pro-V Deep Treatment 220ml,£6.50,6.5
Toiletries & Beauty,Pantene Pro-V Keratin Protect Hair Mask 300ml,£6.50,6.5
Toiletries & Beauty,Pantene Pro-V Repair & Protect Keratin Hair Oil 100ml,£3.98,3.98
Toiletries & Beauty,Pantene Silky & Glowing Conditioner with Biotin & Keratin Reconstruct 275ml,actual price£2.50,2.5
Toiletries & Beauty,Pantene Smooth & Sleek Conditioner 350ml,£6.50,6.5
Toiletries & Beauty,Pantene Smooth & Sleek Shampoo 325ml,£2.55,2.55
Toiletries & Beauty,Pears Transparent Soap Bar with Natural Oils 4 x 100g,actual price£2.77,2.77
Toiletries & Beauty,PestShield Pestshield Kids Mosquito & Insect Repellent Pump Spray 120ml,£1.99,1.99
Toiletries & Beauty,"Philips OneBlade First Shave with Anti-Friction Blade, QP1324/20",£29.99,29.99
Toiletries & Beauty,Provoke Intensive Brightening The Original Purple Shampoo 50ml,£1.50,1.5
Toiletries & Beauty,Radox Mineral Therapy Feel Nourished Shower Cream 450 ml,£2.00,2.0
Toiletries & Beauty,Radox Mineral Therapy Feel Uplifted Shower Gel 450 ml,£2.00,2.0
Toiletries & Beauty,Revlon ColorStay 7.1 Dark Ash Blonde Permanent Hair Colour,£4.98,4.98
Toiletries & Beauty,Right Guard 48 Hour Sport Anti-Perspirant 250ml,£1.86,1.86
Toiletries & Beauty,"Right Guard Men 48h Clean Antiperspirant Deodorant, 250ml",£1.86,1.86
Toiletries & Beauty,"Right Guard Women 48h Anti-Perspirant Deodorant, Pure Sensitive 250ml",£1.86,1.86
Toiletries & Beauty,Rimmel Brow This Way Professional Brow Pencil 006 Brunette 1.4g,£4.50,4.5
Toiletries & Beauty,Rimmel London 60 Seconds Super Shine by Rita Ora 300 Glaston-Berry 8ml,£4.00,4.0
Toiletries & Beauty,Rimmel London Exaggerate Liquid Eye Liner 001 Black 2.5ml,£6.00,6.0
Toiletries & Beauty,Rimmel London Multi Tasker Concealer 020 Fair 10ml,£9.00,9.0
Toiletries & Beauty,Rimmel London Multi Tasker Concealer 060 Nude 10ml,£9.00,9.0
Toiletries & Beauty,Rimmel London Multi-Tasker Concealer 050 Sand,£9.00,9.0
Toiletries & Beauty,Rimmel London Scandaleyes Reloaded Mascara 003 Extreme Black 12ml,£10.00,10.0
Toiletries & Beauty,Rimmel London Soft Kohl Kajal Eye Liner Pencil 064 Stormy Grey 1.2g,£3.00,3.0
Toiletries & Beauty,Rimmel London Super Gel French Manicure 091 English Rose 12ml,£7.00,7.0
Toiletries & Beauty,Rimmel Multi Tasker Concealer 030 Light 10ml,£9.00,9.0
Toiletries & Beauty,Rimmel Multi Tasker Concealer 040 Ivory,£9.00,9.0
Toiletries & Beauty,Rimmel Oh My Plump! Lip Shaper 010 Iconic Beige,£7.00,7.0
Toiletries & Beauty,Rimmel Oh My Plump! Lip Shaper 040 Kinda Cute,£7.00,7.0
Toiletries & Beauty,Rimmel Oh My Plump! Lip Shaper 110 Rich Cacao,£7.00,7.0
Toiletries & Beauty,Rimmel Thrill Seeker Lip Latex 200 So Peachy,£12.00,12.0
Toiletries & Beauty,Rimmel Wonder'Bond Care+Color Nail Polish 002 Tank Top 12ml,£7.00,7.0
Toiletries & Beauty,Rimmel Wonder'Bond Care+Color Nail Polish 004 What to Wear 12ml,£7.00,7.0
Toiletries & Beauty,Rimmel Wonder'Bond Care+Color Nail Polish 005 Grab and Go 12ml,£7.00,7.0
Toiletries & Beauty,Rimmel Wonder'bond Care+Color Nail Polish 003 Slip Dress 12ml,£7.00,7.0
Toiletries & Beauty,Safe + Sound Health Nit Combs with Magnifying Glass,£1.95,1.95
Toiletries & Beauty,Sanex Derma Care Invisible 48-Hour Stick Deodorant 65ml,actual price£2.00,2.0
Toiletries & Beauty,Sanex Derma Care Invisible 48h Antiperspirant Spray Deodorant 200ml,actual price£2.50,2.5
Toiletries & Beauty,Sanex Men Skin Health Active Fresh Shower Gel 400ml,£2.84,2.84
Toiletries & Beauty,Schwarzkopf LIVE Colour Moment 026 Dark Red Semi-Permanent Hair Dye,£6.50,6.5
Toiletries & Beauty,Schwarzkopf LIVE Colour Moment Spicy Rum 065 Semi-Permanent Hair Dye,£6.50,6.5
Toiletries & Beauty,Schwarzkopf LIVE Intense Colour L61 Nude Bronde Permanent Hair Dye,£6.50,6.5
Toiletries & Beauty,"Sensodyne Cavity +&nbsp;Sensitivity Toothpaste, 75ml",£4.00,4.0
Toiletries & Beauty,Sensodyne Daily Care Gentle Whitening Sensitive Toothpaste 75ml,£2.14,2.14
Toiletries & Beauty,Silvikrin Silvikrin Natural Hold Hairspray 250ml,£3.47,3.47
Toiletries & Beauty,Simple Exfoliating Face Wipes biodegradable 20 wipes,£4.00,4.0
Toiletries & Beauty,Simple Kind to Skin Face Cleansing Lotion 200 ml,actual price£2.50,2.5
Toiletries & Beauty,Simple Kind to Skin Hydrating Moisturiser 50 ml,£2.35,2.35
Toiletries & Beauty,Simple Kind to Skin SPF 50 Peptide Moisturiser 40 ml,£8.00,8.0
Toiletries & Beauty,Simple Repair+ 11% Pro-Ceramides + Omega Serum 30 ml,actual price£6.65,6.65
Toiletries & Beauty,Simple Repair+ Facial Cleanser 240 ml,actual price£6.60,6.6
Toiletries & Beauty,Simple Super Glow+ Bi-Phase Serum 30 ml,£13.00,13.0
Toiletries & Beauty,Skin Treats Cherry Lip & Eye Masks 14.5g,£1.00,1.0
Toiletries & Beauty,Skin Treats Mango Super Soothing Superfood Sheet Mask 22ml,£1.00,1.0
Toiletries & Beauty,Sunkissed Pure Glow,£25.00,25.0
Toiletries & Beauty,Sure Cotton Dry Anti-Perspirant Aerosol 200 ml,£2.25,2.25
Toiletries & Beauty,Sure Maximum Protection Invisible Anti-Perspirant Aerosol 150 ml,£3.90,3.9
Toiletries & Beauty,Sure Nonstop Protection Anti-Perspirant Aerosol Invisible Ice Fresh 250ml,£3.00,3.0
Toiletries & Beauty,Sure Women Anti-Perspirant Aerosol Bright Bouquet 150ml,£1.75,1.75
Toiletries & Beauty,Tiger Moon Body Butter Duo 50ml,£5.00,5.0
Toiletries & Beauty,Tiger Moon Caramel Bliss Body Butter 50ml,£2.50,2.5
Toiletries & Beauty,Tiger Moon Caramel Bliss Body Mist 100ml,£3.00,3.0
Toiletries & Beauty,Tiger Moon Caramel Bliss Body Mist 50ml,£2.50,2.5
Toiletries & Beauty,Tiger Moon Kind + Caring Micellar Aloe Vera Water 200ml,£2.50,2.5
Toiletries & Beauty,Tiger Moon Lychee Dream Body Mist 100ml,£3.00,3.0
Toiletries & Beauty,Tiger Moon Niacinamide Day Cream SPF 20 50ml,£4.50,4.5
Toiletries & Beauty,Tiger Moon Vanilla Orchid Body Butter 200ml,£5.00,5.0
Toiletries & Beauty,Tiger Moon Vitamin C Face Sheet Mask 20ml,£1.10,1.1
Toiletries & Beauty,Travel 3 Mesh Wash Bags,£5.00,5.0
Toiletries & Beauty,Travel Toothbrush Case,£1.00,1.0
Toiletries & Beauty,Truyu Toenail Clippers,£4.76,4.76
Toiletries & Beauty,VO5 Big Volume Mousse 193g,£5.00,5.0
Toiletries & Beauty,VO5 Matt Clay 85g,£5.00,5.0
Toiletries & Beauty,VO5 Volume Boost Gel Spray 165g,£5.00,5.0
Toiletries & Beauty,Vaseline Lip Therapy Lip Balm Tin Original 20 g,£1.25,1.25
Toiletries & Beauty,Veet 20 Expert Legs & Body Wax Strips with Almond Oil,actual price£6.00,6.0
Toiletries & Beauty,"Venus Gillette  Extra Comfort Tropical Razors, Pack Of 3",£3.50,3.5
Toiletries & Beauty,Venus Gillette  Pro ComfortGlide Coconut Scented Women’s Blades with Olay Moisturiser,actual price£18.00,18.0
Toiletries & Beauty,Venus Swirl Blades x 3,£13.00,13.0
Toiletries & Beauty,"Venus Venus Satin Care Shave Gel, Vanilla Scent, 200ml",actual price£2.33,2.33
Toiletries & Beauty,Weleda Skin Food Light 30ml,£8.94,8.94
Toiletries & Beauty,Wella Shockwaves Ultra Strong Hold Mousse 200ml,£3.24,3.24
Toiletries & Beauty,Wella Shockwaves Ultra Strong Power Hold Gel 200 ml,£3.08,3.08
Toiletries & Beauty,Wella Silvikrin Firm Hold Hairspray 250ml,£3.47,3.47
Toiletries & Beauty,Wella Silvikrin Maximum Hold Hairspray 400ml,£4.80,4.8
Toiletries & Beauty,Wet Brush Shower Detangler Glitter,£7.48,7.48
Toiletries & Beauty,Wet Ones Be Fresh Antibacterial Hand Wipes x 12,£1.25,1.25
Toiletries & Beauty,Wild Fresh Cotton & Sea Salt Antiperspirant Roll On Deodorant Refill 50ml,£5.98,5.98
Toiletries & Beauty,Xpel Hair Care Argan Oil Conditioner 300ml,£0.99,0.99
World Food,7Moon Ramen Chinese Stir-Fry Noodles 2 x 200g (400g),£1.50,1.5
World Food,Africa's Finest Plantain Fufu,£4.48,4.48
World Food,Alibi Alibi Max Crispy Bar with Rice Crisps and Caramel in Milk Chocolate 49g,actual price£0.46,0.46
World Food,Artlex Pasta 225g,£1.13,1.13
World Food,Ashoka Bombay Biryani 280g,£2.00,2.0
World Food,Carotino Better Ghee 1kg,£5.00,5.0
World Food,Ching's Secret Hot Garlic Instant Noodles 60g,£0.48,0.48
World Food,Cofresh Chana Dal Savoury Indian Snack 325g,£1.34,1.34
World Food,Cofresh Garlic Chakri Indian Savoury Rice Stick 300g,£1.87,1.87
World Food,Delphi Black Olive Houmous Dip 170g,£1.10,1.1
World Food,Dunn's River Lamb Seasoning 100g,£1.18,1.18
World Food,Elephant Atta Fine White Chapatti Flour 10kg,£12.50,12.5
World Food,Elephant Atta Wholemeal Chapatti Flour 10kg,£12.48,12.48
World Food,Excelsior Genuine Jamaican Water Crackers 220g,£1.47,1.47
World Food,Graal Mackerel Fillets in Tomato Sauce 170g,£2.00,2.0
World Food,Graal Sprat in Tomato Sauce 170g,£1.47,1.47
World Food,Gusto Cheese Corn Puffs 100g,£1.43,1.43
World Food,Gusto Paprika Corn Puffs 100g,£2.36,2.36
World Food,Indo Mie Instant Noodles Onion Chicken Flavor 70g,£1.00,1.0
World Food,Jaimin Methi Puri 200g,£1.57,1.57
World Food,Jaimin Mini Bhakarwadi 200g,£1.57,1.57
World Food,Jaimin Softy Chakli 200g,£1.57,1.57
World Food,KTC 100% Raw Organic Virgin Coconut Oil,£4.02,4.02
World Food,KTC Extended Life Vegetable Oil 3 Litre,£5.98,5.98
World Food,KTC Lime Juice 250ml,£0.98,0.98
World Food,KTC Spinach Puree in Salted Water 795g,£1.98,1.98
World Food,Ko-Lee Go Noodles Chicken Special Flavour 85g,£0.54,0.54
World Food,"Kubus 100% Fruits Mousse Apple, Watermelon, Chokeberry 100g",£0.84,0.84
World Food,"Kubus Banana, Apple Mousse 100g",£0.85,0.85
World Food,"Kubus Strawberry, Apple, Banana, Carrot Mousse 100g",£0.85,0.85
World Food,Laciate Junior UHT Milk 1L,£1.38,1.38
World Food,Laila Red Split Lentils 2kg,£4.50,4.5
World Food,Madinah Delight Khudri Dates 450g,£2.50,2.5
World Food,Mae Ploy Green Curry Paste,£2.20,2.2
World Food,Melis Chicken Sausages 500g,£2.25,2.25
World Food,Melis Pastirma Turkish Style Spicy Cured Beef 80g,£2.50,2.5
World Food,Melis Roasted Red Peppers 680g,£2.81,2.81
World Food,Mlekpol Salami Cheese in Slices 150g,£1.60,1.6
World Food,Morliny Berlinki Classic Hotdogs 250g,£1.62,1.62
World Food,Oshee Vitamin Water Lemon-Orange Flavour 555ml,£1.36,1.36
World Food,Parle 79.9g,£0.48,0.48
World Food,Pimlico Confectioners Galactic Mix 450g,£2.48,2.48
World Food,Pudliszki Double Concentrated Tomato Puree 190g,actual price£1.33,1.33
World Food,Rajah Garlic Powder Seasoning 100g,£1.42,1.42
World Food,Rajah Green Cardamoms Whole Spices 200g,£9.00,9.0
World Food,Regal Bakery Classic Deluxe Madeira 590g,£3.50,3.5
World Food,Regal Strawberry Flavour Candy Floss 50g,£2.00,2.0
World Food,Shan Super BBQ Spice Chicken Tikka 50g,£1.18,1.18
World Food,Shan Tandoori Masala Recipe & Seasoning Mix 50g,£1.18,1.18
World Food,Snack Treat Crunchy Sesame Bar 45g,£0.68,0.68
World Food,Thai Dragon Sriracha Hot Chilli Sauce 455ml,£2.48,2.48
World Food,Thums Up Sparkling Soft Drink with Caffeine 300ml,£0.94,0.94
World Food,Tottenham Goalie Gloves,£10.00,10.0
World Food,Tropical Sun Cornmeal Fine (Polenta) 500g,£1.00,1.0
World Food,Zaad Sliced Mortadella 200g,£1.10,1.1
